"Gene_ID","Orthogroup","log2FoldChange","adjusted_pvalue","eggNOG_ortholog","GO_terms","KEGG_ko","KEGG_pathway","COG_category","Description"
"LOC101258756","OG0000900",-3.2642298248768,4.83181278115264e-27,"4081.Solyc06g007980.2.1","","ko:K05841","","CG","Sterol 3-beta-glucosyltransferase UGT80A2-like"
"LOC101256986","OG0000005",-4.97803931284695,7.92841194423069e-26,"4081.Solyc07g008600.1.1","GO:0006950,GO:0006952,GO:0008150,GO:0009605,GO:0009607,GO:0009620,GO:0043207,GO:0050832,GO:0050896,GO:0051704,GO:0051707,GO:0098542","ko:K13466","ko04626,map04626","S","EIX receptor 1"
"LOC101267354","OG0001757",1.6878262473907,1.81766714944007e-13,"4081.Solyc01g100240.2.1","GO:0001666,GO:0002229,GO:0002237,GO:0002239,GO:0002376,GO:0002682,GO:0002831,GO:0003674,GO:0003676,GO:0003677,GO:0003700,GO:0005488,GO:0005515,GO:0005516,GO:0005575,GO:0005622,GO:0005623,GO:0005634,GO:0006082,GO:0006355,GO:0006725,GO:0006950,GO:0006952,GO:0006955,GO:0008150,GO:0008152,GO:0009058,GO:0009314,GO:0009411,GO:0009416,GO:0009605,GO:0009607,GO:0009617,GO:0009620,GO:0009628,GO:0009696,GO:0009697,GO:0009787,GO:0009789,GO:0009814,GO:0009816,GO:0009889,GO:0009966,GO:0009967,GO:0009987,GO:0010033,GO:0010112,GO:0010224,GO:0010337,GO:0010468,GO:0010556,GO:0010565,GO:0010646,GO:0010647,GO:0010817,GO:0016053,GO:0016999,GO:0017000,GO:0017144,GO:0018958,GO:0019219,GO:0019222,GO:0019438,GO:0019752,GO:0023051,GO:0023056,GO:0031323,GO:0031326,GO:0031347,GO:0032101,GO:0032350,GO:0032787,GO:0033554,GO:0036293,GO:0036294,GO:0042221,GO:0042445,GO:0042446,GO:0042537,GO:0042742,GO:0043207,GO:0043226,GO:0043227,GO:0043229,GO:0043231,GO:0043436,GO:0043565,GO:0043900,GO:0044237,GO:0044249,GO:0044281,GO:0044283,GO:0044424,GO:0044464,GO:0045087,GO:0045088,GO:0046189,GO:0046394,GO:0046885,GO:0048518,GO:0048522,GO:0048583,GO:0048584,GO:0050776,GO:0050789,GO:0050794,GO:0050896,GO:0051171,GO:0051252,GO:0051704,GO:0051707,GO:0051716,GO:0060255,GO:0062012,GO:0065007,GO:0065008,GO:0070482,GO:0070887,GO:0071216,GO:0071219,GO:0071453,GO:0071456,GO:0071704,GO:0072330,GO:0080090,GO:0080134,GO:0080142,GO:0097159,GO:0098542,GO:0140110,GO:1901360,GO:1901362,GO:1901363,GO:1901419,GO:1901421,GO:1901576,GO:1901615,GO:1901617,GO:1902584,GO:1903506,GO:1905957,GO:1905959,GO:2000070,GO:2000112,GO:2001141","","","S","Calmodulin binding protein-like"
"LOC104646926","OG0013919;OG0018056",3.36628768280846,1.77688796610218e-11,"4096.XP_009759823.1","","ko:K00128","ko00010,ko00053,ko00071,ko00280,ko00310,ko00330,ko00340,ko00380,ko00410,ko00561,ko00620,ko00625,ko00903,ko00981,ko01100,ko01110,ko01120,ko01130,map00010,map00053,map00071,map00280,map00310,map00330,map00340,map00380,map00410,map00561,map00620,map00625,map00903,map00981,map01100,map01110,map01120,map01130","C","Belongs to the aldehyde dehydrogenase family"
"LOC101268233","OG0002920",2.18816232424506,1.85880653700774e-09,"4081.Solyc10g055740.1.1","GO:0003333,GO:0003674,GO:0005215,GO:0005342,GO:0006810,GO:0006811,GO:0006820,GO:0006865,GO:0008150,GO:0008509,GO:0008514,GO:0015075,GO:0015171,GO:0015318,GO:0015711,GO:0015849,GO:0022857,GO:0034220,GO:0046942,GO:0046943,GO:0051179,GO:0051234,GO:0055085,GO:0071702,GO:0071705,GO:0098656,GO:1903825,GO:1905039","","","E","Lysine histidine transporter-like 8"
"LOC101264228",NA,2.02089617948482,1.57905787781289e-08,NA,NA,NA,NA,NA,NA
"WRKY46","OG0001639",2.91923255274361,1.86211783286792e-07,"4081.Solyc08g067340.2.1","","","","K","DNA binding domain"
"LOC101244925","OG0000145",3.56659489013113,1.88679071014518e-07,"4081.Solyc02g062550.2.1","GO:0001101,GO:0002237,GO:0002376,GO:0003674,GO:0003824,GO:0005488,GO:0005515,GO:0005575,GO:0005622,GO:0005623,GO:0005737,GO:0005739,GO:0005740,GO:0005741,GO:0005743,GO:0006950,GO:0006952,GO:0006955,GO:0006970,GO:0006996,GO:0007005,GO:0007154,GO:0007165,GO:0008150,GO:0008219,GO:0009314,GO:0009411,GO:0009416,GO:0009605,GO:0009607,GO:0009617,GO:0009626,GO:0009628,GO:0009651,GO:0009719,GO:0009725,GO:0009751,GO:0009863,GO:0009987,GO:0010033,GO:0012501,GO:0014070,GO:0016020,GO:0016043,GO:0016462,GO:0016787,GO:0016817,GO:0016818,GO:0016887,GO:0017004,GO:0017062,GO:0017111,GO:0019866,GO:0019867,GO:0022607,GO:0023052,GO:0031090,GO:0031966,GO:0031967,GO:0031968,GO:0031975,GO:0032870,GO:0033108,GO:0033554,GO:0034050,GO:0034551,GO:0034622,GO:0035690,GO:0042221,GO:0042493,GO:0042623,GO:0042802,GO:0043207,GO:0043226,GO:0043227,GO:0043229,GO:0043231,GO:0043933,GO:0044085,GO:0044422,GO:0044424,GO:0044429,GO:0044444,GO:0044446,GO:0044464,GO:0045087,GO:0046677,GO:0050789,GO:0050794,GO:0050896,GO:0051704,GO:0051707,GO:0051716,GO:0065003,GO:0065007,GO:0070887,GO:0071229,GO:0071236,GO:0071310,GO:0071407,GO:0071446,GO:0071495,GO:0071840,GO:0098588,GO:0098805,GO:1901700,GO:1901701","ko:K08900","","O","Domain associated at C-terminal with AAA"
"LOC101260531","OG0000347",1.64516646602749,1.20596454361069e-06,"4081.Solyc04g079250.2.1","","","","I","Lipolytic acyl hydrolase (LAH)"
"JRE4","OG0000431",-1.14903630591637,1.20596454361069e-06,"4081.Solyc01g090340.2.1","","ko:K09286,ko:K14517","ko04075,map04075","K","ethylene-responsive transcription factor"
"UGT76E1","OG0000111",-3.12338993546166,2.692788579197e-06,"4081.Solyc10g085230.1.1","GO:0003674,GO:0003824,GO:0008194,GO:0016740,GO:0016757,GO:0016758,GO:0035251,GO:0046527,GO:0047254","ko:K07408,ko:K13227,ko:K13493","ko00140,ko00380,ko00402,ko00830,ko00908,ko00980,ko01100,ko01110,ko04913,ko05204,map00140,map00380,map00402,map00830,map00908,map00980,map01100,map01110,map04913,map05204","CG","Belongs to the UDP-glycosyltransferase family"
"LOC101266616","OG0000104",2.8138169935761,3.30689083176221e-06,"4113.PGSC0003DMT400075447","","","","I","resistance"
"LOC101251005","OG0002385",2.46123697244238,3.30689083176221e-06,"4081.Solyc07g056200.2.1","","","","L","transposition, RNA-mediated"
"ERF-A2","OG0000431",2.10680125451134,3.69833284262533e-06,"4081.Solyc03g093610.1.1","","ko:K09286,ko:K13432,ko:K14517","ko04075,ko04626,map04075,map04626","K","Transcription factor"
"LOC101268445","OG0008904",3.13646345850859,9.91517954122443e-06,"4081.Solyc02g089630.2.1","GO:0000166,GO:0001101,GO:0003674,GO:0003824,GO:0004657,GO:0005488,GO:0005575,GO:0005622,GO:0005623,GO:0005737,GO:0005739,GO:0006082,GO:0006520,GO:0006536,GO:0006560,GO:0006562,GO:0006807,GO:0006950,GO:0006952,GO:0006970,GO:0006979,GO:0008150,GO:0008152,GO:0009056,GO:0009063,GO:0009064,GO:0009065,GO:0009414,GO:0009415,GO:0009605,GO:0009607,GO:0009617,GO:0009628,GO:0009987,GO:0010035,GO:0010133,GO:0016054,GO:0016491,GO:0016645,GO:0019752,GO:0036094,GO:0042221,GO:0042742,GO:0043167,GO:0043168,GO:0043207,GO:0043226,GO:0043227,GO:0043229,GO:0043231,GO:0043436,GO:0043648,GO:0044237,GO:0044238,GO:0044248,GO:0044281,GO:0044282,GO:0044424,GO:0044444,GO:0044464,GO:0046395,GO:0046483,GO:0046700,GO:0048037,GO:0050660,GO:0050662,GO:0050896,GO:0051704,GO:0051707,GO:0055114,GO:0071704,GO:0071949,GO:0097159,GO:0098542,GO:1901265,GO:1901360,GO:1901361,GO:1901363,GO:1901564,GO:1901565,GO:1901575,GO:1901605,GO:1901606,GO:1901700","ko:K00318","ko00330,ko01100,ko01110,ko01130,map00330,map01100,map01110,map01130","E","Proline dehydrogenase"
"LOC101267733","OG0001245",1.18591020544825,1.03919895705239e-05,"4081.Solyc09g008010.2.1","","","","T","Protein kinase domain"
"LOC101246690","OG0000042",3.49072724192917,1.84741613619696e-05,"4096.XP_009790150.1","","ko:K15503","","L","isoform X1"
"LOC101250756","OG0007198",1.84775793763261,1.84741613619696e-05,"4081.Solyc02g091700.2.1","GO:0005575,GO:0005623,GO:0005886,GO:0016020,GO:0044464,GO:0071944","","","S","At5g65660-like"
"LOC101257026","OG0003700",3.58429189062847,1.88081588905838e-05,"4081.Solyc01g091590.2.1","","","","S","Protein kinase C conserved region 2 (CalB)"
"THT1-4","OG0016636",2.03124050346935,2.44376090485045e-05,"4081.Solyc08g068770.1.1","","ko:K22246","","E","Tyramine"
"LOC101255079","OG0019143",2.35444604643792,2.58575496963511e-05,"4081.Solyc03g113980.2.1","","","","S","Calmodulin binding protein-like"
"LOC101256480","OG0000500",-1.11638493129506,3.36540065846601e-05,"4113.PGSC0003DMT400030503","GO:0001101,GO:0003674,GO:0003824,GO:0005575,GO:0005622,GO:0005623,GO:0008150,GO:0008152,GO:0008194,GO:0009058,GO:0009718,GO:0009719,GO:0009725,GO:0009735,GO:0009753,GO:0009812,GO:0009813,GO:0009987,GO:0010033,GO:0016137,GO:0016740,GO:0016757,GO:0016758,GO:0016763,GO:0032870,GO:0035251,GO:0035252,GO:0042221,GO:0042285,GO:0042440,GO:0043226,GO:0043227,GO:0043229,GO:0043231,GO:0044424,GO:0044464,GO:0046148,GO:0046283,GO:0046527,GO:0050896,GO:0051716,GO:0070887,GO:0071229,GO:0071310,GO:0071368,GO:0071395,GO:0071495,GO:0071704,GO:0080043,GO:0080044,GO:1901038,GO:1901135,GO:1901576,GO:1901657,GO:1901700,GO:1901701,GO:1901804","ko:K17193","ko00942,map00942","CG","Belongs to the UDP-glycosyltransferase family"
"LOC101250021",NA,2.00792112978734,3.46521819601099e-05,NA,NA,NA,NA,NA,NA
"LOC101245158","OG0009437",2.67611398398995,4.84738199352052e-05,"4081.Solyc04g079760.2.1","","","","S","Uncharacterized protein family, UPF0114"
"LOC101251977","OG0000018",1.54861868746981,4.84738199352052e-05,"4081.Solyc04g077270.2.1","","","","T","G-type lectin S-receptor-like serine threonine-protein kinase At4g27290"
"Lehsr203","OG0005887",1.5724859244433,5.63288055855129e-05,"4081.Solyc02g069800.1.1","","","","V","alpha/beta hydrolase fold"
"WRKY81","OG0001216",1.38897649600052,5.63288055855129e-05,"4081.Solyc09g015770.2.1","GO:0001101,GO:0002218,GO:0002252,GO:0002253,GO:0002376,GO:0002682,GO:0002684,GO:0003674,GO:0003700,GO:0006355,GO:0006950,GO:0006952,GO:0006955,GO:0007154,GO:0007165,GO:0008150,GO:0009605,GO:0009607,GO:0009617,GO:0009620,GO:0009627,GO:0009682,GO:0009719,GO:0009725,GO:0009751,GO:0009753,GO:0009755,GO:0009814,GO:0009862,GO:0009863,GO:0009864,GO:0009867,GO:0009889,GO:0009890,GO:0009892,GO:0009987,GO:0010033,GO:0010200,GO:0010243,GO:0010468,GO:0010556,GO:0010558,GO:0010605,GO:0010629,GO:0014070,GO:0019219,GO:0019222,GO:0023052,GO:0031323,GO:0031324,GO:0031326,GO:0031327,GO:0031347,GO:0031349,GO:0032870,GO:0035690,GO:0042221,GO:0042493,GO:0042742,GO:0043207,GO:0045087,GO:0045088,GO:0045089,GO:0045892,GO:0045934,GO:0046677,GO:0048518,GO:0048519,GO:0048523,GO:0048583,GO:0048584,GO:0048831,GO:0050776,GO:0050778,GO:0050789,GO:0050793,GO:0050794,GO:0050832,GO:0050896,GO:0051093,GO:0051171,GO:0051172,GO:0051239,GO:0051241,GO:0051252,GO:0051253,GO:0051704,GO:0051707,GO:0051716,GO:0060255,GO:0065007,GO:0070887,GO:0071229,GO:0071236,GO:0071310,GO:0071395,GO:0071407,GO:0071446,GO:0071495,GO:0080090,GO:0080134,GO:0098542,GO:0140110,GO:1900055,GO:1900056,GO:1901698,GO:1901700,GO:1901701,GO:1902679,GO:1903506,GO:1903507,GO:1905622,GO:2000024,GO:2000026,GO:2000112,GO:2000113,GO:2001141","","","K","WRKY transcription factor"
"WRKY41","OG0001716",1.35452760194706,6.78311185185795e-05,"4081.Solyc01g095630.2.1","","","","K","WRKY transcription factor"
"LOC101248759","OG0008661",1.93211514203191,6.86200228894748e-05,"4081.Solyc03g119250.2.1","GO:0002229,GO:0002237,GO:0002239,GO:0002682,GO:0002831,GO:0002833,GO:0003674,GO:0003676,GO:0003677,GO:0003700,GO:0005488,GO:0005575,GO:0005622,GO:0005623,GO:0005634,GO:0006355,GO:0006950,GO:0006952,GO:0008150,GO:0009314,GO:0009411,GO:0009416,GO:0009605,GO:0009607,GO:0009617,GO:0009628,GO:0009889,GO:0009987,GO:0010033,GO:0010112,GO:0010224,GO:0010337,GO:0010468,GO:0010556,GO:0010565,GO:0010817,GO:0019219,GO:0019222,GO:0031323,GO:0031326,GO:0031347,GO:0031349,GO:0032101,GO:0032103,GO:0032350,GO:0042221,GO:0042742,GO:0043207,GO:0043226,GO:0043227,GO:0043229,GO:0043231,GO:0043565,GO:0043900,GO:0043902,GO:0044424,GO:0044464,GO:0045088,GO:0046885,GO:0048518,GO:0048583,GO:0048584,GO:0050776,GO:0050789,GO:0050794,GO:0050896,GO:0051171,GO:0051252,GO:0051704,GO:0051707,GO:0051716,GO:0060255,GO:0062012,GO:0065007,GO:0065008,GO:0071216,GO:0071219,GO:0080090,GO:0080134,GO:0080142,GO:0097159,GO:0098542,GO:0140110,GO:1900424,GO:1900426,GO:1901363,GO:1903506,GO:2000112,GO:2001141","","","S","Calmodulin binding protein-like"
"LOC101253669","OG0001092",1.64367770439191,6.86200228894748e-05,"4081.Solyc03g044900.2.1","GO:0003674,GO:0005488,GO:0005509,GO:0043167,GO:0043169,GO:0046872","ko:K13448","ko04626,map04626","T","EF-hand domain pair"
"LOC101251882","OG0002920",1.35070269663283,6.86200228894748e-05,"4113.PGSC0003DMT400025813","","","","E","Lysine histidine"
"LOC104645999","OG0002424",3.2681344592162,7.68076678154716e-05,"4081.Solyc02g091250.1.1","","","","",""
"LOC109120156",NA,1.89784551191785,0.000116785831545222,NA,NA,NA,NA,NA,NA
"LOC101259504","OG0012793",1.08988396961678,0.000125940045440969,"4081.Solyc02g077780.2.1","GO:0002376,GO:0006950,GO:0006952,GO:0006955,GO:0006970,GO:0008150,GO:0008219,GO:0009626,GO:0009628,GO:0009651,GO:0009987,GO:0010337,GO:0010565,GO:0010817,GO:0012501,GO:0019222,GO:0031323,GO:0032350,GO:0033036,GO:0033037,GO:0033554,GO:0034050,GO:0045087,GO:0050789,GO:0050794,GO:0050896,GO:0051179,GO:0051716,GO:0052542,GO:0052545,GO:0062012,GO:0065007,GO:0065008","","","S","MAC/Perforin domain"
"LOC101244203","OG0011464",-2.10015880022518,0.000137731024942244,"4113.PGSC0003DMT400035273","","","","",""
"LOC101262623","OG0001977",-1.2557080366795,0.000137731024942244,"4081.Solyc06g075170.1.1","","","","S","Senescence regulator"
"LOC101255509","OG0014267",1.36665204962528,0.000180961030568946,"4081.Solyc07g053550.1.1","GO:0001101,GO:0007154,GO:0007165,GO:0008150,GO:0009719,GO:0009725,GO:0009751,GO:0009753,GO:0009755,GO:0009863,GO:0009867,GO:0009987,GO:0010033,GO:0014070,GO:0023052,GO:0032870,GO:0035690,GO:0042221,GO:0042493,GO:0046677,GO:0050789,GO:0050794,GO:0050896,GO:0051716,GO:0065007,GO:0070887,GO:0071229,GO:0071236,GO:0071310,GO:0071395,GO:0071407,GO:0071446,GO:0071495,GO:1901700,GO:1901701","ko:K03676","","O","Glutaredoxin"
"LOC543684","OG0002205",2.74009721945545,0.000196079832231411,"4081.Solyc06g062920.2.1","","ko:K04733","ko04010,ko04064,ko04620,ko04621,ko04624,ko04722,ko05133,ko05140,ko05142,ko05145,ko05152,ko05162,ko05164,map04010,map04064,map04620,map04621,map04624,map04722,map05133,map05140,map05142,map05145,map05152,map05162,map05164","T","Auxin-regulated dual specificity cytosolic kinase"
"LOC101262529","OG0002346",2.25173758460515,0.000197234458882062,"4081.Solyc06g074420.1.1","","ko:K20624","","IQ","Cytochrome p450"
"LOC101246876","OG0013039",1.50537727340568,0.00021426050269478,"4081.Solyc10g076480.1.1","GO:0003674,GO:0005215,GO:0005575,GO:0005623,GO:0005886,GO:0005911,GO:0006810,GO:0006811,GO:0006812,GO:0008150,GO:0008324,GO:0008519,GO:0009506,GO:0009605,GO:0009607,GO:0009624,GO:0015075,GO:0015291,GO:0015398,GO:0015696,GO:0016020,GO:0022804,GO:0022857,GO:0030054,GO:0034220,GO:0043207,GO:0044464,GO:0050896,GO:0051179,GO:0051234,GO:0051704,GO:0051707,GO:0055044,GO:0055085,GO:0071705,GO:0071944,GO:0072488,GO:0098655","ko:K03320","","P","Ammonium transporter"
"LOC104647416",NA,5.73099864206617,0.000245649293376109,NA,NA,NA,NA,NA,NA
"LOC101249625",NA,2.23466226681754,0.000264635473151267,"4081.Solyc03g115930.1.1","","ko:K02183","ko04014,ko04015,ko04016,ko04020,ko04022,ko04024,ko04070,ko04114,ko04218,ko04261,ko04270,ko04371,ko04626,ko04713,ko04720,ko04722,ko04728,ko04740,ko04744,ko04745,ko04750,ko04910,ko04912,ko04915,ko04916,ko04921,ko04922,ko04924,ko04925,ko04970,ko04971,ko05010,ko05031,ko05034,ko05133,ko05152,ko05167,ko05200,ko05214,ko05418,map04014,map04015,map04016,map04020,map04022,map04024,map04070,map04114,map04218,map04261,map04270,map04371,map04626,map04713,map04720,map04722,map04728,map04740,map04744,map04745,map04750,map04910,map04912,map04915,map04916,map04921,map04922,map04924,map04925,map04970,map04971,map05010,map05031,map05034,map05133,map05152,map05167,map05200,map05214,map05418","T","EF-hand domain"
"Ve1","OG0000058",1.19664377917133,0.000336386647497605,"4081.Solyc09g005090.1.1","GO:0008150,GO:0009888,GO:0010073,GO:0032501,GO:0032502,GO:0048507,GO:0048856","","","S","disease resistance protein"
"LOC101259996","OG0000970",1.41961304655756,0.000354431420862634,"4081.Solyc10g086280.1.1","GO:0003674,GO:0005488,GO:0005507,GO:0005575,GO:0005622,GO:0005623,GO:0005737,GO:0006810,GO:0006811,GO:0006812,GO:0006873,GO:0006875,GO:0008150,GO:0009987,GO:0019725,GO:0030001,GO:0030003,GO:0042592,GO:0043167,GO:0043169,GO:0044424,GO:0044464,GO:0046872,GO:0046914,GO:0046916,GO:0048878,GO:0050801,GO:0051179,GO:0051234,GO:0055065,GO:0055076,GO:0055080,GO:0055082,GO:0065007,GO:0065008,GO:0098771","","","P","Heavy-metal-associated domain"
"LOC101255977","OG0024133",2.4967392214099,0.000374007915762564,"4081.Solyc03g113940.2.1","","","","S","Calmodulin binding protein-like"
"LOC101245202","OG0011031",2.48935808298657,0.000374007915762564,"4081.Solyc09g083360.2.1","GO:0001101,GO:0003674,GO:0003700,GO:0005575,GO:0005622,GO:0005623,GO:0005634,GO:0006355,GO:0006950,GO:0008150,GO:0009414,GO:0009415,GO:0009628,GO:0009889,GO:0010035,GO:0010468,GO:0010556,GO:0019219,GO:0019222,GO:0031323,GO:0031326,GO:0042221,GO:0043226,GO:0043227,GO:0043229,GO:0043231,GO:0044424,GO:0044464,GO:0050789,GO:0050794,GO:0050896,GO:0051171,GO:0051252,GO:0060255,GO:0065007,GO:0080090,GO:0140110,GO:1901700,GO:1903506,GO:2000112,GO:2001141","","","K","helix loop helix domain"
"LOC101259275","OG0005784",1.68444007895455,0.000374007915762564,"4081.Solyc08g078510.2.1","","","","S","domain in glucosyltransferases, myotubularins and other putative membrane-associated proteins"
"LOC101256329","OG0012938",-1.20365231305632,0.000386577519649746,"4081.Solyc01g098570.2.1","","","","S","Fantastic Four meristem regulator"
"DREB3","OG0004026",1.09841901879334,0.000387504724493072,"4113.PGSC0003DMT400024508","GO:0000160,GO:0001101,GO:0003674,GO:0003676,GO:0003677,GO:0003700,GO:0005488,GO:0005575,GO:0005622,GO:0005623,GO:0005634,GO:0006355,GO:0006950,GO:0006970,GO:0007154,GO:0007165,GO:0008150,GO:0009266,GO:0009314,GO:0009409,GO:0009414,GO:0009415,GO:0009416,GO:0009611,GO:0009628,GO:0009651,GO:0009719,GO:0009723,GO:0009725,GO:0009735,GO:0009736,GO:0009755,GO:0009873,GO:0009889,GO:0009987,GO:0010033,GO:0010035,GO:0010468,GO:0010556,GO:0019219,GO:0019222,GO:0023052,GO:0031323,GO:0031326,GO:0032870,GO:0033554,GO:0035556,GO:0042221,GO:0043226,GO:0043227,GO:0043229,GO:0043231,GO:0043565,GO:0044424,GO:0044464,GO:0045595,GO:0050789,GO:0050793,GO:0050794,GO:0050896,GO:0051171,GO:0051252,GO:0051716,GO:0060255,GO:0065007,GO:0070887,GO:0071214,GO:0071310,GO:0071368,GO:0071369,GO:0071470,GO:0071472,GO:0071495,GO:0080090,GO:0097159,GO:0104004,GO:0140110,GO:1901363,GO:1901700,GO:1903506,GO:2000112,GO:2001141","ko:K09286","","K","DNA-binding domain in plant proteins such as APETALA2 and EREBPs"
"LOC101262356","OG0000090",1.67165300546333,0.000397546654614267,"4081.Solyc01g100010.2.1","GO:0003674,GO:0005488,GO:0005575,GO:0005622,GO:0005623,GO:0005634,GO:0005737,GO:0030246,GO:0043226,GO:0043227,GO:0043229,GO:0043231,GO:0044424,GO:0044464","","","S","Phloem protein 2"
"WRKY80","OG0004429",1.47823322114939,0.000403758277875022,"4081.Solyc03g095770.2.1","","","","K","DNA binding domain"
"LOC101252202","OG0012811",-2.30222780881817,0.000408810025636081,"4081.Solyc07g064410.1.1","GO:0000209,GO:0003674,GO:0003824,GO:0004842,GO:0005488,GO:0005515,GO:0005575,GO:0005622,GO:0005623,GO:0005737,GO:0005783,GO:0006082,GO:0006464,GO:0006508,GO:0006511,GO:0006629,GO:0006631,GO:0006633,GO:0006636,GO:0006644,GO:0006650,GO:0006793,GO:0006796,GO:0006807,GO:0006950,GO:0008150,GO:0008152,GO:0008610,GO:0009056,GO:0009057,GO:0009058,GO:0009507,GO:0009526,GO:0009536,GO:0009628,GO:0009941,GO:0009987,GO:0010033,GO:0010243,GO:0010498,GO:0012505,GO:0016020,GO:0016053,GO:0016491,GO:0016567,GO:0016705,GO:0016740,GO:0019538,GO:0019637,GO:0019752,GO:0019787,GO:0019899,GO:0019941,GO:0030163,GO:0030433,GO:0031090,GO:0031625,GO:0031967,GO:0031969,GO:0031975,GO:0032446,GO:0032787,GO:0033554,GO:0033559,GO:0034976,GO:0036211,GO:0036503,GO:0042170,GO:0042221,GO:0043161,GO:0043170,GO:0043226,GO:0043227,GO:0043229,GO:0043231,GO:0043412,GO:0043436,GO:0043632,GO:0044237,GO:0044238,GO:0044248,GO:0044249,GO:0044255,GO:0044257,GO:0044260,GO:0044265,GO:0044267,GO:0044281,GO:0044283,GO:0044389,GO:0044422,GO:0044424,GO:0044434,GO:0044435,GO:0044444,GO:0044446,GO:0044464,GO:0046394,GO:0046471,GO:0046486,GO:0050896,GO:0051603,GO:0051716,GO:0052637,GO:0055114,GO:0061630,GO:0061659,GO:0070647,GO:0071704,GO:0072330,GO:0080167,GO:0140096,GO:1901564,GO:1901565,GO:1901575,GO:1901576,GO:1901698","ko:K20417","","O","B domain of TMEM189, localisation domain"
"LOC101257064","OG0000065",1.24589833718694,0.000473127651177675,"4081.Solyc04g014900.2.1","","ko:K04730,ko:K04733,ko:K13420","ko04010,ko04016,ko04064,ko04620,ko04621,ko04624,ko04626,ko04722,ko05133,ko05140,ko05142,ko05145,ko05152,ko05162,ko05164,ko05169,map04010,map04016,map04064,map04620,map04621,map04624,map04626,map04722,map05133,map05140,map05142,map05145,map05152,map05162,map05164,map05169","T","Serine-threonine protein kinase, plant-type"
"LOC101268603","OG0000935",3.78252699927655,0.00047629866318157,"4081.Solyc01g007000.2.1","GO:0001101,GO:0003674,GO:0003824,GO:0004842,GO:0005575,GO:0005622,GO:0005623,GO:0005737,GO:0005829,GO:0006464,GO:0006807,GO:0006950,GO:0008150,GO:0008152,GO:0009414,GO:0009415,GO:0009628,GO:0009987,GO:0010033,GO:0010035,GO:0010200,GO:0010243,GO:0016567,GO:0016740,GO:0019538,GO:0019787,GO:0032446,GO:0036211,GO:0042221,GO:0042493,GO:0043170,GO:0043412,GO:0044237,GO:0044238,GO:0044260,GO:0044267,GO:0044424,GO:0044444,GO:0044464,GO:0050896,GO:0051865,GO:0070647,GO:0071704,GO:0140096,GO:1901564,GO:1901698,GO:1901700","","","H","RING-type E3 ubiquitin transferase"
"CBF1","OG0001620",3.60052582683176,0.00047629866318157,"4081.Solyc03g026280.2.1","GO:0001101,GO:0003674,GO:0003676,GO:0003677,GO:0003700,GO:0005488,GO:0006082,GO:0006355,GO:0006790,GO:0006807,GO:0006950,GO:0008150,GO:0008152,GO:0009266,GO:0009409,GO:0009414,GO:0009415,GO:0009628,GO:0009631,GO:0009889,GO:0009891,GO:0009893,GO:0009987,GO:0010035,GO:0010468,GO:0010556,GO:0010557,GO:0010604,GO:0010628,GO:0016143,GO:0019219,GO:0019222,GO:0019748,GO:0019757,GO:0019760,GO:0031323,GO:0031325,GO:0031326,GO:0031328,GO:0042221,GO:0043436,GO:0043565,GO:0044237,GO:0044281,GO:0045893,GO:0045935,GO:0048518,GO:0048522,GO:0050789,GO:0050794,GO:0050896,GO:0051171,GO:0051173,GO:0051252,GO:0051254,GO:0060255,GO:0065007,GO:0071704,GO:0080090,GO:0097159,GO:0140110,GO:1901135,GO:1901363,GO:1901564,GO:1901657,GO:1901700,GO:1902680,GO:1903506,GO:1903508,GO:2000112,GO:2001141","ko:K09286","","K","Dehydration-responsive element-binding protein"
"LOC101245233",NA,2.05100630166507,0.00047629866318157,"4081.Solyc03g093890.2.1","GO:0000981,GO:0000988,GO:0000989,GO:0001067,GO:0001076,GO:0001134,GO:0001135,GO:0003674,GO:0003676,GO:0003677,GO:0003700,GO:0005488,GO:0005575,GO:0005622,GO:0005623,GO:0005634,GO:0006355,GO:0006357,GO:0006950,GO:0008150,GO:0009266,GO:0009409,GO:0009628,GO:0009889,GO:0009891,GO:0009893,GO:0009987,GO:0010468,GO:0010556,GO:0010557,GO:0010604,GO:0010628,GO:0019219,GO:0019222,GO:0030154,GO:0031323,GO:0031325,GO:0031326,GO:0031328,GO:0032502,GO:0043226,GO:0043227,GO:0043229,GO:0043231,GO:0043565,GO:0044212,GO:0044424,GO:0044464,GO:0045893,GO:0045935,GO:0048518,GO:0048522,GO:0048869,GO:0050789,GO:0050794,GO:0050896,GO:0051171,GO:0051173,GO:0051252,GO:0051254,GO:0060255,GO:0065007,GO:0080090,GO:0097159,GO:0140110,GO:1901363,GO:1902680,GO:1903506,GO:1903508,GO:2000112,GO:2001141","ko:K09422","","K","Myb-related protein"
"LOC101264847","OG0015407",1.67019402711274,0.00047629866318157,"4081.Solyc08g068600.2.1","","ko:K22427","ko00360,map00360","E","Aromatic amino acid decarboxylase"
"IAA26","OG0003140",1.13861510413509,0.000505028578349205,"4081.Solyc03g121060.2.1","GO:0003674,GO:0003700,GO:0006355,GO:0006417,GO:0008150,GO:0009719,GO:0009725,GO:0009733,GO:0009889,GO:0010033,GO:0010468,GO:0010556,GO:0010608,GO:0019219,GO:0019222,GO:0031323,GO:0031326,GO:0032268,GO:0034248,GO:0042221,GO:0050789,GO:0050794,GO:0050896,GO:0051171,GO:0051246,GO:0051252,GO:0060255,GO:0065007,GO:0080090,GO:0140110,GO:1903506,GO:2000112,GO:2001141","ko:K14484","ko04075,map04075","K","Aux IAA proteins are short-lived transcriptional factors that function as repressors of early auxin response genes at low auxin concentrations"
"LOC101244669","OG0004706",1.943489852384,0.000511348263744094,"4081.Solyc05g050350.1.1","GO:0003674,GO:0005215,GO:0005216,GO:0005244,GO:0005249,GO:0005261,GO:0005267,GO:0005575,GO:0005623,GO:0005886,GO:0005887,GO:0006810,GO:0006811,GO:0006812,GO:0006813,GO:0006950,GO:0006952,GO:0008150,GO:0008324,GO:0009605,GO:0009607,GO:0009617,GO:0009620,GO:0009987,GO:0015075,GO:0015077,GO:0015079,GO:0015267,GO:0015318,GO:0015672,GO:0016020,GO:0016021,GO:0022803,GO:0022832,GO:0022836,GO:0022838,GO:0022839,GO:0022843,GO:0022857,GO:0022890,GO:0030001,GO:0031224,GO:0031226,GO:0034220,GO:0042391,GO:0043207,GO:0044425,GO:0044459,GO:0044464,GO:0046873,GO:0050896,GO:0051179,GO:0051234,GO:0051704,GO:0051707,GO:0055085,GO:0065007,GO:0065008,GO:0071804,GO:0071805,GO:0071944,GO:0098655,GO:0098660,GO:0098662","ko:K05391","ko04626,map04626","P","cyclic nucleotide-gated ion channel"
"LOC101266965","OG0013202",2.21193966361681,0.000517863456858594,"4081.Solyc08g077020.1.1","","","","",""
"Wiv-1","OG0003225",1.39367223027609,0.000523338594650829,"4081.Solyc10g083290.1.1","GO:0005575,GO:0005618,GO:0005623,GO:0006950,GO:0006952,GO:0008150,GO:0009605,GO:0009607,GO:0009617,GO:0009620,GO:0030312,GO:0033036,GO:0042742,GO:0043207,GO:0044464,GO:0050832,GO:0050896,GO:0051179,GO:0051704,GO:0051707,GO:0052575,GO:0052576,GO:0071944,GO:0098542","ko:K01193","ko00052,ko00500,ko01100,map00052,map00500,map01100","G","Belongs to the glycosyl hydrolase 32 family"
"LOC101244746","OG0006338",2.52715645994209,0.000538918686527396,"4113.PGSC0003DMT400000883","GO:0003674,GO:0003824,GO:0005575,GO:0005576,GO:0005615,GO:0005622,GO:0005623,GO:0005737,GO:0005773,GO:0005783,GO:0005788,GO:0006725,GO:0006807,GO:0008131,GO:0008150,GO:0008152,GO:0009056,GO:0009308,GO:0009690,GO:0009823,GO:0009987,GO:0010817,GO:0012505,GO:0016491,GO:0016638,GO:0016641,GO:0016645,GO:0019139,GO:0031974,GO:0034754,GO:0042445,GO:0042447,GO:0043226,GO:0043227,GO:0043229,GO:0043231,GO:0043233,GO:0044237,GO:0044421,GO:0044422,GO:0044424,GO:0044432,GO:0044444,GO:0044446,GO:0044464,GO:0046483,GO:0055114,GO:0065007,GO:0065008,GO:0070013,GO:0071704,GO:1901564","ko:K00279","ko00908,map00908","C","Cytokinin dehydrogenase"
"PTI4","OG0000431",1.53502825339664,0.000590646058241689,"4081.Solyc05g052050.1.1","","ko:K09286,ko:K13432,ko:K14517","ko04075,ko04626,map04075,map04626","K","DNA-binding domain in plant proteins such as APETALA2 and EREBPs"
"LOC101248276","OG0006366",2.63896315796966,0.000632700962213925,"4081.Solyc03g082370.1.1","","","","",""
"LOC101267223","OG0001180",2.78548036825652,0.000653003551626796,"4081.Solyc04g007580.1.1","","","","S","Domain of unknown function (DUF4228)"
"LOC101254394",NA,2.1132262177815,0.000653003551626796,"4081.Solyc06g075780.1.1","","","","S","C2H2-type zinc finger"
"LOC101262338","OG0004205",2.52257460841418,0.000730561976546554,"4113.PGSC0003DMT400054965","","ko:K08486","ko04130,ko04721,map04130,map04721","U","Belongs to the syntaxin family"
"LOC101252760","OG0000067",3.20744811476123,0.000916081822760574,"4081.Solyc03g083480.2.1","","","","S","Wall-associated receptor kinase galacturonan-binding"
"LOC101251733","OG0000292",1.14289836459074,0.000955361348616724,"4081.Solyc02g090380.2.1","","ko:K19613","ko04014,map04014","L","Arabidopsis broad-spectrum mildew resistance protein RPW8"
"LOC101260928","OG0000415",1.58712555371699,0.000970831534449511,"4081.Solyc04g025650.2.1","GO:0005575,GO:0005622,GO:0005623,GO:0005737,GO:0005783,GO:0008150,GO:0009605,GO:0009607,GO:0009620,GO:0012505,GO:0043207,GO:0043226,GO:0043227,GO:0043229,GO:0043231,GO:0044424,GO:0044444,GO:0044464,GO:0050896,GO:0051704,GO:0051707","","","C","FAD dependent oxidoreductase"
"LOC101260740","OG0000830",1.58738045683478,0.000971148473549287,"4113.PGSC0003DMT400044673","","","","T","G-type lectin S-receptor-like serine threonine-protein kinase"
"ADH2","OG0003079",1.61047795321907,0.00138878912254942,"4113.PGSC0003DMT400079071","","ko:K00001,ko:K18857","ko00010,ko00071,ko00350,ko00592,ko00625,ko00626,ko00830,ko00980,ko00982,ko01100,ko01110,ko01120,ko01130,ko01220,map00010,map00071,map00350,map00592,map00625,map00626,map00830,map00980,map00982,map01100,map01110,map01120,map01130,map01220","Q","alcohol dehydrogenase"
"LOC101249986","OG0000970",1.15376475886727,0.00144730505266223,"4081.Solyc11g069070.1.1","GO:0003674,GO:0005488,GO:0005575,GO:0005622,GO:0005623,GO:0005634,GO:0005730,GO:0005737,GO:0006810,GO:0006811,GO:0006812,GO:0006873,GO:0006875,GO:0008150,GO:0008270,GO:0009909,GO:0009910,GO:0009987,GO:0019725,GO:0030001,GO:0030003,GO:0031974,GO:0031981,GO:0042592,GO:0043167,GO:0043169,GO:0043226,GO:0043227,GO:0043228,GO:0043229,GO:0043231,GO:0043232,GO:0043233,GO:0044422,GO:0044424,GO:0044428,GO:0044446,GO:0044464,GO:0046872,GO:0046914,GO:0046916,GO:0048519,GO:0048580,GO:0048581,GO:0048831,GO:0048878,GO:0050789,GO:0050793,GO:0050801,GO:0051093,GO:0051179,GO:0051234,GO:0051239,GO:0051241,GO:0055065,GO:0055076,GO:0055080,GO:0055082,GO:0065007,GO:0065008,GO:0070013,GO:0098771,GO:2000026,GO:2000241,GO:2000242","","","P","Heavy-metal-associated domain"
"TSI-1","OG0000117",3.55611649916279,0.0014827446966925,"4081.Solyc09g090990.2.1","","","","H","Pathogenesis-related protein STH-2-like"
"LOC101253047","OG0008386",2.72536937699943,0.0014827446966925,"4081.Solyc11g012980.1.1","GO:0001067,GO:0001101,GO:0003674,GO:0003676,GO:0003677,GO:0003700,GO:0005488,GO:0005575,GO:0005622,GO:0005623,GO:0005634,GO:0006355,GO:0006950,GO:0008150,GO:0009266,GO:0009408,GO:0009409,GO:0009628,GO:0009719,GO:0009725,GO:0009751,GO:0009753,GO:0009889,GO:0009891,GO:0009893,GO:0009987,GO:0010033,GO:0010468,GO:0010556,GO:0010557,GO:0010604,GO:0010628,GO:0014070,GO:0019219,GO:0019222,GO:0031323,GO:0031325,GO:0031326,GO:0031328,GO:0033554,GO:0034605,GO:0042221,GO:0042493,GO:0043226,GO:0043227,GO:0043229,GO:0043231,GO:0043565,GO:0044212,GO:0044424,GO:0044464,GO:0045893,GO:0045935,GO:0046677,GO:0048518,GO:0048522,GO:0050789,GO:0050794,GO:0050826,GO:0050896,GO:0051171,GO:0051173,GO:0051252,GO:0051254,GO:0051716,GO:0060255,GO:0065007,GO:0070417,GO:0071497,GO:0080090,GO:0097159,GO:0140110,GO:1901363,GO:1901700,GO:1902680,GO:1903506,GO:1903508,GO:2000112,GO:2001141","","","K","DNA-binding domain in plant proteins such as APETALA2 and EREBPs"
"LOC101258632","OG0012986",3.2790645908009,0.00149301949105421,"4081.Solyc03g093130.2.1","","ko:K08235,ko:K14504","ko04075,map04075","G","Catalyzes xyloglucan endohydrolysis (XEH) and or endotransglycosylation (XET). Cleaves and religates xyloglucan polymers, an essential constituent of the primary cell wall, and thereby participates in cell wall construction of growing tissues"
"LOC101264331","OG0004320",2.52811166823149,0.0015039222917403,"4081.Solyc06g073850.1.1","","","","",""
"LOC101246495","OG0012379",1.34685519174492,0.0015039222917403,"4081.Solyc02g077240.2.1","","ko:K01568","ko00010,ko01100,ko01110,ko01130,map00010,map01100,map01110,map01130","EH","Belongs to the TPP enzyme family"
"LOC101247507","OG0002140",3.5328383392311,0.00163820357422137,"4081.Solyc03g121350.2.1","","ko:K19327","","D","Calcium-activated chloride channel"
"HSP17.4","OG0001281",1.98171139515858,0.00165241700691053,"4081.Solyc08g062340.2.1","GO:0005575,GO:0005622,GO:0005623,GO:0005737,GO:0044424,GO:0044464","ko:K13993","ko04141,map04141","O","kDa class II heat shock protein-like"
"LOC101268737","OG0001676",1.44020957523492,0.00181844654968835,"4081.Solyc11g068770.1.1","GO:0000175,GO:0000288,GO:0000289,GO:0000291,GO:0000932,GO:0000956,GO:0002213,GO:0003674,GO:0003824,GO:0004518,GO:0004527,GO:0004532,GO:0004535,GO:0004540,GO:0005575,GO:0005622,GO:0005623,GO:0005737,GO:0006139,GO:0006401,GO:0006402,GO:0006417,GO:0006725,GO:0006807,GO:0006950,GO:0006952,GO:0008150,GO:0008152,GO:0008408,GO:0009056,GO:0009057,GO:0009605,GO:0009607,GO:0009611,GO:0009617,GO:0009889,GO:0009890,GO:0009892,GO:0009987,GO:0010468,GO:0010556,GO:0010558,GO:0010605,GO:0010608,GO:0010629,GO:0016070,GO:0016071,GO:0016787,GO:0016788,GO:0016796,GO:0016896,GO:0017148,GO:0019222,GO:0019439,GO:0030014,GO:0030015,GO:0031323,GO:0031324,GO:0031326,GO:0031327,GO:0032268,GO:0032269,GO:0032991,GO:0034248,GO:0034249,GO:0034641,GO:0034655,GO:0035770,GO:0036464,GO:0042742,GO:0043170,GO:0043207,GO:0043226,GO:0043228,GO:0043229,GO:0043232,GO:0043928,GO:0044237,GO:0044238,GO:0044248,GO:0044260,GO:0044265,GO:0044270,GO:0044424,GO:0044444,GO:0044464,GO:0046483,GO:0046700,GO:0048519,GO:0048523,GO:0050789,GO:0050794,GO:0050896,GO:0051171,GO:0051172,GO:0051246,GO:0051248,GO:0051704,GO:0051707,GO:0060255,GO:0065007,GO:0071704,GO:0080090,GO:0090304,GO:0090305,GO:0090501,GO:0090503,GO:0098542,GO:0140098,GO:1901360,GO:1901361,GO:1901575,GO:1990904,GO:2000112,GO:2000113","ko:K12581","ko03018,map03018","A","Ccr4-associated factor"
"LOC101258194","OG0001263",2.72923053364941,0.00198683860631273,"4081.Solyc10g011910.2.1","GO:0003674,GO:0003700,GO:0006355,GO:0007275,GO:0007568,GO:0008150,GO:0009889,GO:0010033,GO:0010150,GO:0010200,GO:0010243,GO:0010468,GO:0010556,GO:0019219,GO:0019222,GO:0031323,GO:0031326,GO:0032501,GO:0032502,GO:0042221,GO:0042493,GO:0048366,GO:0048367,GO:0048731,GO:0048827,GO:0048856,GO:0050789,GO:0050794,GO:0050896,GO:0051171,GO:0051252,GO:0060255,GO:0065007,GO:0080090,GO:0090693,GO:0099402,GO:0140110,GO:1901698,GO:1901700,GO:1903506,GO:2000112,GO:2001141","ko:K13425","ko04016,ko04626,map04016,map04626","K","WRKY transcription factor"
"LOC101267755","OG0006247",1.91689572255578,0.00203954811597127,"4081.Solyc10g085010.1.1","","","","S","PAR1 protein"
"LOC101246106","OG0001500",-1.2049862594463,0.00215002558260452,"4081.Solyc02g079490.2.1","","","","S","Transferase family"
"LOC101247130","OG0000226",2.59098158400194,0.00224302258563481,"4081.Solyc06g034370.1.1","GO:0003674,GO:0004857,GO:0005575,GO:0005576,GO:0008150,GO:0009987,GO:0030234,GO:0043086,GO:0044092,GO:0046910,GO:0048046,GO:0050790,GO:0065007,GO:0065009,GO:0071554,GO:0071669,GO:0098772","","","S","Plant invertase/pectin methylesterase inhibitor"
"LOC101246277","OG0010904",1.58983785501184,0.00224302258563481,"4081.Solyc01g079600.2.1","","","","I","Lipase (class 3)"
"LOC101266232","OG0002272",2.27154163239246,0.0024159744407558,"4113.PGSC0003DMT400067136","","","","",""
"LOC101246763","OG0006333",-1.12706170074684,0.0024159744407558,"4081.Solyc01g102610.2.1","","ko:K00521","","PQ","Ferric reductase like transmembrane component"
"LOC138348340","OG0030050",1.9902034688307,0.002596820003379,NA,NA,NA,NA,NA,NA
"LOC101248432","OG0012680",-1.30805018926535,0.00293397321696681,"4113.PGSC0003DMT400066542","","","","",""
"DMR6-1","OG0010616",1.42176548142467,0.0031410703533209,"4081.Solyc03g080190.2.1","GO:0001101,GO:0002229,GO:0002239,GO:0003674,GO:0003824,GO:0004497,GO:0006082,GO:0006725,GO:0006950,GO:0006952,GO:0007275,GO:0007568,GO:0008150,GO:0008152,GO:0009056,GO:0009058,GO:0009605,GO:0009607,GO:0009617,GO:0009620,GO:0009696,GO:0009719,GO:0009725,GO:0009751,GO:0009812,GO:0009813,GO:0009987,GO:0010033,GO:0010150,GO:0010817,GO:0014070,GO:0016054,GO:0016491,GO:0016705,GO:0016706,GO:0016709,GO:0016999,GO:0017001,GO:0017144,GO:0018958,GO:0019336,GO:0019439,GO:0019752,GO:0032501,GO:0032502,GO:0032787,GO:0033759,GO:0034785,GO:0042221,GO:0042440,GO:0042445,GO:0042447,GO:0042493,GO:0042537,GO:0042737,GO:0042742,GO:0043207,GO:0043436,GO:0044237,GO:0044248,GO:0044281,GO:0044282,GO:0046148,GO:0046244,GO:0046395,GO:0046677,GO:0048366,GO:0048367,GO:0048731,GO:0048827,GO:0048856,GO:0050896,GO:0051213,GO:0051552,GO:0051553,GO:0051704,GO:0051707,GO:0055114,GO:0065007,GO:0065008,GO:0071704,GO:0072329,GO:0090693,GO:0098542,GO:0099402,GO:1901360,GO:1901361,GO:1901575,GO:1901576,GO:1901615,GO:1901616,GO:1901700","","","Q","Belongs to the iron ascorbate-dependent oxidoreductase family"
"LOC101250259","OG0019842",1.23957333693858,0.00320698992886297,"4081.Solyc10g055200.1.1","","","","S","Dirigent proteins impart stereoselectivity on the phenoxy radical-coupling reaction, yielding optically active lignans from two molecules of coniferyl alcohol in the biosynthesis of lignans, flavonolignans, and alkaloids and thus plays a central role in plant secondary metabolism"
"LOC101268273","OG0007016",1.10285381947624,0.00320698992886297,"4081.Solyc04g007880.2.1","GO:0003674,GO:0003824,GO:0004672,GO:0004674,GO:0005575,GO:0005623,GO:0005886,GO:0006464,GO:0006468,GO:0006793,GO:0006796,GO:0006807,GO:0006950,GO:0006952,GO:0008150,GO:0008152,GO:0009605,GO:0009607,GO:0009617,GO:0009987,GO:0016020,GO:0016301,GO:0016310,GO:0016740,GO:0016772,GO:0016773,GO:0019538,GO:0036211,GO:0042742,GO:0043170,GO:0043207,GO:0043412,GO:0044237,GO:0044238,GO:0044260,GO:0044267,GO:0044464,GO:0050896,GO:0051704,GO:0051707,GO:0071704,GO:0071944,GO:0098542,GO:0140096,GO:1901564","ko:K04733","ko04010,ko04064,ko04620,ko04621,ko04624,ko04722,ko05133,ko05140,ko05142,ko05145,ko05152,ko05162,ko05164,map04010,map04064,map04620,map04621,map04624,map04722,map05133,map05140,map05142,map05145,map05152,map05162,map05164","T","Protein kinase domain"
"NACMTF3","OG0002011",1.55859737921339,0.00332410445036331,"4081.Solyc06g073050.2.1","GO:0001067,GO:0002230,GO:0002237,GO:0002376,GO:0002682,GO:0002697,GO:0002831,GO:0003674,GO:0003676,GO:0003677,GO:0003700,GO:0003712,GO:0003713,GO:0005488,GO:0005515,GO:0005575,GO:0005622,GO:0005623,GO:0005634,GO:0005737,GO:0005886,GO:0006355,GO:0006950,GO:0006952,GO:0006955,GO:0008150,GO:0009266,GO:0009314,GO:0009409,GO:0009416,GO:0009605,GO:0009607,GO:0009615,GO:0009617,GO:0009628,GO:0009642,GO:0009644,GO:0009814,GO:0009889,GO:0009891,GO:0009893,GO:0009962,GO:0009966,GO:0009967,GO:0009987,GO:0010033,GO:0010200,GO:0010243,GO:0010468,GO:0010556,GO:0010557,GO:0010604,GO:0010628,GO:0010646,GO:0010647,GO:0016020,GO:0016032,GO:0019219,GO:0019222,GO:0023051,GO:0023056,GO:0031323,GO:0031325,GO:0031326,GO:0031328,GO:0031347,GO:0032101,GO:0033554,GO:0042221,GO:0042493,GO:0043207,GO:0043226,GO:0043227,GO:0043229,GO:0043231,GO:0043621,GO:0043900,GO:0044212,GO:0044403,GO:0044419,GO:0044424,GO:0044464,GO:0045087,GO:0045893,GO:0045935,GO:0048518,GO:0048522,GO:0048583,GO:0048584,GO:0050688,GO:0050691,GO:0050789,GO:0050794,GO:0050896,GO:0051171,GO:0051173,GO:0051252,GO:0051254,GO:0051704,GO:0051707,GO:0051716,GO:0060255,GO:0065007,GO:0070417,GO:0071944,GO:0080090,GO:0080134,GO:0080135,GO:0097159,GO:0098542,GO:0140110,GO:1900101,GO:1900103,GO:1901363,GO:1901698,GO:1901700,GO:1902680,GO:1903506,GO:1903508,GO:1905897,GO:1905898,GO:2000112,GO:2001141","","","P","No apical meristem (NAM) protein"
"LOC101250956","OG0000195",1.16569387731508,0.00332410445036331,"4081.Solyc02g081500.2.1","","","","T","Wall-associated receptor kinase galacturonan-binding"
"LOC101268354","OG0002056",-1.3180807923968,0.00336088617169752,"4081.Solyc12g008830.1.1","GO:0000976,GO:0000977,GO:0000981,GO:0001012,GO:0001067,GO:0001085,GO:0001101,GO:0001228,GO:0001678,GO:0003674,GO:0003676,GO:0003677,GO:0003682,GO:0003690,GO:0003700,GO:0005488,GO:0005515,GO:0005575,GO:0005622,GO:0005623,GO:0005634,GO:0005667,GO:0006139,GO:0006351,GO:0006355,GO:0006357,GO:0006366,GO:0006725,GO:0006807,GO:0006996,GO:0007154,GO:0007165,GO:0007275,GO:0007568,GO:0007623,GO:0008134,GO:0008150,GO:0008152,GO:0009058,GO:0009059,GO:0009314,GO:0009416,GO:0009628,GO:0009639,GO:0009657,GO:0009658,GO:0009719,GO:0009725,GO:0009735,GO:0009736,GO:0009739,GO:0009740,GO:0009743,GO:0009746,GO:0009749,GO:0009755,GO:0009756,GO:0009757,GO:0009889,GO:0009891,GO:0009893,GO:0009909,GO:0009910,GO:0009937,GO:0009938,GO:0009966,GO:0009968,GO:0009987,GO:0010029,GO:0010033,GO:0010035,GO:0010114,GO:0010151,GO:0010167,GO:0010182,GO:0010187,GO:0010255,GO:0010380,GO:0010467,GO:0010468,GO:0010476,GO:0010556,GO:0010557,GO:0010604,GO:0010628,GO:0010646,GO:0010648,GO:0016043,GO:0016070,GO:0018130,GO:0019219,GO:0019222,GO:0019438,GO:0019725,GO:0023051,GO:0023052,GO:0023057,GO:0030154,GO:0031323,GO:0031325,GO:0031326,GO:0031328,GO:0032501,GO:0032502,GO:0032774,GO:0032870,GO:0032991,GO:0033500,GO:0033993,GO:0034284,GO:0034641,GO:0034645,GO:0034654,GO:0042221,GO:0042592,GO:0042593,GO:0043170,GO:0043226,GO:0043227,GO:0043229,GO:0043231,GO:0043565,GO:0043610,GO:0044212,GO:0044237,GO:0044238,GO:0044249,GO:0044260,GO:0044271,GO:0044424,GO:0044464,GO:0045893,GO:0045935,GO:0045944,GO:0046483,GO:0048511,GO:0048518,GO:0048519,GO:0048522,GO:0048523,GO:0048580,GO:0048581,GO:0048583,GO:0048585,GO:0048731,GO:0048831,GO:0048856,GO:0048869,GO:0048878,GO:0050789,GO:0050793,GO:0050794,GO:0050896,GO:0051093,GO:0051171,GO:0051173,GO:0051193,GO:0051194,GO:0051239,GO:0051241,GO:0051252,GO:0051254,GO:0051716,GO:0055082,GO:0060255,GO:0065007,GO:0065008,GO:0070887,GO:0071229,GO:0071310,GO:0071322,GO:0071326,GO:0071331,GO:0071333,GO:0071368,GO:0071370,GO:0071396,GO:0071495,GO:0071704,GO:0071840,GO:0080050,GO:0080090,GO:0090056,GO:0090304,GO:0090693,GO:0097159,GO:0097659,GO:0099402,GO:0140110,GO:1900140,GO:1901360,GO:1901362,GO:1901363,GO:1901401,GO:1901403,GO:1901463,GO:1901465,GO:1901576,GO:1901698,GO:1901700,GO:1901701,GO:1902326,GO:1902680,GO:1903506,GO:1903508,GO:1990837,GO:2000026,GO:2000028,GO:2000112,GO:2000241,GO:2000242,GO:2001141","","","K","Transcription factor"
"LOC112941846","OG0000358",2.69741030492853,0.00346762379923859,"4081.Solyc07g053230.2.1","GO:0000981,GO:0000988,GO:0000989,GO:0001067,GO:0001076,GO:0001134,GO:0001135,GO:0003674,GO:0003676,GO:0003677,GO:0003700,GO:0005488,GO:0005575,GO:0005622,GO:0005623,GO:0005634,GO:0006355,GO:0006357,GO:0006950,GO:0008150,GO:0009266,GO:0009409,GO:0009628,GO:0009889,GO:0009891,GO:0009893,GO:0009987,GO:0010468,GO:0010556,GO:0010557,GO:0010604,GO:0010628,GO:0019219,GO:0019222,GO:0030154,GO:0031323,GO:0031325,GO:0031326,GO:0031328,GO:0032502,GO:0043226,GO:0043227,GO:0043229,GO:0043231,GO:0043565,GO:0044212,GO:0044424,GO:0044464,GO:0045893,GO:0045935,GO:0048518,GO:0048522,GO:0048869,GO:0050789,GO:0050794,GO:0050896,GO:0051171,GO:0051173,GO:0051252,GO:0051254,GO:0060255,GO:0065007,GO:0080090,GO:0097159,GO:0140110,GO:1901363,GO:1902680,GO:1903506,GO:1903508,GO:2000112,GO:2001141","ko:K09422","","K","MYB domain class transcription factor"
"LOC101266548","OG0000935",2.12794415208263,0.00365186858760979,"4081.Solyc01g007020.2.1","GO:0001101,GO:0003674,GO:0003824,GO:0004842,GO:0005575,GO:0005622,GO:0005623,GO:0005737,GO:0005829,GO:0006464,GO:0006807,GO:0006950,GO:0008150,GO:0008152,GO:0009414,GO:0009415,GO:0009628,GO:0009987,GO:0010033,GO:0010035,GO:0010200,GO:0010243,GO:0016567,GO:0016740,GO:0019538,GO:0019787,GO:0032446,GO:0036211,GO:0042221,GO:0042493,GO:0043170,GO:0043412,GO:0044237,GO:0044238,GO:0044260,GO:0044267,GO:0044424,GO:0044444,GO:0044464,GO:0050896,GO:0051865,GO:0070647,GO:0071704,GO:0140096,GO:1901564,GO:1901698,GO:1901700","","","H","RING-type E3 ubiquitin transferase"
"LOC112940013","OG0011732",1.9058894749107,0.00365186858760979,"4098.XP_009627776.1","","","","TZ","Protein DA1"
"TRM31","OG0005759",2.9681668801939,0.00372995945841469,"4081.Solyc09g005570.2.1","","","","S","DUF761-associated sequence motif"
"PR-5","OG0000922",1.27758101162907,0.00372995945841469,"4081.Solyc08g080620.1.1","GO:0002376,GO:0005575,GO:0005622,GO:0005623,GO:0005737,GO:0006950,GO:0006952,GO:0006955,GO:0006970,GO:0008150,GO:0009605,GO:0009607,GO:0009617,GO:0009620,GO:0009628,GO:0009651,GO:0009814,GO:0009816,GO:0009817,GO:0042742,GO:0043207,GO:0044424,GO:0044464,GO:0045087,GO:0050832,GO:0050896,GO:0051704,GO:0051707,GO:0098542","","","O","killing of cells of other organism"
"LOC101253087","OG0002970",1.5444399732729,0.00373025686822326,"4113.PGSC0003DMT400059994","","","","",""
"LOC101263528","OG0001301",-3.82523859022071,0.00396260654031129,"4113.PGSC0003DMT400078819","GO:0005575,GO:0005618,GO:0005623,GO:0005886,GO:0006950,GO:0006952,GO:0008150,GO:0009505,GO:0016020,GO:0030312,GO:0044464,GO:0050896,GO:0071944","","","O","Belongs to the DEFL family"
"LOC101250152","OG0000896",2.41366552199255,0.00396260654031129,"4081.Solyc01g073890.2.1","","","","S","C1 domain"
"LOC101258039","OG0001889",1.94418560151112,0.00396260654031129,"4081.Solyc12g017480.1.1","","","","S","Leucine rich repeat"
"LOC101253295","OG0000346",1.79949798308401,0.00396260654031129,"4081.Solyc06g060690.2.1","GO:0003674,GO:0003824,GO:0004672,GO:0004674,GO:0005575,GO:0005623,GO:0005886,GO:0006464,GO:0006468,GO:0006793,GO:0006796,GO:0006807,GO:0006950,GO:0006952,GO:0007154,GO:0007165,GO:0007166,GO:0008150,GO:0008152,GO:0009605,GO:0009607,GO:0009617,GO:0009987,GO:0016020,GO:0016301,GO:0016310,GO:0016740,GO:0016772,GO:0016773,GO:0019538,GO:0023052,GO:0036211,GO:0042742,GO:0043170,GO:0043207,GO:0043412,GO:0044237,GO:0044238,GO:0044260,GO:0044267,GO:0044464,GO:0050789,GO:0050794,GO:0050829,GO:0050896,GO:0051704,GO:0051707,GO:0051716,GO:0065007,GO:0071704,GO:0071944,GO:0098542,GO:0140096,GO:1901564","","","T","Serine-threonine protein kinase, plant-type"
"LOC109121373","OG0000018",1.64879821068476,0.00396260654031129,"4081.Solyc10g006710.2.1","","ko:K04733","ko04010,ko04064,ko04620,ko04621,ko04624,ko04722,ko05133,ko05140,ko05142,ko05145,ko05152,ko05162,ko05164,map04010,map04064,map04620,map04621,map04624,map04722,map05133,map05140,map05142,map05145,map05152,map05162,map05164","T","serine threonine-protein kinase"
"LOC101268888","OG0001485",1.3082015134559,0.00396260654031129,"4113.PGSC0003DMT400018218","GO:0005575,GO:0005576,GO:0005618,GO:0005622,GO:0005623,GO:0005737,GO:0005773,GO:0005774,GO:0005794,GO:0005829,GO:0006810,GO:0006833,GO:0008150,GO:0009505,GO:0012505,GO:0016020,GO:0030312,GO:0031090,GO:0042044,GO:0043226,GO:0043227,GO:0043229,GO:0043231,GO:0044422,GO:0044424,GO:0044437,GO:0044444,GO:0044446,GO:0044464,GO:0048046,GO:0051179,GO:0051234,GO:0071944,GO:0098588,GO:0098805","","","S","Epidermis-specific secreted glycoprotein"
"LOC101244019",NA,1.52292221153171,0.00418782843097096,NA,NA,NA,NA,NA,NA
"LOC101260756",NA,1.6201885961539,0.00420099792299886,NA,NA,NA,NA,NA,NA
"LOC101055520","OG0005904",1.31683597282332,0.00420099792299886,"4081.Solyc06g076050.2.1","GO:0003674,GO:0003824,GO:0004842,GO:0006464,GO:0006807,GO:0006950,GO:0006952,GO:0008150,GO:0008152,GO:0009605,GO:0009607,GO:0009617,GO:0009987,GO:0016567,GO:0016740,GO:0019538,GO:0019787,GO:0032446,GO:0036211,GO:0042742,GO:0043170,GO:0043207,GO:0043412,GO:0044237,GO:0044238,GO:0044260,GO:0044267,GO:0050896,GO:0051704,GO:0051707,GO:0051865,GO:0070647,GO:0071704,GO:0098542,GO:0140096,GO:1901564","ko:K19044","","O","E3 ubiquitin-protein ligase XBAT31"
"LOC101268751","OG0000104",1.13675918394476,0.0042181340061718,"4081.Solyc12g097000.1.1","","","","I","resistance"
"CYP707A2","OG0012886",1.84699626023985,0.00428795883732246,"4081.Solyc08g005610.2.1","GO:0001101,GO:0003674,GO:0003824,GO:0004497,GO:0006066,GO:0006082,GO:0006629,GO:0006694,GO:0006714,GO:0006720,GO:0006721,GO:0006950,GO:0007275,GO:0008150,GO:0008152,GO:0008202,GO:0008300,GO:0008610,GO:0009056,GO:0009058,GO:0009314,GO:0009414,GO:0009415,GO:0009416,GO:0009628,GO:0009639,GO:0009687,GO:0009987,GO:0010035,GO:0010268,GO:0010295,GO:0010817,GO:0016042,GO:0016054,GO:0016107,GO:0016115,GO:0016125,GO:0016128,GO:0016129,GO:0016131,GO:0016132,GO:0016491,GO:0016705,GO:0016709,GO:0019752,GO:0032501,GO:0032502,GO:0032787,GO:0042221,GO:0042445,GO:0042446,GO:0042592,GO:0043288,GO:0043290,GO:0043436,GO:0044237,GO:0044238,GO:0044242,GO:0044248,GO:0044255,GO:0044281,GO:0044282,GO:0046164,GO:0046345,GO:0046395,GO:0048856,GO:0048878,GO:0050896,GO:0055088,GO:0055114,GO:0065007,GO:0065008,GO:0071704,GO:0072329,GO:1901360,GO:1901362,GO:1901575,GO:1901576,GO:1901615,GO:1901616,GO:1901617,GO:1901700,GO:1902644","ko:K09843","ko00906,map00906","Q","Belongs to the cytochrome P450 family"
"LOC101261180","OG0007343",1.12147485318132,0.00428795883732246,"4081.Solyc02g093420.2.1","","","","K","No apical meristem (NAM) protein"
"LOC101259371","OG0001575",1.17123665314597,0.00434678898611085,"4081.Solyc01g096200.2.1","GO:0005575,GO:0005623,GO:0005886,GO:0016020,GO:0044464,GO:0071944","","","S","Modified RING finger domain"
"LOC101258926","OG0012986",4.69826641619308,0.00450434590470076,"4081.Solyc03g093120.2.1","","ko:K08235,ko:K14504","ko04075,map04075","G","Catalyzes xyloglucan endohydrolysis (XEH) and or endotransglycosylation (XET). Cleaves and religates xyloglucan polymers, an essential constituent of the primary cell wall, and thereby participates in cell wall construction of growing tissues"
"LOC101262647","OG0002372",1.00325335134341,0.00451432204225929,"4081.Solyc09g011740.2.1","GO:0003674,GO:0003824,GO:0005575,GO:0005622,GO:0005623,GO:0005737,GO:0005794,GO:0005802,GO:0006629,GO:0006643,GO:0006665,GO:0006807,GO:0008150,GO:0008152,GO:0008610,GO:0009058,GO:0009987,GO:0012505,GO:0016740,GO:0016757,GO:0016758,GO:0030148,GO:0031984,GO:0043226,GO:0043227,GO:0043229,GO:0043231,GO:0044237,GO:0044238,GO:0044249,GO:0044255,GO:0044422,GO:0044424,GO:0044431,GO:0044444,GO:0044446,GO:0044464,GO:0045140,GO:0046467,GO:0071704,GO:0098791,GO:1901564,GO:1901566,GO:1901576","ko:K04714","ko00600,ko01100,ko04071,map00600,map01100,map04071","S","Phosphatidylinositol ceramide inositolphosphotransferase"
"LOC101246112","OG0004536",3.78573553871066,0.00485296395697665,"4081.Solyc12g009000.1.1","","","","L","Salt responsive protein 2"
"LOC101266042","OG0013511",2.873441401547,0.00485296395697665,"4081.Solyc07g009180.1.1","","","","T","NB-ARC domain"
"LOC101244774","OG0020881",-2.48200428273933,0.00499426628509775,"4081.Solyc06g035520.2.1","","","","V","alpha/beta hydrolase fold"
"LOC101255519","OG0010806",1.8993810184469,0.00507403278989314,"4081.Solyc08g078650.2.1","GO:0000271,GO:0003674,GO:0003824,GO:0005575,GO:0005622,GO:0005623,GO:0005737,GO:0005829,GO:0005975,GO:0005976,GO:0005977,GO:0005978,GO:0006073,GO:0006091,GO:0006112,GO:0008150,GO:0008152,GO:0008194,GO:0008466,GO:0009058,GO:0009059,GO:0009250,GO:0009987,GO:0015980,GO:0016051,GO:0016740,GO:0016757,GO:0016758,GO:0033692,GO:0034637,GO:0034645,GO:0035251,GO:0043170,GO:0044042,GO:0044237,GO:0044238,GO:0044249,GO:0044260,GO:0044262,GO:0044264,GO:0044424,GO:0044444,GO:0044464,GO:0046527,GO:0055114,GO:0071704,GO:1901576","ko:K00750","ko00500,ko01100,map00500,map01100","G","glucuronosyltransferase"
"LOC101262803","OG0005179",4.84261681026722,0.0051086763095125,"4081.Solyc04g008100.1.1","GO:0008150,GO:0010033,GO:0010200,GO:0010243,GO:0042221,GO:0042493,GO:0050896,GO:1901698,GO:1901700","","","H","Modified RING finger domain"
"LOC101254632","OG0000896",2.69073997487645,0.00522823302595002,"4081.Solyc01g073800.2.1","","","","S","C1 domain"
"LOC101261981","OG0005348",1.1137960636839,0.00551016878723636,"4081.Solyc02g086300.2.1","","","","F","Peptidase C26"
"RAV2","OG0003820",1.21779806014687,0.00559551128861499,"4081.Solyc05g009790.1.1","GO:0000003,GO:0001067,GO:0003006,GO:0003674,GO:0003676,GO:0003677,GO:0003700,GO:0005488,GO:0005575,GO:0005622,GO:0005623,GO:0005634,GO:0006355,GO:0007275,GO:0008150,GO:0009314,GO:0009416,GO:0009628,GO:0009648,GO:0009719,GO:0009725,GO:0009741,GO:0009791,GO:0009889,GO:0009890,GO:0009892,GO:0009909,GO:0009910,GO:0010033,GO:0010228,GO:0010468,GO:0010556,GO:0010558,GO:0010605,GO:0010629,GO:0014070,GO:0019219,GO:0019222,GO:0022414,GO:0022622,GO:0031323,GO:0031324,GO:0031326,GO:0031327,GO:0032501,GO:0032502,GO:0033993,GO:0042221,GO:0043226,GO:0043227,GO:0043229,GO:0043231,GO:0043565,GO:0044212,GO:0044424,GO:0044464,GO:0045892,GO:0045934,GO:0048364,GO:0048366,GO:0048367,GO:0048519,GO:0048523,GO:0048527,GO:0048528,GO:0048573,GO:0048580,GO:0048581,GO:0048608,GO:0048731,GO:0048827,GO:0048831,GO:0048856,GO:0050789,GO:0050793,GO:0050794,GO:0050896,GO:0051093,GO:0051171,GO:0051172,GO:0051239,GO:0051241,GO:0051252,GO:0051253,GO:0060255,GO:0061458,GO:0065007,GO:0080090,GO:0090696,GO:0097159,GO:0099402,GO:0140110,GO:1901363,GO:1901700,GO:1902679,GO:1903506,GO:1903507,GO:2000026,GO:2000112,GO:2000113,GO:2000241,GO:2000242,GO:2001141","ko:K09287","","K","B3 DNA binding domain"
"LOC101252910","OG0001403",1.65884140900703,0.00566446238269973,"4113.PGSC0003DMT400004680","GO:0003674,GO:0003824,GO:0004672,GO:0004674,GO:0004675,GO:0004888,GO:0005575,GO:0005623,GO:0005886,GO:0006464,GO:0006468,GO:0006793,GO:0006796,GO:0006807,GO:0007154,GO:0007165,GO:0007166,GO:0007167,GO:0007178,GO:0008150,GO:0008152,GO:0009987,GO:0016020,GO:0016301,GO:0016310,GO:0016740,GO:0016772,GO:0016773,GO:0019199,GO:0019538,GO:0023052,GO:0036211,GO:0038023,GO:0043170,GO:0043412,GO:0044237,GO:0044238,GO:0044260,GO:0044267,GO:0044464,GO:0050789,GO:0050794,GO:0050896,GO:0051716,GO:0060089,GO:0065007,GO:0071704,GO:0071944,GO:0140096,GO:1901564","ko:K00924","","T","Protein kinase domain"
"LOC138340577","OG0000007",1.25671511289532,0.00566446238269973,"4081.Solyc12g009520.1.1","","","","U","regulation of response to stimulus"
"LOC101267151","OG0000935",4.1906092515246,0.00598347661597647,"4081.Solyc01g007000.2.1","GO:0001101,GO:0003674,GO:0003824,GO:0004842,GO:0005575,GO:0005622,GO:0005623,GO:0005737,GO:0005829,GO:0006464,GO:0006807,GO:0006950,GO:0008150,GO:0008152,GO:0009414,GO:0009415,GO:0009628,GO:0009987,GO:0010033,GO:0010035,GO:0010200,GO:0010243,GO:0016567,GO:0016740,GO:0019538,GO:0019787,GO:0032446,GO:0036211,GO:0042221,GO:0042493,GO:0043170,GO:0043412,GO:0044237,GO:0044238,GO:0044260,GO:0044267,GO:0044424,GO:0044444,GO:0044464,GO:0050896,GO:0051865,GO:0070647,GO:0071704,GO:0140096,GO:1901564,GO:1901698,GO:1901700","","","H","RING-type E3 ubiquitin transferase"
"LOC101266862","OG0001543",1.52874529776827,0.00598347661597647,"4081.Solyc01g067620.2.1;4098.XP_009611561.1","GO:0003674,GO:0003824,GO:0007275,GO:0007568,GO:0008150,GO:0008152,GO:0010150,GO:0016491,GO:0016679,GO:0016682,GO:0032501,GO:0032502,GO:0048366,GO:0048367,GO:0048731,GO:0048827,GO:0048856,GO:0055114,GO:0090693,GO:0099402","","","Q","Belongs to the iron ascorbate-dependent oxidoreductase family"
"LOC101264991","OG0000039",1.23922824131979,0.00598347661597647,"4081.Solyc02g079990.2.1","GO:0001101,GO:0003674,GO:0003824,GO:0004672,GO:0004674,GO:0005575,GO:0005622,GO:0005623,GO:0005737,GO:0005773,GO:0005886,GO:0006464,GO:0006468,GO:0006793,GO:0006796,GO:0006807,GO:0006950,GO:0006952,GO:0008150,GO:0008152,GO:0009605,GO:0009607,GO:0009617,GO:0009719,GO:0009725,GO:0009737,GO:0009987,GO:0010033,GO:0016020,GO:0016301,GO:0016310,GO:0016740,GO:0016772,GO:0016773,GO:0019538,GO:0033993,GO:0036211,GO:0042221,GO:0042742,GO:0043170,GO:0043207,GO:0043226,GO:0043227,GO:0043229,GO:0043231,GO:0043412,GO:0044237,GO:0044238,GO:0044260,GO:0044267,GO:0044424,GO:0044444,GO:0044464,GO:0050896,GO:0051704,GO:0051707,GO:0071704,GO:0071944,GO:0097305,GO:0098542,GO:0140096,GO:1901564,GO:1901700","","","T","Cysteine-rich receptor-like protein kinase"
"WRKY31","OG0002120",1.05339480167188,0.00598347661597647,"4081.Solyc06g066370.2.1","GO:0001067,GO:0001101,GO:0003674,GO:0003676,GO:0003677,GO:0003700,GO:0005488,GO:0005575,GO:0005622,GO:0005623,GO:0005634,GO:0006355,GO:0006725,GO:0006790,GO:0006807,GO:0006950,GO:0006952,GO:0006970,GO:0008150,GO:0008152,GO:0009058,GO:0009266,GO:0009403,GO:0009404,GO:0009408,GO:0009409,GO:0009414,GO:0009415,GO:0009605,GO:0009607,GO:0009617,GO:0009620,GO:0009628,GO:0009651,GO:0009700,GO:0009889,GO:0009893,GO:0009894,GO:0009896,GO:0009987,GO:0010033,GO:0010035,GO:0010120,GO:0010200,GO:0010243,GO:0010286,GO:0010468,GO:0010506,GO:0010508,GO:0010556,GO:0018130,GO:0019219,GO:0019222,GO:0019438,GO:0019748,GO:0031323,GO:0031325,GO:0031326,GO:0031329,GO:0031331,GO:0033554,GO:0034605,GO:0034641,GO:0042221,GO:0042430,GO:0042435,GO:0042493,GO:0042742,GO:0043207,GO:0043226,GO:0043227,GO:0043229,GO:0043231,GO:0043565,GO:0044212,GO:0044237,GO:0044249,GO:0044271,GO:0044272,GO:0044424,GO:0044464,GO:0044550,GO:0046217,GO:0046483,GO:0048518,GO:0048522,GO:0050789,GO:0050794,GO:0050832,GO:0050896,GO:0051171,GO:0051252,GO:0051704,GO:0051707,GO:0051716,GO:0052314,GO:0052315,GO:0052317,GO:0060255,GO:0065007,GO:0070370,GO:0071704,GO:0080090,GO:0097159,GO:0098542,GO:0140110,GO:1901360,GO:1901362,GO:1901363,GO:1901564,GO:1901566,GO:1901576,GO:1901698,GO:1901700,GO:1903506,GO:2000112,GO:2001141","ko:K13423,ko:K13424","ko04016,ko04626,map04016,map04626","K","DNA binding domain"
"LOC101263598","OG0004096",2.26279092802476,0.00626345676915017,"4081.Solyc03g111290.1.1","GO:0000003,GO:0002213,GO:0003006,GO:0003674,GO:0003824,GO:0004497,GO:0005575,GO:0005622,GO:0005623,GO:0005737,GO:0005783,GO:0005789,GO:0006082,GO:0006950,GO:0006952,GO:0007275,GO:0008150,GO:0008152,GO:0009555,GO:0009611,GO:0009694,GO:0009791,GO:0009908,GO:0009987,GO:0010154,GO:0010817,GO:0012505,GO:0016020,GO:0016491,GO:0019752,GO:0022414,GO:0031984,GO:0032501,GO:0032502,GO:0032787,GO:0042175,GO:0042445,GO:0043226,GO:0043227,GO:0043229,GO:0043231,GO:0043436,GO:0044237,GO:0044281,GO:0044422,GO:0044424,GO:0044425,GO:0044432,GO:0044444,GO:0044446,GO:0044464,GO:0048229,GO:0048367,GO:0048437,GO:0048438,GO:0048440,GO:0048443,GO:0048466,GO:0048467,GO:0048480,GO:0048608,GO:0048653,GO:0048731,GO:0048827,GO:0048856,GO:0050896,GO:0052694,GO:0055114,GO:0061458,GO:0065007,GO:0065008,GO:0071704,GO:0090567,GO:0098827,GO:0099402","ko:K20665","","IQ","Cytochrome p450"
"LOC101246341","OG0004008",1.04767775338896,0.00633423313050759,"4081.Solyc04g074950.2.1","","","","E","Serine hydrolase (FSH1)"
"LOC101262296","OG0002098",1.79743115231119,0.00657369097622408,"4081.Solyc03g098730.1.1","","","","S","Miraculin-like"
"LOC101260442","OG0000583",1.4989094119734,0.00657369097622408,"4081.Solyc06g071540.2.1","","","","S","isoform X1"
"LOC101263251",NA,1.30944556034064,0.00657369097622408,"4081.Solyc10g009550.2.1","","","","K","WRKY transcription factor"
"LOC101252861","OG0000579",1.13525914540393,0.00657369097622408,"4081.Solyc12g094460.1.1","","","","Q","Multicopper oxidase"
"LOC101248996","OG0001816",1.87946783616313,0.00683375938408476,"4081.Solyc08g062490.2.1","GO:0001101,GO:0003674,GO:0003700,GO:0006355,GO:0006950,GO:0006952,GO:0007154,GO:0007165,GO:0008150,GO:0009605,GO:0009607,GO:0009620,GO:0009719,GO:0009725,GO:0009753,GO:0009755,GO:0009867,GO:0009889,GO:0009987,GO:0010033,GO:0010468,GO:0010556,GO:0019219,GO:0019222,GO:0023052,GO:0031323,GO:0031326,GO:0032870,GO:0042221,GO:0043207,GO:0050789,GO:0050794,GO:0050832,GO:0050896,GO:0051171,GO:0051252,GO:0051704,GO:0051707,GO:0051716,GO:0060255,GO:0065007,GO:0070887,GO:0071229,GO:0071310,GO:0071395,GO:0071495,GO:0080090,GO:0098542,GO:0140110,GO:1901700,GO:1901701,GO:1903506,GO:2000112,GO:2001141","","","K","WRKY transcription factor"
"LOC104646741","OG0003366",1.2054921281261,0.00683375938408476,"4081.Solyc04g007130.1.1","","","","A","protein kinase activity"
"LOC101255096","OG0000673",1.38978182165626,0.00720978845200022,"4081.Solyc05g016060.2.1","","","","S","Cysteine-rich TM module stress tolerance"
"LOC101248286","OG0006548",3.25971256257574,0.00728531351765339,"4081.Solyc03g114230.1.1","","","","K","transcription factor"
"LOC101263761","OG0004825",1.73961100865335,0.00728531351765339,"4081.Solyc01g098910.2.1","GO:0000295,GO:0003674,GO:0005215,GO:0005346,GO:0005347,GO:0005575,GO:0005622,GO:0005623,GO:0005737,GO:0005739,GO:0005740,GO:0005743,GO:0005777,GO:0005778,GO:0005779,GO:0006082,GO:0006629,GO:0006631,GO:0006635,GO:0006725,GO:0006807,GO:0006810,GO:0006811,GO:0006820,GO:0006839,GO:0006855,GO:0006862,GO:0007275,GO:0008150,GO:0008152,GO:0008509,GO:0008514,GO:0009056,GO:0009062,GO:0009791,GO:0009850,GO:0009987,GO:0010817,GO:0015075,GO:0015215,GO:0015216,GO:0015217,GO:0015238,GO:0015605,GO:0015711,GO:0015748,GO:0015865,GO:0015866,GO:0015867,GO:0015868,GO:0015893,GO:0015931,GO:0015932,GO:0016020,GO:0016021,GO:0016042,GO:0016054,GO:0019395,GO:0019752,GO:0019866,GO:0022857,GO:0030258,GO:0031090,GO:0031224,GO:0031231,GO:0031300,GO:0031301,GO:0031903,GO:0031966,GO:0031967,GO:0031975,GO:0032501,GO:0032502,GO:0032787,GO:0034220,GO:0034440,GO:0034641,GO:0042221,GO:0042430,GO:0042445,GO:0042493,GO:0042579,GO:0043226,GO:0043227,GO:0043229,GO:0043231,GO:0043436,GO:0044237,GO:0044238,GO:0044242,GO:0044248,GO:0044255,GO:0044281,GO:0044282,GO:0044422,GO:0044424,GO:0044425,GO:0044429,GO:0044438,GO:0044439,GO:0044444,GO:0044446,GO:0044464,GO:0046395,GO:0046483,GO:0048856,GO:0050896,GO:0051179,GO:0051234,GO:0051503,GO:0055085,GO:0055114,GO:0065007,GO:0065008,GO:0071702,GO:0071704,GO:0071705,GO:0072329,GO:0080024,GO:0090351,GO:0098588,GO:0098656,GO:0098805,GO:1901264,GO:1901360,GO:1901505,GO:1901564,GO:1901575,GO:1901679","ko:K13354","ko04146,map04146","C","Belongs to the mitochondrial carrier (TC 2.A.29) family"
"LOC101265571","OG0000395",1.23809991166426,0.00742629274861267,"4081.Solyc09g011590.2.1","","ko:K00799","ko00480,ko00980,ko00982,ko00983,ko01524,ko05200,ko05204,ko05225,ko05418,map00480,map00980,map00982,map00983,map01524,map05200,map05204,map05225,map05418","O","Belongs to the GST superfamily"
"LOC101258272",NA,1.95934291371473,0.00748315965919448,"4081.Solyc06g069740.1.1","","ko:K02183","ko04014,ko04015,ko04016,ko04020,ko04022,ko04024,ko04070,ko04114,ko04218,ko04261,ko04270,ko04371,ko04626,ko04713,ko04720,ko04722,ko04728,ko04740,ko04744,ko04745,ko04750,ko04910,ko04912,ko04915,ko04916,ko04921,ko04922,ko04924,ko04925,ko04970,ko04971,ko05010,ko05031,ko05034,ko05133,ko05152,ko05167,ko05200,ko05214,ko05418,map04014,map04015,map04016,map04020,map04022,map04024,map04070,map04114,map04218,map04261,map04270,map04371,map04626,map04713,map04720,map04722,map04728,map04740,map04744,map04745,map04750,map04910,map04912,map04915,map04916,map04921,map04922,map04924,map04925,map04970,map04971,map05010,map05031,map05034,map05133,map05152,map05167,map05200,map05214,map05418","T","EF-hand domain"
"LOC101248095","OG0017444",1.67533681349948,0.00748315965919448,"4081.Solyc04g009640.2.1","","ko:K04730,ko:K04733,ko:K13420","ko04010,ko04016,ko04064,ko04620,ko04621,ko04624,ko04626,ko04722,ko05133,ko05140,ko05142,ko05145,ko05152,ko05162,ko05164,ko05169,map04010,map04016,map04064,map04620,map04621,map04624,map04626,map04722,map05133,map05140,map05142,map05145,map05152,map05162,map05164,map05169","T","Serine-threonine protein kinase, plant-type"
"ERF-D3",NA,5.21287991842656,0.00763624014930689,"4081.Solyc01g108240.2.1","GO:0003674,GO:0003700,GO:0006355,GO:0006950,GO:0006952,GO:0008150,GO:0009605,GO:0009607,GO:0009620,GO:0009888,GO:0009889,GO:0009987,GO:0010033,GO:0010087,GO:0010200,GO:0010243,GO:0010468,GO:0010556,GO:0019219,GO:0019222,GO:0031323,GO:0031326,GO:0032502,GO:0042221,GO:0042493,GO:0043207,GO:0048856,GO:0050789,GO:0050794,GO:0050832,GO:0050896,GO:0051171,GO:0051252,GO:0051301,GO:0051704,GO:0051707,GO:0060255,GO:0065007,GO:0080090,GO:0098542,GO:0140110,GO:1901698,GO:1901700,GO:1903506,GO:2000112,GO:2001141","","","K","Ethylene-responsive transcription factor ERF109-like"
"LOC101263961","OG0000102",1.25985343157161,0.00773087045004486,"4081.Solyc02g086210.2.1","","","","T","Protein kinase domain"
"WRKY40","OG0001639",1.10879511628226,0.00784346372886934,"4081.Solyc06g068460.2.1","","","","K","WRKY transcription factor"
"LOC101261885","OG0000772",3.05551251207078,0.00793935808412578,"4113.PGSC0003DMT400040143","","","","S","Zinc finger protein ZAT12-like"
"LOC101251303","OG0002385",2.01576178694864,0.00805782024587878,"4081.Solyc07g056190.2.1","","","","L","transposition, RNA-mediated"
"LOC101249973","OG0004904",2.56212225702496,0.00874318414589788,"4113.PGSC0003DMT400072344","","","","S","Late embryogenesis abundant protein"
"LOC101248330","OG0000457",-1.0432692263446,0.00874318414589788,"4081.Solyc09g075060.2.1","GO:0003674,GO:0003824,GO:0004553,GO:0008150,GO:0008152,GO:0008422,GO:0015926,GO:0016787,GO:0016798,GO:0071704,GO:1901135,GO:1901657","ko:K01188","ko00460,ko00500,ko00940,ko01100,ko01110,map00460,map00500,map00940,map01100,map01110","G","Belongs to the glycosyl hydrolase 1 family"
"LOC101260171","OG0005529",1.24898558448774,0.00882123444927338,"4081.Solyc01g066430.2.1","GO:0000209,GO:0003674,GO:0003824,GO:0004842,GO:0005575,GO:0005623,GO:0005886,GO:0006464,GO:0006508,GO:0006511,GO:0006807,GO:0006950,GO:0006952,GO:0007275,GO:0008150,GO:0008152,GO:0009056,GO:0009057,GO:0009987,GO:0010033,GO:0010200,GO:0010243,GO:0010498,GO:0016020,GO:0016567,GO:0016740,GO:0019538,GO:0019787,GO:0019941,GO:0022622,GO:0030163,GO:0032446,GO:0032501,GO:0032502,GO:0036211,GO:0042221,GO:0042493,GO:0043161,GO:0043170,GO:0043412,GO:0043632,GO:0044237,GO:0044238,GO:0044248,GO:0044257,GO:0044260,GO:0044265,GO:0044267,GO:0044464,GO:0048364,GO:0048731,GO:0048856,GO:0050896,GO:0051301,GO:0051603,GO:0061630,GO:0061659,GO:0070647,GO:0071704,GO:0071944,GO:0099402,GO:0140096,GO:1901564,GO:1901565,GO:1901575,GO:1901698,GO:1901700","ko:K16286","","O","Anaphase-promoting complex subunit 11 RING-H2 finger"
"NAC1","OG0003581",1.9047972367994,0.00891440377286455,"4081.Solyc04g009440.2.1","GO:0001067,GO:0001666,GO:0003674,GO:0003676,GO:0003677,GO:0003700,GO:0005488,GO:0005575,GO:0005622,GO:0005623,GO:0005737,GO:0006082,GO:0006355,GO:0006790,GO:0006807,GO:0006950,GO:0008150,GO:0008152,GO:0009507,GO:0009536,GO:0009611,GO:0009628,GO:0009787,GO:0009788,GO:0009889,GO:0009966,GO:0009968,GO:0009987,GO:0010468,GO:0010556,GO:0010646,GO:0010648,GO:0016143,GO:0019219,GO:0019222,GO:0019748,GO:0019757,GO:0019760,GO:0023051,GO:0023057,GO:0031323,GO:0031326,GO:0036293,GO:0043226,GO:0043227,GO:0043229,GO:0043231,GO:0043436,GO:0043565,GO:0044212,GO:0044237,GO:0044281,GO:0044424,GO:0044444,GO:0044464,GO:0048519,GO:0048523,GO:0048583,GO:0048585,GO:0050789,GO:0050794,GO:0050896,GO:0051171,GO:0051252,GO:0060255,GO:0065007,GO:0070482,GO:0071704,GO:0080090,GO:0097159,GO:0140110,GO:1901135,GO:1901363,GO:1901419,GO:1901420,GO:1901564,GO:1901657,GO:1903506,GO:1905957,GO:1905958,GO:2000112,GO:2001141","","","K","No apical meristem (NAM) protein"
"cuAO","OG0006746",-1.42589849271821,0.00925301047002266,"4081.Solyc08g079430.2.1","","ko:K00276","ko00260,ko00350,ko00360,ko00410,ko00950,ko00960,ko01100,ko01110,map00260,map00350,map00360,map00410,map00950,map00960,map01100,map01110","Q","amine oxidase"
"LOC101258159","OG0013236",-1.1576977695349,0.00925301047002266,"4081.Solyc06g050170.2.1","GO:0003674,GO:0005215,GO:0005575,GO:0005623,GO:0005886,GO:0006810,GO:0006811,GO:0006812,GO:0006813,GO:0008150,GO:0008324,GO:0009987,GO:0015075,GO:0015077,GO:0015079,GO:0015318,GO:0015672,GO:0016020,GO:0022857,GO:0022890,GO:0030001,GO:0034220,GO:0044464,GO:0046873,GO:0051179,GO:0051234,GO:0055085,GO:0071804,GO:0071805,GO:0071944,GO:0098655,GO:0098660,GO:0098662","ko:K03549","","P","Potassium transporter"
"LOC138347637",NA,2.81601472631947,0.00950279297456911,NA,NA,NA,NA,NA,NA
"LOC101259605","OG0005997",1.30315123412361,0.00950279297456911,"4081.Solyc11g068440.1.1","GO:0001871,GO:0003674,GO:0003824,GO:0004553,GO:0005488,GO:0005575,GO:0005622,GO:0005623,GO:0005634,GO:0005737,GO:0005886,GO:0016020,GO:0016787,GO:0016798,GO:0030246,GO:0030247,GO:0031224,GO:0031225,GO:0031226,GO:0043226,GO:0043227,GO:0043229,GO:0043231,GO:0044424,GO:0044425,GO:0044459,GO:0044464,GO:0046658,GO:0071944","","","G","Belongs to the glycosyl hydrolase 17 family"
"ACAT4","OG0012423",1.20113147955452,0.00953072550055942,"4081.Solyc09g061840.2.1","GO:0003674,GO:0003824,GO:0003988,GO:0005575,GO:0005622,GO:0005623,GO:0005634,GO:0005730,GO:0005737,GO:0005739,GO:0005773,GO:0005774,GO:0005777,GO:0006082,GO:0006629,GO:0006631,GO:0006635,GO:0006950,GO:0006996,GO:0007031,GO:0008150,GO:0008152,GO:0009056,GO:0009058,GO:0009062,GO:0009507,GO:0009514,GO:0009536,GO:0009611,GO:0009657,GO:0009694,GO:0009695,GO:0009787,GO:0009789,GO:0009966,GO:0009967,GO:0009987,GO:0010111,GO:0010646,GO:0010647,GO:0010817,GO:0016020,GO:0016042,GO:0016043,GO:0016053,GO:0016054,GO:0016408,GO:0016740,GO:0016746,GO:0016747,GO:0019395,GO:0019752,GO:0023051,GO:0023056,GO:0030258,GO:0031090,GO:0031974,GO:0031981,GO:0032787,GO:0034440,GO:0042445,GO:0042446,GO:0042579,GO:0043226,GO:0043227,GO:0043228,GO:0043229,GO:0043231,GO:0043232,GO:0043233,GO:0043436,GO:0044237,GO:0044238,GO:0044242,GO:0044248,GO:0044249,GO:0044255,GO:0044281,GO:0044282,GO:0044283,GO:0044422,GO:0044424,GO:0044428,GO:0044437,GO:0044444,GO:0044446,GO:0044464,GO:0046394,GO:0046395,GO:0048518,GO:0048522,GO:0048583,GO:0048584,GO:0050789,GO:0050794,GO:0050896,GO:0055114,GO:0065007,GO:0065008,GO:0070013,GO:0071704,GO:0071840,GO:0072329,GO:0072330,GO:0098588,GO:0098805,GO:1901419,GO:1901421,GO:1901575,GO:1901576,GO:1905957,GO:1905959","ko:K07513","ko00071,ko00280,ko00592,ko01040,ko01100,ko01110,ko01130,ko01212,ko03320,ko04146,map00071,map00280,map00592,map01040,map01100,map01110,map01130,map01212,map03320,map04146","I","Belongs to the thiolase family"
"LOC101246948","OG0011458",1.89275676159986,0.00996047275404245,"4081.Solyc08g081520.1.1","","","","S","Protein BYPASS1-related"
"LOC101257491","OG0005268",1.54288696026514,0.0100303626638132,"4081.Solyc08g014570.2.1","GO:0005575,GO:0005622,GO:0005623,GO:0005737,GO:0005783,GO:0005886,GO:0012505,GO:0016020,GO:0043226,GO:0043227,GO:0043229,GO:0043231,GO:0044424,GO:0044444,GO:0044464,GO:0071944","","","S","ankyrin repeat-containing protein"
"LOC101249062",NA,1.4414475155951,0.0103535569838178,"4081.Solyc03g115920.2.1","","ko:K11975","","O","E3 ubiquitin-protein ligase"
"LOC101259800","OG0003790",2.76988530666608,0.0106774316023075,"4081.Solyc02g083880.2.1","","","","S","Gibberellin regulated protein"
"LOC101265155","OG0015407",5.43625259845839,0.0109275943393752,"4081.Solyc08g068630.2.1","","ko:K22427","ko00360,map00360","E","Aromatic amino acid decarboxylase"
"LOC101267596","OG0003971",1.03837027771116,0.0111417409129188,"4081.Solyc03g118200.2.1","GO:0001101,GO:0003674,GO:0005488,GO:0005543,GO:0005544,GO:0005575,GO:0005623,GO:0005886,GO:0005911,GO:0008150,GO:0008289,GO:0008361,GO:0009266,GO:0009270,GO:0009415,GO:0009506,GO:0009628,GO:0009987,GO:0010035,GO:0010941,GO:0016020,GO:0016043,GO:0030054,GO:0032535,GO:0042221,GO:0043167,GO:0043168,GO:0044464,GO:0045793,GO:0048519,GO:0048523,GO:0050789,GO:0050794,GO:0050896,GO:0055044,GO:0060548,GO:0065007,GO:0065008,GO:0071840,GO:0071944,GO:0090066,GO:1901700","","","T","Copine"
"HSTF24","OG0008394",1.12562920533997,0.0111561748957368,"4081.Solyc02g090820.2.1","GO:0003674,GO:0003700,GO:0005575,GO:0005622,GO:0005623,GO:0005634,GO:0006355,GO:0006950,GO:0008150,GO:0009266,GO:0009408,GO:0009628,GO:0009889,GO:0009890,GO:0009892,GO:0010468,GO:0010556,GO:0010558,GO:0010605,GO:0010629,GO:0019219,GO:0019222,GO:0031323,GO:0031324,GO:0031326,GO:0031327,GO:0043226,GO:0043227,GO:0043229,GO:0043231,GO:0044424,GO:0044464,GO:0045892,GO:0045934,GO:0048519,GO:0048523,GO:0050789,GO:0050794,GO:0050896,GO:0051171,GO:0051172,GO:0051252,GO:0051253,GO:0060255,GO:0065007,GO:0080090,GO:0140110,GO:1902679,GO:1903506,GO:1903507,GO:2000112,GO:2000113,GO:2001141","ko:K09419","","K","Heat shock factor"
"LOC101055602","OG0008607",1.40385405309313,0.0114360804110137,"4081.Solyc12g005340.1.1","","","","K","Belongs to the GRAS family"
"LOC101252936","OG0007275",1.48146648699498,0.0116507784274851,"4081.Solyc02g020890.2.1","","","","S","Eukaryotic protein of unknown function (DUF829)"
"SRG2","OG0004536",3.72669640064045,0.0122031703048457,"4081.Solyc07g040960.1.1","","","","L","Salt responsive protein 2"
"LOC101261461","OG0000145",3.21024883756094,0.0123674255408034,"4081.Solyc10g007280.2.1","","ko:K08900","","O","Domain associated at C-terminal with AAA"
"LOC101263124","OG0013228",-1.01512701494956,0.0129878272845585,"4081.Solyc06g065990.1.1","GO:0005575,GO:0005622,GO:0005623,GO:0005737,GO:0009507,GO:0009534,GO:0009535,GO:0009536,GO:0009579,GO:0016020,GO:0031976,GO:0031984,GO:0034357,GO:0042651,GO:0043226,GO:0043227,GO:0043229,GO:0043231,GO:0044422,GO:0044424,GO:0044434,GO:0044435,GO:0044436,GO:0044444,GO:0044446,GO:0044464,GO:0055035","ko:K02109","ko00190,ko00195,ko01100,map00190,map00195,map01100","C","ATP synthase subunit b'"
"LOC104645134","OG0000922",1.33365881805732,0.0130321059518257,"4081.Solyc12g056360.1.1","GO:0005575,GO:0005622,GO:0005623,GO:0005737,GO:0044424,GO:0044464","","","S","Thaumatin family"
"LOC138347239",NA,2.8133327547523,0.0132524228735081,"4081.Solyc03g082530.1.1","","ko:K14488","ko04075,map04075","S","Auxin responsive protein"
"LOC101261799","OG0000313",2.66314552946678,0.0132524228735081,"4081.Solyc03g119590.1.1","","","","",""
"LOC101244162","OG0001621",1.57720544002362,0.0134352329739502,"4081.Solyc03g044100.2.1","GO:0005575,GO:0005622,GO:0005623,GO:0005737,GO:0006950,GO:0006970,GO:0008150,GO:0009628,GO:0009651,GO:0044424,GO:0044464,GO:0050896","ko:K00430","ko00940,ko01100,ko01110,map00940,map01100,map01110","Q","Removal of H(2)O(2), oxidation of toxic reductants, biosynthesis and degradation of lignin, suberization, auxin catabolism, response to environmental stresses such as wounding, pathogen attack and oxidative stress"
"LOC101251803","OG0002763",1.33460696389782,0.0135042496243791,"4081.Solyc01g010660.2.1;4113.PGSC0003DMT400002280","","","","T","Belongs to the protein kinase superfamily"
"LOC101265190","OG0003965",2.14066979215906,0.0137520005350979,"4081.Solyc02g087350.1.1","GO:0000271,GO:0003674,GO:0003824,GO:0005575,GO:0005622,GO:0005623,GO:0005737,GO:0005794,GO:0005975,GO:0005976,GO:0006950,GO:0006979,GO:0008150,GO:0008152,GO:0008194,GO:0009058,GO:0009059,GO:0012505,GO:0016051,GO:0016740,GO:0016757,GO:0016758,GO:0043170,GO:0043226,GO:0043227,GO:0043229,GO:0043231,GO:0044238,GO:0044424,GO:0044444,GO:0044464,GO:0047262,GO:0050896,GO:0071704,GO:1901576","","","G","Belongs to the glycosyltransferase 8 family"
"LOC101262446","OG0005141",-1.43965355014316,0.0138645791070313,"4081.Solyc08g074960.2.1","GO:0000741,GO:0005575,GO:0005622,GO:0005623,GO:0005737,GO:0005739,GO:0006950,GO:0006970,GO:0006996,GO:0006997,GO:0007275,GO:0008150,GO:0009553,GO:0009559,GO:0009561,GO:0009628,GO:0009651,GO:0009987,GO:0010197,GO:0016043,GO:0030154,GO:0032501,GO:0032502,GO:0043226,GO:0043227,GO:0043229,GO:0043231,GO:0044424,GO:0044444,GO:0044464,GO:0048229,GO:0048284,GO:0048856,GO:0048869,GO:0050896,GO:0071840","","","S","Nodulin-like"
"LOC101243646","OG0003209",-1.4372173184814,0.0138645791070313,"4098.XP_009608749.1","GO:0000003,GO:0000228,GO:0000280,GO:0000710,GO:0000712,GO:0000793,GO:0000794,GO:0000795,GO:0003674,GO:0003676,GO:0003677,GO:0003690,GO:0003824,GO:0005488,GO:0005575,GO:0005622,GO:0005623,GO:0005634,GO:0005694,GO:0006139,GO:0006259,GO:0006281,GO:0006298,GO:0006310,GO:0006725,GO:0006807,GO:0006950,GO:0006974,GO:0006996,GO:0007049,GO:0007059,GO:0007127,GO:0007129,GO:0007131,GO:0008094,GO:0008150,GO:0008152,GO:0009987,GO:0010777,GO:0016043,GO:0016462,GO:0016787,GO:0016817,GO:0016818,GO:0016887,GO:0017111,GO:0022402,GO:0022414,GO:0022607,GO:0030983,GO:0031974,GO:0031981,GO:0033554,GO:0034641,GO:0035825,GO:0042623,GO:0043073,GO:0043170,GO:0043226,GO:0043227,GO:0043228,GO:0043229,GO:0043231,GO:0043232,GO:0043233,GO:0044085,GO:0044237,GO:0044238,GO:0044260,GO:0044422,GO:0044424,GO:0044427,GO:0044428,GO:0044446,GO:0044454,GO:0044464,GO:0045132,GO:0045143,GO:0046483,GO:0048285,GO:0050896,GO:0051026,GO:0051276,GO:0051304,GO:0051307,GO:0051321,GO:0051716,GO:0061982,GO:0070013,GO:0070192,GO:0071704,GO:0071840,GO:0090304,GO:0097159,GO:0098813,GO:0099086,GO:0140013,GO:1901360,GO:1901363,GO:1903046","ko:K08741","","L","MutS domain III"
"LOC101256083","OG0013054",1.40684847250613,0.0140579822023193,"4081.Solyc04g051820.2.1","","","","",""
"LOC101260068","OG0005712",1.53294655229869,0.014246664712991,"4081.Solyc08g007160.2.1","GO:0000003,GO:0000902,GO:0000904,GO:0001101,GO:0003006,GO:0003674,GO:0005488,GO:0005509,GO:0005515,GO:0005575,GO:0005622,GO:0005623,GO:0005737,GO:0005886,GO:0006950,GO:0006970,GO:0007154,GO:0007165,GO:0008150,GO:0009266,GO:0009409,GO:0009414,GO:0009415,GO:0009628,GO:0009651,GO:0009653,GO:0009719,GO:0009725,GO:0009737,GO:0009738,GO:0009755,GO:0009826,GO:0009856,GO:0009860,GO:0009932,GO:0009987,GO:0010033,GO:0010035,GO:0016020,GO:0016043,GO:0016049,GO:0019722,GO:0019899,GO:0019900,GO:0019932,GO:0022414,GO:0023052,GO:0030154,GO:0032501,GO:0032502,GO:0032870,GO:0032989,GO:0033993,GO:0035556,GO:0040007,GO:0042221,GO:0042995,GO:0043167,GO:0043169,GO:0044424,GO:0044464,GO:0044706,GO:0046872,GO:0048468,GO:0048588,GO:0048589,GO:0048856,GO:0048868,GO:0048869,GO:0050789,GO:0050794,GO:0050896,GO:0051704,GO:0051716,GO:0060560,GO:0065007,GO:0070887,GO:0071215,GO:0071229,GO:0071310,GO:0071396,GO:0071495,GO:0071840,GO:0071944,GO:0090406,GO:0097305,GO:0097306,GO:0120025,GO:1901700,GO:1901701","ko:K06268","ko04010,ko04020,ko04022,ko04114,ko04218,ko04310,ko04360,ko04370,ko04380,ko04650,ko04658,ko04659,ko04660,ko04662,ko04720,ko04724,ko04921,ko04922,ko04924,ko05010,ko05014,ko05031,ko05152,ko05166,ko05167,map04010,map04020,map04022,map04114,map04218,map04310,map04360,map04370,map04380,map04650,map04658,map04659,map04660,map04662,map04720,map04724,map04921,map04922,map04924,map05010,map05014,map05031,map05152,map05166,map05167","T","EF-hand domain pair"
"LOC101252819","OG0000358",1.18024991794868,0.0143617331504541,"4081.Solyc09g090130.2.1","","ko:K09422","","K","Myb-like DNA-binding domain"
"LOC101249094","OG0008505",5.04106221884273,0.0150798706964342,"4081.Solyc06g060870.1.1","GO:0003674,GO:0003824,GO:0004620,GO:0004806,GO:0005575,GO:0005622,GO:0005623,GO:0005737,GO:0008970,GO:0009507,GO:0009536,GO:0016298,GO:0016787,GO:0016788,GO:0043226,GO:0043227,GO:0043229,GO:0043231,GO:0044424,GO:0044444,GO:0044464,GO:0047714,GO:0052689","","","I","Lipase (class 3)"
"LOC101252830","OG0004476",1.65603867549353,0.0151304572520642,"4081.Solyc10g080010.1.1","","ko:K18134","ko00514,map00514","S","Protein of unknown function (DUF563)"
"LOC101245612","OG0004688",1.35110344066472,0.0151304572520642,"4081.Solyc02g072150.2.1","GO:0003674,GO:0003824,GO:0005575,GO:0005622,GO:0005623,GO:0005737,GO:0005829,GO:0005975,GO:0005984,GO:0005991,GO:0005992,GO:0006793,GO:0006796,GO:0006950,GO:0008150,GO:0008152,GO:0009058,GO:0009311,GO:0009312,GO:0009987,GO:0016051,GO:0016311,GO:0016787,GO:0016788,GO:0016791,GO:0033554,GO:0034637,GO:0042578,GO:0044237,GO:0044238,GO:0044249,GO:0044262,GO:0044424,GO:0044444,GO:0044464,GO:0046351,GO:0050896,GO:0051716,GO:0070413,GO:0071704,GO:1901576","ko:K16055","ko00500,ko01100,map00500,map01100","G","Glycosyltransferase family 20"
"LOC101244528","OG0000128",-1.25061274316346,0.0151304572520642,"4081.Solyc09g089730.2.1","","","","Q","Belongs to the iron ascorbate-dependent oxidoreductase family"
"ctu1","OG0000395",1.40853664239447,0.0152780121688962,"4081.Solyc09g011630.2.1","","ko:K00799","ko00480,ko00980,ko00982,ko00983,ko01524,ko05200,ko05204,ko05225,ko05418,map00480,map00980,map00982,map00983,map01524,map05200,map05204,map05225,map05418","O","Belongs to the GST superfamily"
"LOC101245483","OG0001902",1.52545430248001,0.0153017172725567,"4081.Solyc01g005800.2.1","","","","S","Short calmodulin-binding motif containing conserved Ile and Gln residues."
"LOC101265946","OG0013416",1.84965257273947,0.0153248534792822,"4081.Solyc08g083050.1.1","","","","",""
"XTH3","OG0012986",4.88190384347427,0.015345782178489,"4081.Solyc03g093130.2.1","","ko:K08235,ko:K14504","ko04075,map04075","G","Catalyzes xyloglucan endohydrolysis (XEH) and or endotransglycosylation (XET). Cleaves and religates xyloglucan polymers, an essential constituent of the primary cell wall, and thereby participates in cell wall construction of growing tissues"
"LOC101260100","OG0018060",3.6620952265996,0.0153843363216406,"4081.Solyc11g005240.1.1","","","","S","Protein SENSITIVITY TO RED LIGHT REDUCED"
"LOC101248846","OG0004061",1.00197119808324,0.0153843363216406,"4081.Solyc12g010400.1.1","","","","",""
"LOC101267913","OG0000686",-5.83756320719981,0.0155730282315841,"4081.Solyc07g064370.1.1","","","","S","Plant mobile domain"
"LOC104647144","OG0030050",4.0284256978358,0.0155730282315841,NA,NA,NA,NA,NA,NA
"LOC100134881","OG0013992",2.41029485099093,0.0155730282315841,"4081.Solyc10g084880.2.1","","","","S","Protein of unknown function (DUF668)"
"GH3.2","OG0003682",2.1849208111307,0.0155730282315841,"4081.Solyc01g107390.2.1","GO:0008150,GO:0009314,GO:0009416,GO:0009628,GO:0009719,GO:0009725,GO:0009733,GO:0010033,GO:0042221,GO:0050896","ko:K14487","ko04075,map04075","S","GH3 auxin-responsive promoter"
"LOC101260686","OG0000136",1.73478642745682,0.0155730282315841,"4081.Solyc11g013890.1.1;4113.PGSC0003DMT400023788","","","","S","F-box associated"
"LOC101262533","OG0000162",-1.64422557747452,0.0155730282315841,"4081.Solyc07g055560.2.1","","ko:K10717,ko:K20660","ko00908,ko01100,ko01110,map00908,map01100,map01110","Q","Belongs to the cytochrome P450 family"
"LOC101260388","OG0001795",1.10384542253346,0.0155730282315841,"4081.Solyc02g092450.2.1","","ko:K01537","","P","This magnesium-dependent enzyme catalyzes the hydrolysis of ATP coupled with the transport of calcium"
"LOC101263526",NA,2.15662665991694,0.0157482324254867,NA,NA,NA,NA,NA,NA
"LOC101255483","OG0009443",1.34494355448521,0.0158448708583016,"4081.Solyc03g115610.2.1","GO:0002215,GO:0005575,GO:0005622,GO:0005623,GO:0005737,GO:0005739,GO:0005886,GO:0006950,GO:0006952,GO:0007275,GO:0008150,GO:0009791,GO:0009825,GO:0009845,GO:0009987,GO:0016020,GO:0016049,GO:0032501,GO:0032502,GO:0040007,GO:0043226,GO:0043227,GO:0043229,GO:0043231,GO:0044424,GO:0044444,GO:0044464,GO:0048856,GO:0050896,GO:0071944,GO:0090351","","","T","Leucine Rich repeat"
"LOC101258393","OG0000415",1.17639683759562,0.0158448708583016,"4081.Solyc08g063130.2.1","","","","C","FAD binding domain"
"LOC138337109","OG0002745",1.20185735098184,0.0158481975442395,"4113.PGSC0003DMT400078678","","ko:K15193","","S","Protein SPT2 homolog"
"LOC101251337","OG0030166",-1.11493315108288,0.0160198541517312,"4081.Solyc10g009580.2.1","GO:0003674,GO:0003824,GO:0005575,GO:0005622,GO:0005623,GO:0005737,GO:0005783,GO:0006725,GO:0006805,GO:0006950,GO:0006970,GO:0008150,GO:0008152,GO:0008194,GO:0009056,GO:0009058,GO:0009410,GO:0009628,GO:0009636,GO:0009651,GO:0009698,GO:0009699,GO:0009808,GO:0009809,GO:0009987,GO:0012505,GO:0016740,GO:0016757,GO:0016758,GO:0019438,GO:0019748,GO:0035251,GO:0042178,GO:0042221,GO:0043226,GO:0043227,GO:0043229,GO:0043231,GO:0044237,GO:0044248,GO:0044249,GO:0044424,GO:0044444,GO:0044464,GO:0044550,GO:0046527,GO:0050896,GO:0051716,GO:0070887,GO:0071466,GO:0071704,GO:0080043,GO:0080044,GO:1901360,GO:1901362,GO:1901576","ko:K08237","","CG","UDP-glucoronosyl and UDP-glucosyl transferase"
"DCL2d","OG0001412",1.60238940092178,0.0162284115312779,"4081.Solyc11g008530.1.1","GO:0002252,GO:0002376,GO:0003674,GO:0003676,GO:0003723,GO:0003824,GO:0004518,GO:0004519,GO:0004521,GO:0004525,GO:0004540,GO:0005488,GO:0005575,GO:0005622,GO:0005623,GO:0005634,GO:0005737,GO:0006139,GO:0006259,GO:0006396,GO:0006725,GO:0006807,GO:0006950,GO:0006952,GO:0006955,GO:0008150,GO:0008152,GO:0009605,GO:0009607,GO:0009615,GO:0009616,GO:0009892,GO:0009987,GO:0010033,GO:0010216,GO:0010267,GO:0010467,GO:0010468,GO:0010605,GO:0010608,GO:0010629,GO:0014070,GO:0016070,GO:0016246,GO:0016441,GO:0016442,GO:0016458,GO:0016787,GO:0016788,GO:0016891,GO:0016893,GO:0019222,GO:0030422,GO:0031047,GO:0031050,GO:0031332,GO:0032296,GO:0032991,GO:0034641,GO:0035194,GO:0035821,GO:0040029,GO:0042221,GO:0043170,GO:0043207,GO:0043226,GO:0043227,GO:0043229,GO:0043231,GO:0043331,GO:0044003,GO:0044237,GO:0044238,GO:0044260,GO:0044403,GO:0044419,GO:0044424,GO:0044464,GO:0045087,GO:0046483,GO:0048519,GO:0050789,GO:0050896,GO:0051214,GO:0051607,GO:0051701,GO:0051704,GO:0051707,GO:0051716,GO:0051817,GO:0052018,GO:0052249,GO:0060255,GO:0065007,GO:0070887,GO:0070918,GO:0071310,GO:0071359,GO:0071407,GO:0071704,GO:0090304,GO:0090305,GO:0090501,GO:0090502,GO:0097159,GO:0098542,GO:0098586,GO:0140098,GO:1901360,GO:1901363,GO:1901698,GO:1901699,GO:1990904","ko:K11592","ko05206,map05206","A","Ribonuclease III domain"
"LOC101268787","OG0002120",1.65583972664407,0.0164934714096073,"4081.Solyc09g014990.2.1","","ko:K13424","ko04016,ko04626,map04016,map04626","K","DNA binding domain"
"PTI5","OG0012471",1.80510716346031,0.0165229667818235,"4081.Solyc02g077370.1.1","","ko:K09286,ko:K13433","ko04626,map04626","K","Pathogenesis-related genes transcriptional activator"
"LOC101250202",NA,2.6537103075071,0.0165423376115866,"4081.Solyc03g117860.2.1","","","","O","In Between Ring fingers"
"LOC101257836","OG0002809",-1.27992916883483,0.0165423376115866,"4081.Solyc12g009480.1.1","","","","P","SPX domain"
"LOC101247877","OG0001184",1.71644124438601,0.0166171824532707,"4113.PGSC0003DMT400003629","GO:0005575,GO:0005622,GO:0005623,GO:0005737,GO:0005794,GO:0005802,GO:0005886,GO:0008150,GO:0012505,GO:0016020,GO:0031984,GO:0042592,GO:0043226,GO:0043227,GO:0043229,GO:0043231,GO:0044422,GO:0044424,GO:0044431,GO:0044444,GO:0044446,GO:0044464,GO:0048878,GO:0050801,GO:0055062,GO:0055065,GO:0055069,GO:0055076,GO:0055080,GO:0055081,GO:0055083,GO:0065007,GO:0065008,GO:0071944,GO:0072505,GO:0072506,GO:0072507,GO:0098771,GO:0098791","","","U","Phosphate transporter PHO1 homolog 9-like"
"LOC101247659","OG0000438",2.1127240355727,0.0166400314115021,"4081.Solyc09g082230.1.1","","","","J","Acetyltransferase (GNAT) domain"
"LOC101260046","OG0003996",1.39602146388495,0.0166400314115021,"4081.Solyc05g009610.1.1","GO:0003674,GO:0003824,GO:0008150,GO:0008152,GO:0009056,GO:0016787","","","V","Carboxylesterase family"
"LOC101266204","OG0003305",1.37369980562247,0.0166400314115021,"4081.Solyc03g121620.1.1","","","","S","Late embryogenesis abundant protein"
"LOC101268216","OG0000395",3.43980890174705,0.0171830047789829,"4081.Solyc09g011500.2.1","","ko:K00799","ko00480,ko00980,ko00982,ko00983,ko01524,ko05200,ko05204,ko05225,ko05418,map00480,map00980,map00982,map00983,map01524,map05200,map05204,map05225,map05418","O","Belongs to the GST superfamily"
"LOC101250474","OG0001703",-1.66059553067671,0.0171830047789829,"4096.XP_009761724.1","","ko:K00128","ko00010,ko00053,ko00071,ko00280,ko00310,ko00330,ko00340,ko00380,ko00410,ko00561,ko00620,ko00625,ko00903,ko00981,ko01100,ko01110,ko01120,ko01130,map00010,map00053,map00071,map00280,map00310,map00330,map00340,map00380,map00410,map00561,map00620,map00625,map00903,map00981,map01100,map01110,map01120,map01130","C","Aldehyde dehydrogenase family 2 member B7, mitochondrial-like"
"Rab1A","OG0004443",1.09907466980917,0.0171830047789829,"4113.PGSC0003DMT400067463","GO:0000139,GO:0005575,GO:0005622,GO:0005623,GO:0005737,GO:0005773,GO:0005783,GO:0005789,GO:0005794,GO:0005802,GO:0005886,GO:0006810,GO:0006888,GO:0008150,GO:0010035,GO:0010038,GO:0012505,GO:0016020,GO:0016192,GO:0031090,GO:0031984,GO:0032588,GO:0042175,GO:0042221,GO:0043226,GO:0043227,GO:0043229,GO:0043231,GO:0044422,GO:0044424,GO:0044425,GO:0044431,GO:0044432,GO:0044444,GO:0044446,GO:0044464,GO:0046686,GO:0046907,GO:0048193,GO:0050896,GO:0051179,GO:0051234,GO:0051641,GO:0051649,GO:0071944,GO:0098588,GO:0098791,GO:0098827","ko:K07874","ko05134,map05134","U","GTP-binding protein"
"LOC101268239","OG0002924",1.38816062626154,0.0176266615696245,"4081.Solyc10g083890.1.1","","ko:K01674","ko00910,map00910","P","Alpha carbonic anhydrase"
"LOC101259314","OG0002151",-1.67277009746709,0.0179476636836049,"4081.Solyc03g006410.2.1","","","","S","PDDEXK-like family of unknown function"
"LOC101258980","OG0002201",1.05267417510682,0.0179571072844995,"4081.Solyc08g079700.1.1","GO:0002376,GO:0003674,GO:0003824,GO:0004842,GO:0005575,GO:0005911,GO:0006464,GO:0006508,GO:0006511,GO:0006807,GO:0006950,GO:0006952,GO:0006955,GO:0008150,GO:0008152,GO:0009056,GO:0009057,GO:0009506,GO:0009605,GO:0009607,GO:0009814,GO:0009987,GO:0010498,GO:0016567,GO:0016740,GO:0019538,GO:0019787,GO:0019941,GO:0030054,GO:0030163,GO:0032446,GO:0036211,GO:0043161,GO:0043170,GO:0043207,GO:0043412,GO:0043632,GO:0044237,GO:0044238,GO:0044248,GO:0044257,GO:0044260,GO:0044265,GO:0044267,GO:0045087,GO:0050896,GO:0051603,GO:0051704,GO:0051707,GO:0055044,GO:0061630,GO:0061659,GO:0070647,GO:0071704,GO:0098542,GO:0140096,GO:1901564,GO:1901565,GO:1901575","","","S","Stress-associated protein"
"LOC101250310","OG0006847",1.16072832329137,0.0180676463675149,"4081.Solyc06g076040.2.1","GO:0002682,GO:0002683,GO:0003674,GO:0003676,GO:0003723,GO:0003735,GO:0003824,GO:0004842,GO:0005102,GO:0005198,GO:0005488,GO:0005515,GO:0005575,GO:0005622,GO:0005623,GO:0005634,GO:0005737,GO:0005829,GO:0005840,GO:0006464,GO:0006807,GO:0006950,GO:0006952,GO:0008150,GO:0008152,GO:0009605,GO:0009607,GO:0009617,GO:0009987,GO:0010941,GO:0015934,GO:0016567,GO:0016740,GO:0019538,GO:0019787,GO:0019843,GO:0022625,GO:0022626,GO:0031347,GO:0031348,GO:0032446,GO:0032991,GO:0033612,GO:0036211,GO:0042742,GO:0042981,GO:0043066,GO:0043067,GO:0043069,GO:0043170,GO:0043207,GO:0043226,GO:0043227,GO:0043228,GO:0043229,GO:0043231,GO:0043232,GO:0043412,GO:0044237,GO:0044238,GO:0044260,GO:0044267,GO:0044391,GO:0044422,GO:0044424,GO:0044444,GO:0044445,GO:0044446,GO:0044464,GO:0048519,GO:0048523,GO:0048580,GO:0048583,GO:0048585,GO:0048586,GO:0050776,GO:0050777,GO:0050789,GO:0050793,GO:0050794,GO:0050896,GO:0051239,GO:0051704,GO:0051707,GO:0060548,GO:0065007,GO:0070647,GO:0070696,GO:0071704,GO:0080134,GO:0097159,GO:0098542,GO:0140096,GO:1901363,GO:1901564,GO:1990904,GO:2000026,GO:2000028,GO:2000241","ko:K04733,ko:K08332","ko04010,ko04064,ko04620,ko04621,ko04624,ko04722,ko05133,ko05140,ko05142,ko05145,ko05152,ko05162,ko05164,map04010,map04064,map04620,map04621,map04624,map04722,map05133,map05140,map05142,map05145,map05152,map05162,map05164","S","Modified RING finger domain"
"LOC101246598","OG0002666",2.26616568427908,0.0182944437442807,"4081.Solyc03g005980.2.1","","ko:K09874","","G","Belongs to the MIP aquaporin (TC 1.A.8) family"
"LOC101258270","OG0001676",1.57996688755469,0.0187679770780686,"4081.Solyc06g074030.1.1","GO:0000175,GO:0000288,GO:0000289,GO:0000291,GO:0000932,GO:0000956,GO:0002213,GO:0003674,GO:0003824,GO:0004518,GO:0004527,GO:0004532,GO:0004535,GO:0004540,GO:0005575,GO:0005622,GO:0005623,GO:0005737,GO:0006139,GO:0006401,GO:0006402,GO:0006417,GO:0006725,GO:0006807,GO:0006950,GO:0006952,GO:0008150,GO:0008152,GO:0008408,GO:0009056,GO:0009057,GO:0009605,GO:0009607,GO:0009611,GO:0009617,GO:0009889,GO:0009890,GO:0009892,GO:0009987,GO:0010468,GO:0010556,GO:0010558,GO:0010605,GO:0010608,GO:0010629,GO:0016070,GO:0016071,GO:0016787,GO:0016788,GO:0016796,GO:0016896,GO:0017148,GO:0019222,GO:0019439,GO:0030014,GO:0030015,GO:0031323,GO:0031324,GO:0031326,GO:0031327,GO:0032268,GO:0032269,GO:0032991,GO:0034248,GO:0034249,GO:0034641,GO:0034655,GO:0035770,GO:0036464,GO:0042742,GO:0043170,GO:0043207,GO:0043226,GO:0043228,GO:0043229,GO:0043232,GO:0043928,GO:0044237,GO:0044238,GO:0044248,GO:0044260,GO:0044265,GO:0044270,GO:0044424,GO:0044444,GO:0044464,GO:0046483,GO:0046700,GO:0048519,GO:0048523,GO:0050789,GO:0050794,GO:0050896,GO:0051171,GO:0051172,GO:0051246,GO:0051248,GO:0051704,GO:0051707,GO:0060255,GO:0065007,GO:0071704,GO:0080090,GO:0090304,GO:0090305,GO:0090501,GO:0090503,GO:0098542,GO:0140098,GO:1901360,GO:1901361,GO:1901575,GO:1990904,GO:2000112,GO:2000113","ko:K12581","ko03018,map03018","A","Ccr4-associated factor"
"LOC101248021",NA,4.85205157973278,0.01880516617787,NA,NA,NA,NA,NA,NA
"LOC101245633","OG0004278",1.28922199771145,0.0189420537369438,"4081.Solyc03g116340.2.1","GO:0003674,GO:0003700,GO:0005575,GO:0005622,GO:0005623,GO:0005634,GO:0006355,GO:0006873,GO:0006875,GO:0006879,GO:0006950,GO:0007154,GO:0008150,GO:0009267,GO:0009605,GO:0009889,GO:0009987,GO:0009991,GO:0010106,GO:0010468,GO:0010556,GO:0019219,GO:0019222,GO:0019725,GO:0030003,GO:0031323,GO:0031326,GO:0031667,GO:0031668,GO:0031669,GO:0033554,GO:0042592,GO:0042594,GO:0043226,GO:0043227,GO:0043229,GO:0043231,GO:0044424,GO:0044464,GO:0046916,GO:0048878,GO:0050789,GO:0050794,GO:0050801,GO:0050896,GO:0051171,GO:0051252,GO:0051716,GO:0055065,GO:0055072,GO:0055076,GO:0055080,GO:0055082,GO:0060255,GO:0065007,GO:0065008,GO:0071496,GO:0080090,GO:0098771,GO:0140110,GO:1903506,GO:2000112,GO:2001141","","","K","Transcription factor bHLH47-like"
"LOC104648613","OG0030130",3.14165291617158,0.0201507052016957,"4081.Solyc08g007820.1.1","","","","K","DNA-binding domain in plant proteins such as APETALA2 and EREBPs"
"LOC101253022","OG0005432",2.84492487600863,0.0201507052016957,"4081.Solyc01g087590.2.1","GO:0000166,GO:0003674,GO:0003824,GO:0005488,GO:0006576,GO:0006595,GO:0006598,GO:0006807,GO:0008150,GO:0008152,GO:0009056,GO:0009308,GO:0009310,GO:0009987,GO:0016491,GO:0016645,GO:0016647,GO:0034641,GO:0036094,GO:0042402,GO:0043167,GO:0043168,GO:0044106,GO:0044237,GO:0046592,GO:0048037,GO:0050660,GO:0050662,GO:0055114,GO:0071704,GO:0097159,GO:1901265,GO:1901363,GO:1901564,GO:1901565,GO:1901575","ko:K13366","ko00330,ko00410,ko01100,map00330,map00410,map01100","Q","Polyamine oxidase"
"Wfi1","OG0004735",1.37498792270469,0.0201507052016957,"4081.Solyc03g117980.2.1","","ko:K13447","ko04016,ko04626,map04016,map04626","PQ","respiratory burst oxidase homolog protein"
"LOC101249408",NA,1.7906481614314,0.0204857163302817,NA,NA,NA,NA,NA,NA
"LOC112940897",NA,1.65871085260337,0.0204857163302817,NA,NA,NA,NA,NA,NA
"LOC101244652","OG0000117",1.84943952635891,0.0209359745950749,"4081.Solyc12g096960.1.1","","","","H","Pathogenesis-related protein STH-2-like"
"LOC101252550","OG0000442",1.51239087136402,0.020997690777019,"4081.Solyc11g030730.1.1","","ko:K20623","ko00905,ko01100,ko01110,map00905,map01100,map01110","Q","Belongs to the cytochrome P450 family"
"LOC101264778","OG0012127",1.45936807456799,0.0210493223330271,"4081.Solyc02g085010.1.1","","","","S","Encoded by"
"LOC101249967","OG0012360",1.19162321341319,0.0210493223330271,"4081.Solyc10g055230.1.1","","","","S","Dirigent proteins impart stereoselectivity on the phenoxy radical-coupling reaction, yielding optically active lignans from two molecules of coniferyl alcohol in the biosynthesis of lignans, flavonolignans, and alkaloids and thus plays a central role in plant secondary metabolism"
"LOC101267254","OG0006018",1.75997549559859,0.0210901978792474,"4081.Solyc08g006470.2.1","GO:0003674,GO:0003700,GO:0005575,GO:0005622,GO:0005623,GO:0005737,GO:0005829,GO:0005840,GO:0006355,GO:0008150,GO:0009889,GO:0010468,GO:0010556,GO:0015934,GO:0019219,GO:0019222,GO:0022613,GO:0022625,GO:0022626,GO:0030684,GO:0030687,GO:0031323,GO:0031326,GO:0032991,GO:0042254,GO:0042273,GO:0043226,GO:0043228,GO:0043229,GO:0043232,GO:0044085,GO:0044391,GO:0044422,GO:0044424,GO:0044444,GO:0044445,GO:0044446,GO:0044464,GO:0050789,GO:0050794,GO:0051171,GO:0051252,GO:0060255,GO:0065007,GO:0071840,GO:0080090,GO:0140110,GO:1903506,GO:1990904,GO:2000112,GO:2001141","ko:K14816","","S","Zinc finger protein"
"LOC101255003",NA,1.06571468244714,0.0210901978792474,"4081.Solyc06g030470.2.1","","","","S","Protein UPSTREAM OF"
"LOC101246126","OG0000780",1.32538556855003,0.0212390593504046,"4113.PGSC0003DMT400007346","GO:0000151,GO:0003674,GO:0005488,GO:0005515,GO:0005575,GO:0005622,GO:0005623,GO:0005634,GO:0005737,GO:0005777,GO:0006508,GO:0006511,GO:0006807,GO:0008150,GO:0008152,GO:0009056,GO:0009057,GO:0009987,GO:0010498,GO:0019005,GO:0019222,GO:0019538,GO:0019899,GO:0019941,GO:0030162,GO:0030163,GO:0031461,GO:0031625,GO:0032991,GO:0042579,GO:0043161,GO:0043170,GO:0043226,GO:0043227,GO:0043229,GO:0043231,GO:0043632,GO:0044237,GO:0044238,GO:0044248,GO:0044257,GO:0044260,GO:0044265,GO:0044267,GO:0044389,GO:0044424,GO:0044444,GO:0044464,GO:0050789,GO:0051171,GO:0051246,GO:0051603,GO:0060255,GO:0065007,GO:0071704,GO:0080090,GO:1901564,GO:1901565,GO:1901575,GO:1902494,GO:1990234","","","S","F-box kelch-repeat protein SKIP11-like"
"LOC101266189","OG0003006",1.21903940325228,0.0215264907895605,"4113.PGSC0003DMT400067738","GO:0000151,GO:0005575,GO:0005622,GO:0005623,GO:0008150,GO:0016020,GO:0019005,GO:0019216,GO:0019218,GO:0019222,GO:0031461,GO:0032991,GO:0044424,GO:0044464,GO:0050789,GO:0065007,GO:0080090,GO:1902494,GO:1990234","","","S","F-Box protein"
"ERF5","OG0001150",1.50949468041372,0.0215695847332651,"4081.Solyc03g093560.1.1","GO:0001067,GO:0003674,GO:0003676,GO:0003677,GO:0003700,GO:0005488,GO:0006355,GO:0006950,GO:0006952,GO:0008150,GO:0009605,GO:0009607,GO:0009620,GO:0009888,GO:0009889,GO:0009891,GO:0009893,GO:0009987,GO:0010033,GO:0010087,GO:0010200,GO:0010243,GO:0010468,GO:0010556,GO:0010557,GO:0010604,GO:0010628,GO:0019219,GO:0019222,GO:0031323,GO:0031325,GO:0031326,GO:0031328,GO:0032502,GO:0042221,GO:0042493,GO:0043207,GO:0044212,GO:0045893,GO:0045935,GO:0048518,GO:0048522,GO:0048856,GO:0050789,GO:0050794,GO:0050832,GO:0050896,GO:0051171,GO:0051173,GO:0051252,GO:0051254,GO:0051301,GO:0051704,GO:0051707,GO:0060255,GO:0065007,GO:0080090,GO:0097159,GO:0098542,GO:0140110,GO:1901363,GO:1901698,GO:1901700,GO:1902680,GO:1903506,GO:1903508,GO:2000112,GO:2001141","ko:K09286","","K","factor 5"
"GA2ox3","OG0003817",3.66382449866223,0.0216066734427024,"4081.Solyc01g079200.2.1","GO:0003674,GO:0003824,GO:0006082,GO:0006629,GO:0006720,GO:0006721,GO:0008150,GO:0008152,GO:0008300,GO:0009056,GO:0009314,GO:0009416,GO:0009628,GO:0009639,GO:0009685,GO:0009987,GO:0010817,GO:0016042,GO:0016054,GO:0016101,GO:0016103,GO:0016115,GO:0016491,GO:0016705,GO:0016706,GO:0019752,GO:0042445,GO:0042447,GO:0043436,GO:0044237,GO:0044238,GO:0044242,GO:0044248,GO:0044255,GO:0044281,GO:0044282,GO:0045487,GO:0045543,GO:0046395,GO:0050896,GO:0051213,GO:0052634,GO:0055114,GO:0065007,GO:0065008,GO:0071704,GO:1901575","ko:K04125","ko00904,ko01110,map00904,map01110","Q","Belongs to the iron ascorbate-dependent oxidoreductase family"
"LOC101247399","OG0000682",1.47612771066356,0.0217304467805122,"4081.Solyc02g078130.2.1","GO:0000976,GO:0000977,GO:0001012,GO:0001067,GO:0003674,GO:0003676,GO:0003677,GO:0003690,GO:0003700,GO:0005488,GO:0005575,GO:0005622,GO:0005623,GO:0005634,GO:0005667,GO:0006355,GO:0006357,GO:0006950,GO:0006952,GO:0008150,GO:0009605,GO:0009607,GO:0009620,GO:0009889,GO:0010468,GO:0010556,GO:0019219,GO:0019222,GO:0031323,GO:0031326,GO:0032991,GO:0043207,GO:0043226,GO:0043227,GO:0043229,GO:0043231,GO:0043565,GO:0044212,GO:0044422,GO:0044424,GO:0044428,GO:0044446,GO:0044464,GO:0044798,GO:0050789,GO:0050794,GO:0050832,GO:0050896,GO:0051171,GO:0051252,GO:0051704,GO:0051707,GO:0060255,GO:0065007,GO:0080090,GO:0090575,GO:0097159,GO:0098542,GO:0140110,GO:1901363,GO:1903506,GO:1990837,GO:2000112,GO:2001141","","","K","helix loop helix domain"
"CIPK11","OG0002811",1.24936008026546,0.0217304467805122,"4081.Solyc06g082440.1.1","GO:0003674,GO:0003824,GO:0004672,GO:0004674,GO:0005575,GO:0005622,GO:0005623,GO:0006464,GO:0006468,GO:0006793,GO:0006796,GO:0006807,GO:0007154,GO:0007165,GO:0008150,GO:0008152,GO:0009268,GO:0009628,GO:0009987,GO:0016301,GO:0016310,GO:0016740,GO:0016772,GO:0016773,GO:0018105,GO:0018107,GO:0018193,GO:0018209,GO:0018210,GO:0019538,GO:0023052,GO:0035556,GO:0036211,GO:0043170,GO:0043412,GO:0044237,GO:0044238,GO:0044260,GO:0044267,GO:0044464,GO:0050789,GO:0050794,GO:0050896,GO:0051716,GO:0065007,GO:0071704,GO:0140096,GO:1901564","ko:K07198,ko:K12761","ko04068,ko04113,ko04138,ko04140,ko04150,ko04151,ko04152,ko04211,ko04213,ko04371,ko04530,ko04710,ko04714,ko04910,ko04920,ko04921,ko04922,ko04931,ko04932,ko05410,ko05418,map04068,map04113,map04138,map04140,map04150,map04151,map04152,map04211,map04213,map04371,map04530,map04710,map04714,map04910,map04920,map04921,map04922,map04931,map04932,map05410,map05418","T","CBL-interacting serine threonine-protein kinase 11-like"
"LOC101263667","OG0005756",1.01172527064983,0.0217304467805122,"4081.Solyc02g070890.2.1","GO:0003674,GO:0003824,GO:0004672,GO:0004674,GO:0004675,GO:0004888,GO:0005575,GO:0005622,GO:0005623,GO:0005737,GO:0005768,GO:0005886,GO:0006464,GO:0006468,GO:0006793,GO:0006796,GO:0006807,GO:0006810,GO:0006897,GO:0006898,GO:0006950,GO:0006952,GO:0007154,GO:0007165,GO:0007166,GO:0007167,GO:0007178,GO:0008150,GO:0008152,GO:0009595,GO:0009605,GO:0009607,GO:0009617,GO:0009987,GO:0010359,GO:0012505,GO:0016020,GO:0016043,GO:0016045,GO:0016192,GO:0016301,GO:0016310,GO:0016740,GO:0016772,GO:0016773,GO:0019199,GO:0019538,GO:0022898,GO:0023052,GO:0031410,GO:0031982,GO:0032409,GO:0032412,GO:0032879,GO:0033036,GO:0033037,GO:0033554,GO:0034762,GO:0034765,GO:0036211,GO:0038023,GO:0042545,GO:0042742,GO:0043170,GO:0043207,GO:0043226,GO:0043227,GO:0043229,GO:0043269,GO:0043412,GO:0044070,GO:0044237,GO:0044238,GO:0044260,GO:0044267,GO:0044424,GO:0044444,GO:0044464,GO:0045229,GO:0050789,GO:0050794,GO:0050896,GO:0051049,GO:0051179,GO:0051234,GO:0051606,GO:0051641,GO:0051704,GO:0051707,GO:0051716,GO:0052386,GO:0052482,GO:0052542,GO:0052543,GO:0052544,GO:0052545,GO:0060089,GO:0065007,GO:0065009,GO:0070727,GO:0071554,GO:0071555,GO:0071704,GO:0071840,GO:0071944,GO:0097708,GO:0098542,GO:0098543,GO:0098581,GO:0098657,GO:0140096,GO:1901564,GO:1903959","ko:K13420","ko04016,ko04626,map04016,map04626","T","LRR receptor-like serine threonine-protein kinase FLS2"
"LOC101262913","OG0001937",3.14700753363424,0.0217698627878855,"4081.Solyc04g079360.1.1","","","","K","Myb-like DNA-binding domain"
"LOC101268757","OG0004122",3.01428016740015,0.022138987639609,"4081.Solyc04g074830.1.1","","","","TU","Clathrin assembly protein"
"LOC101256566","OG0000871;OG0030012",-1.20053027936773,0.022138987639609,"4081.Solyc03g082620.2.1","GO:0000003,GO:0003006,GO:0003674,GO:0005215,GO:0005575,GO:0005623,GO:0005886,GO:0006810,GO:0007275,GO:0008150,GO:0009605,GO:0009607,GO:0009624,GO:0009791,GO:0010035,GO:0010038,GO:0010039,GO:0010043,GO:0010154,GO:0015603,GO:0015688,GO:0016020,GO:0022414,GO:0022857,GO:0032501,GO:0032502,GO:0042221,GO:0043207,GO:0044464,GO:0048316,GO:0048608,GO:0048731,GO:0048856,GO:0050896,GO:0051179,GO:0051234,GO:0051704,GO:0051707,GO:0051980,GO:0055085,GO:0061458,GO:0071944,GO:1901678","","","S","OPT oligopeptide transporter protein"
"CZFP1","OG0007351",2.24258301547661,0.0223737722595562,"4081.Solyc04g077980.1.1","","","","S","Zinc finger protein"
"LOC101262152","OG0000586",1.47164645137099,0.022790088679791,"4081.Solyc10g008400.1.1","GO:0001101,GO:0003674,GO:0003824,GO:0004842,GO:0005488,GO:0005515,GO:0005575,GO:0005622,GO:0005623,GO:0005737,GO:0005783,GO:0005789,GO:0006464,GO:0006508,GO:0006511,GO:0006515,GO:0006807,GO:0006810,GO:0006886,GO:0006950,GO:0006970,GO:0008104,GO:0008150,GO:0008152,GO:0009056,GO:0009057,GO:0009266,GO:0009409,GO:0009414,GO:0009415,GO:0009611,GO:0009628,GO:0009719,GO:0009723,GO:0009725,GO:0009987,GO:0010033,GO:0010035,GO:0010243,GO:0010498,GO:0012505,GO:0015031,GO:0015833,GO:0016020,GO:0016567,GO:0016740,GO:0019538,GO:0019787,GO:0019899,GO:0019941,GO:0030163,GO:0031984,GO:0032446,GO:0032527,GO:0032991,GO:0033036,GO:0033554,GO:0034613,GO:0034976,GO:0035966,GO:0035967,GO:0036211,GO:0036503,GO:0036513,GO:0042175,GO:0042221,GO:0042886,GO:0043161,GO:0043170,GO:0043226,GO:0043227,GO:0043229,GO:0043231,GO:0043412,GO:0043632,GO:0044237,GO:0044238,GO:0044248,GO:0044257,GO:0044260,GO:0044265,GO:0044267,GO:0044390,GO:0044422,GO:0044424,GO:0044425,GO:0044432,GO:0044444,GO:0044446,GO:0044464,GO:0045184,GO:0046907,GO:0050896,GO:0051179,GO:0051234,GO:0051603,GO:0051641,GO:0051649,GO:0051716,GO:0051788,GO:0070647,GO:0070727,GO:0070887,GO:0071218,GO:0071310,GO:0071702,GO:0071704,GO:0071705,GO:0071712,GO:0098796,GO:0098827,GO:0140096,GO:1901564,GO:1901565,GO:1901575,GO:1901698,GO:1901700","ko:K10666","ko04141,map04141","O","E3 ubiquitin-protein ligase"
"LOC101247995","OG0013540",1.12525671470335,0.023022971846908,"4081.Solyc03g094160.2.1","GO:0008150,GO:0010941,GO:0043067,GO:0043069,GO:0048519,GO:0048523,GO:0050789,GO:0050794,GO:0060548,GO:0065007","","","DO","Metacaspase-1-like"
"LOC543924","OG0007360",1.20074883010043,0.0233518855978222,"4081.Solyc02g090110.2.1","","","","T","Epidermal growth factor-like domain."
"LOC101262819","OG0002039",-1.05215230451723,0.0233518855978222,"4081.Solyc06g072740.1.1","","ko:K00913","ko00562,ko01100,ko04070,map00562,map01100,map04070","F","Kinase that can phosphorylate various inositol polyphosphate such as Ins(3,4,5,6)P4 or Ins(1,3,4)P3"
"AADC1A","OG0015407",2.75001579170754,0.0233688460310615,"4081.Solyc08g068680.2.1","","ko:K22427","ko00360,map00360","E","Aromatic amino acid decarboxylase"
"JRE1","OG0000431",4.81689067598301,0.0234073354025079,"4081.Solyc01g090300.2.1","","ko:K09286,ko:K14517","ko04075,map04075","K","DNA-binding domain in plant proteins such as APETALA2 and EREBPs"
"LOC101244745","OG0005671",1.81246700215324,0.0236194748228797,"4081.Solyc12g005700.1.1","","","","S","Protein of unknown function (DUF1218)"
"tXET-B2","OG0000817",3.43088864599405,0.0237078154247331,"4081.Solyc07g056000.2.1","","ko:K08235","","G","Catalyzes xyloglucan endohydrolysis (XEH) and or endotransglycosylation (XET). Cleaves and religates xyloglucan polymers, an essential constituent of the primary cell wall, and thereby participates in cell wall construction of growing tissues"
"ODD","OG0000128",1.30652706109889,0.0237078154247331,"4081.Solyc12g006380.1.1","","","","Q","Belongs to the iron ascorbate-dependent oxidoreductase family"
"GH3-3","OG0003682",3.06299352547682,0.0237176263274137,"4081.Solyc02g064830.2.1","GO:0003674,GO:0003824,GO:0008150,GO:0009314,GO:0009416,GO:0009628,GO:0009719,GO:0009725,GO:0009733,GO:0010033,GO:0010252,GO:0010279,GO:0016874,GO:0016879,GO:0016881,GO:0042221,GO:0042592,GO:0048878,GO:0050896,GO:0065007,GO:0065008","ko:K14487","ko04075,map04075","S","Indole-3-acetic acid-amido synthetase"
"LOC101252401",NA,2.31182230821144,0.0237176263274137,NA,NA,NA,NA,NA,NA
"LOC101266343","OG0008339",1.46205220861095,0.0237176263274137,"4081.Solyc06g082780.2.1","GO:0003674,GO:0005215,GO:0005216,GO:0005261,GO:0005262,GO:0005575,GO:0005622,GO:0005623,GO:0005737,GO:0005739,GO:0006810,GO:0006811,GO:0006812,GO:0006816,GO:0008150,GO:0008324,GO:0015075,GO:0015085,GO:0015267,GO:0015291,GO:0015292,GO:0015318,GO:0022803,GO:0022804,GO:0022838,GO:0022857,GO:0022890,GO:0030001,GO:0034220,GO:0043226,GO:0043227,GO:0043229,GO:0043231,GO:0044424,GO:0044444,GO:0044464,GO:0046873,GO:0051179,GO:0051234,GO:0055085,GO:0070588,GO:0070838,GO:0072511,GO:0098655,GO:0098660,GO:0098662","ko:K20858","ko04020,ko04218,ko04621,map04020,map04218,map04621","S","Mitochondrial calcium uniporter regulatory subunit MCUb-like"
"LyesC2t011",NA,-1.3075583765556,0.0237176263274137,NA,NA,NA,NA,NA,NA
"LOC101255592","OG0000332",-1.0808648089136,0.0237176263274137,"4081.Solyc05g024260.2.1","","ko:K15382","","U","sugar transporter"
"LOC101265158","OG0006509",1.17049458771797,0.023978984780166,"4081.Solyc08g075970.2.1","","","","S","Family of unknown function (DUF716)"
"LOC101247331","OG0017330",1.00020030016906,0.0243448420892905,"4081.Solyc06g074530.1.1","GO:0003674,GO:0003824,GO:0005575,GO:0005622,GO:0005623,GO:0005737,GO:0005829,GO:0006082,GO:0006520,GO:0006558,GO:0006570,GO:0006571,GO:0006725,GO:0006807,GO:0008150,GO:0008152,GO:0008652,GO:0009058,GO:0009072,GO:0009073,GO:0009094,GO:0009095,GO:0009314,GO:0009416,GO:0009507,GO:0009536,GO:0009628,GO:0009637,GO:0009642,GO:0009645,GO:0009987,GO:0010244,GO:0016053,GO:0016829,GO:0016835,GO:0016836,GO:0017144,GO:0019438,GO:0019752,GO:0043226,GO:0043227,GO:0043229,GO:0043231,GO:0043436,GO:0044237,GO:0044238,GO:0044249,GO:0044281,GO:0044283,GO:0044424,GO:0044444,GO:0044464,GO:0046394,GO:0047769,GO:0050896,GO:0071704,GO:0080167,GO:1901360,GO:1901362,GO:1901564,GO:1901566,GO:1901576,GO:1901605,GO:1901607,GO:1902221,GO:1902223","ko:K05359","ko00400,ko01100,ko01110,ko01130,ko01230,map00400,map01100,map01110,map01130,map01230","E","Converts the prephenate produced from the shikimate- chorismate pathway into phenylalanine"
"LyesC2p069",NA,-3.73904397763143,0.0245827435915165,NA,NA,NA,NA,NA,NA
"LOC101250067","OG0002411",2.1014980872171,0.0245827435915165,"4081.Solyc02g092880.2.1","","","","S","Maternal effect embryo arrest 59"
"LOC101266924","OG0000977",1.3871198518584,0.0245827435915165,"4113.PGSC0003DMT400046652","","","","S","PB1 domain"
"LOC101250915","OG0009314",1.64958670387225,0.0245922171615805,"4081.Solyc01g009160.2.1","GO:0005575,GO:0005911,GO:0006950,GO:0006952,GO:0008150,GO:0009506,GO:0009605,GO:0009607,GO:0009617,GO:0030054,GO:0042742,GO:0043207,GO:0050896,GO:0051704,GO:0051707,GO:0055044,GO:0098542","","","S","Late embryogenesis abundant protein"
"LOC101261193","OG0000477",-1.09983680588214,0.024639487936065,"4081.Solyc02g063000.2.1","GO:0003674,GO:0003824,GO:0005575,GO:0005622,GO:0005623,GO:0006725,GO:0008150,GO:0008152,GO:0008194,GO:0009698,GO:0009808,GO:0009987,GO:0016740,GO:0016757,GO:0016758,GO:0019748,GO:0035251,GO:0043226,GO:0043227,GO:0043229,GO:0043231,GO:0044237,GO:0044424,GO:0044464,GO:0046527,GO:0047209,GO:0071704,GO:0080043,GO:0080044,GO:1901360","ko:K08237,ko:K12356","ko00940,map00940","CG","Belongs to the UDP-glycosyltransferase family"
"LOC101250535","OG0010164",-1.27564056310301,0.0250341867112015,"4081.Solyc08g075490.2.1","","ko:K09840","ko00906,ko01100,ko01110,map00906,map01100,map01110","Q","ccd4,nced4"
"LOC101268143","OG0005015",2.02430665134758,0.0250633495429065,"4081.Solyc01g096510.2.1","","","","S","Sigma factor binding protein"
"ACO5","OG0012597",4.20076314565889,0.0256851383004747,"4081.Solyc07g026650.2.1","GO:0000302,GO:0001101,GO:0006950,GO:0006979,GO:0007154,GO:0008150,GO:0009267,GO:0009605,GO:0009987,GO:0009991,GO:0010033,GO:0010035,GO:0010038,GO:0010039,GO:0031667,GO:0031668,GO:0031669,GO:0033554,GO:0033993,GO:0034599,GO:0034614,GO:0035690,GO:0042221,GO:0042493,GO:0042594,GO:0050896,GO:0051365,GO:0051716,GO:0070542,GO:0070887,GO:0071229,GO:0071241,GO:0071248,GO:0071281,GO:0071310,GO:0071396,GO:0071398,GO:0071496,GO:0071731,GO:0071732,GO:0097366,GO:1901698,GO:1901699,GO:1901700,GO:1901701,GO:1902170","ko:K05933","ko00270,ko01100,ko01110,map00270,map01100,map01110","Q","Belongs to the iron ascorbate-dependent oxidoreductase family"
"LOC101244425","OG0006320",1.31801950361277,0.0259175336088441,"4081.Solyc01g107290.2.1","GO:0001664,GO:0003674,GO:0003824,GO:0004842,GO:0005102,GO:0005109,GO:0005488,GO:0005515,GO:0005575,GO:0005623,GO:0005886,GO:0005887,GO:0006464,GO:0006508,GO:0006511,GO:0006807,GO:0007154,GO:0007165,GO:0007166,GO:0007267,GO:0008150,GO:0008152,GO:0008283,GO:0009056,GO:0009057,GO:0009966,GO:0009968,GO:0009987,GO:0010498,GO:0010646,GO:0010648,GO:0016020,GO:0016021,GO:0016055,GO:0016567,GO:0016740,GO:0019538,GO:0019787,GO:0019941,GO:0022603,GO:0023051,GO:0023052,GO:0023057,GO:0030111,GO:0030163,GO:0030178,GO:0031224,GO:0031226,GO:0032446,GO:0032801,GO:0035567,GO:0036211,GO:0038018,GO:0043112,GO:0043161,GO:0043170,GO:0043412,GO:0043632,GO:0044237,GO:0044238,GO:0044248,GO:0044257,GO:0044260,GO:0044265,GO:0044267,GO:0044425,GO:0044459,GO:0044464,GO:0048519,GO:0048523,GO:0048583,GO:0048585,GO:0050789,GO:0050793,GO:0050794,GO:0050896,GO:0051239,GO:0051603,GO:0051716,GO:0060070,GO:0060071,GO:0060828,GO:0061630,GO:0061659,GO:0065007,GO:0070647,GO:0071704,GO:0071944,GO:0072089,GO:0090090,GO:0090175,GO:0140096,GO:0198738,GO:1901564,GO:1901565,GO:1901575,GO:1905114,GO:1905330,GO:2000026,GO:2000027,GO:2000050,GO:2000051","","","O","RING-like zinc finger"
"LOC101245973",NA,2.13441923342703,0.0259765227917658,NA,NA,NA,NA,NA,NA
"LOC101264084","OG0005470",1.31474442075722,0.0259765227917658,"4081.Solyc02g077610.2.1","GO:0000075,GO:0000077,GO:0003674,GO:0003676,GO:0003677,GO:0003700,GO:0005488,GO:0005575,GO:0005622,GO:0005623,GO:0005634,GO:0006355,GO:0006950,GO:0006974,GO:0008150,GO:0009314,GO:0009628,GO:0009889,GO:0009891,GO:0009893,GO:0009987,GO:0010212,GO:0010332,GO:0010468,GO:0010556,GO:0010557,GO:0010564,GO:0010604,GO:0010628,GO:0019219,GO:0019222,GO:0031323,GO:0031325,GO:0031326,GO:0031328,GO:0031570,GO:0033043,GO:0033554,GO:0040020,GO:0043226,GO:0043227,GO:0043229,GO:0043231,GO:0043565,GO:0044087,GO:0044424,GO:0044464,GO:0045786,GO:0045893,GO:0045935,GO:0048518,GO:0048519,GO:0048522,GO:0048523,GO:0050789,GO:0050794,GO:0050896,GO:0051128,GO:0051171,GO:0051173,GO:0051252,GO:0051254,GO:0051445,GO:0051716,GO:0051726,GO:0051783,GO:0060255,GO:0065007,GO:0080090,GO:0097159,GO:0140110,GO:1901363,GO:1902680,GO:1903338,GO:1903506,GO:1903508,GO:2000112,GO:2000241,GO:2000652,GO:2001141","","","K","NAC domain-containing protein 8-like"
"ABCB9","OG0000757",1.01068203778422,0.0259765227917658,"4081.Solyc06g009290.2.1","GO:0003674,GO:0003824,GO:0005215,GO:0005575,GO:0005622,GO:0005623,GO:0005737,GO:0005773,GO:0005774,GO:0005886,GO:0005911,GO:0006810,GO:0006855,GO:0007275,GO:0008150,GO:0008559,GO:0009506,GO:0009605,GO:0009606,GO:0009628,GO:0009629,GO:0009630,GO:0009653,GO:0009719,GO:0009725,GO:0009733,GO:0009735,GO:0009888,GO:0009914,GO:0009926,GO:0009966,GO:0009987,GO:0010015,GO:0010033,GO:0010053,GO:0010054,GO:0010315,GO:0010328,GO:0010329,GO:0010540,GO:0010646,GO:0010817,GO:0010928,GO:0015238,GO:0015399,GO:0015405,GO:0015562,GO:0015893,GO:0016020,GO:0016049,GO:0016462,GO:0016787,GO:0016817,GO:0016818,GO:0016887,GO:0017111,GO:0021700,GO:0022622,GO:0022804,GO:0022857,GO:0023051,GO:0030054,GO:0030154,GO:0031090,GO:0032501,GO:0032502,GO:0040007,GO:0042221,GO:0042493,GO:0042623,GO:0042626,GO:0042908,GO:0042910,GO:0043226,GO:0043227,GO:0043229,GO:0043231,GO:0043492,GO:0044422,GO:0044424,GO:0044437,GO:0044444,GO:0044446,GO:0044464,GO:0048364,GO:0048468,GO:0048469,GO:0048583,GO:0048588,GO:0048589,GO:0048731,GO:0048764,GO:0048765,GO:0048767,GO:0048856,GO:0048869,GO:0050789,GO:0050794,GO:0050896,GO:0051179,GO:0051234,GO:0055044,GO:0055085,GO:0060560,GO:0060918,GO:0060919,GO:0065007,GO:0065008,GO:0071695,GO:0071944,GO:0080147,GO:0080161,GO:0090558,GO:0090627,GO:0098588,GO:0098805,GO:0099402,GO:1905392","ko:K05658","ko02010,ko04976,ko05206,ko05226,map02010,map04976,map05206,map05226","Q","ABC transporter transmembrane region"
"LOC101254408",NA,1.56131525941981,0.0263256740439813,NA,NA,NA,NA,NA,NA
"LOC101253556","OG0030189",1.71154109378822,0.0265001397820931,"4081.Solyc11g071470.1.1","GO:0003674,GO:0003824,GO:0016740,GO:0016746,GO:0016747,GO:0050734","ko:K13065","ko00940,ko00941,ko00945,ko01100,ko01110,map00940,map00941,map00945,map01100,map01110","S","Transferase family"
"LOC101246521","OG0012395",1.38759202738167,0.0266228394807594,"4081.Solyc03g115870.2.1","GO:0005575,GO:0005622,GO:0005623,GO:0005737,GO:0009507,GO:0009536,GO:0043226,GO:0043227,GO:0043229,GO:0043231,GO:0044424,GO:0044444,GO:0044464","","","O","Thioredoxin"
"ERF-B5","OG0001150",1.25457555920026,0.0266228394807594,"4081.Solyc03g093550.1.1","GO:0001067,GO:0003674,GO:0003676,GO:0003677,GO:0003700,GO:0005488,GO:0006355,GO:0006950,GO:0006952,GO:0008150,GO:0009605,GO:0009607,GO:0009620,GO:0009888,GO:0009889,GO:0009891,GO:0009893,GO:0009987,GO:0010033,GO:0010087,GO:0010200,GO:0010243,GO:0010468,GO:0010556,GO:0010557,GO:0010604,GO:0010628,GO:0019219,GO:0019222,GO:0031323,GO:0031325,GO:0031326,GO:0031328,GO:0032502,GO:0042221,GO:0042493,GO:0043207,GO:0044212,GO:0045893,GO:0045935,GO:0048518,GO:0048522,GO:0048856,GO:0050789,GO:0050794,GO:0050832,GO:0050896,GO:0051171,GO:0051173,GO:0051252,GO:0051254,GO:0051301,GO:0051704,GO:0051707,GO:0060255,GO:0065007,GO:0080090,GO:0097159,GO:0098542,GO:0140110,GO:1901363,GO:1901698,GO:1901700,GO:1902680,GO:1903506,GO:1903508,GO:2000112,GO:2001141","ko:K09286","","K","factor 5"
"ail","OG0002809",-1.33531300434894,0.0267952096351028,"4081.Solyc08g060920.2.1","","","","P","SPX domain-containing protein"
"LOC101256817","OG0008349",1.25133776750652,0.0267952096351028,"4081.Solyc10g074740.1.1","GO:0000902,GO:0000904,GO:0003674,GO:0005488,GO:0005509,GO:0008150,GO:0009653,GO:0009888,GO:0009987,GO:0010026,GO:0010035,GO:0010038,GO:0010090,GO:0010091,GO:0016043,GO:0030154,GO:0032502,GO:0032989,GO:0042221,GO:0043167,GO:0043169,GO:0046686,GO:0046872,GO:0048468,GO:0048856,GO:0048869,GO:0050896,GO:0071840,GO:0090558,GO:0090626","ko:K13448","ko04626,map04626","T","calcium-binding protein"
"AO","OG0005955",2.28626587257091,0.0272467814755762,"4081.Solyc04g054690.2.1","","ko:K00423","ko00053,ko01100,map00053,map01100","Q","Belongs to the multicopper oxidase family"
"DDTFR10A","OG0001150",1.06068833033611,0.0273386351607512,"4081.Solyc05g052040.1.1","GO:0001067,GO:0003674,GO:0003676,GO:0003677,GO:0003700,GO:0005488,GO:0006355,GO:0006950,GO:0006952,GO:0008150,GO:0009605,GO:0009607,GO:0009620,GO:0009888,GO:0009889,GO:0009891,GO:0009893,GO:0009987,GO:0010033,GO:0010087,GO:0010200,GO:0010243,GO:0010468,GO:0010556,GO:0010557,GO:0010604,GO:0010628,GO:0019219,GO:0019222,GO:0031323,GO:0031325,GO:0031326,GO:0031328,GO:0032502,GO:0042221,GO:0042493,GO:0043207,GO:0044212,GO:0045893,GO:0045935,GO:0048518,GO:0048522,GO:0048856,GO:0050789,GO:0050794,GO:0050832,GO:0050896,GO:0051171,GO:0051173,GO:0051252,GO:0051254,GO:0051301,GO:0051704,GO:0051707,GO:0060255,GO:0065007,GO:0080090,GO:0097159,GO:0098542,GO:0140110,GO:1901363,GO:1901698,GO:1901700,GO:1902680,GO:1903506,GO:1903508,GO:2000112,GO:2001141","ko:K09286","","K","DNA-binding domain in plant proteins such as APETALA2 and EREBPs"
"LOC104648289","OG0000003",3.09466909788221,0.0276975016783527,"28532.XP_010541181.1","GO:0000943,GO:0003674,GO:0003676,GO:0003723,GO:0003824,GO:0003887,GO:0003964,GO:0004518,GO:0004540,GO:0005488,GO:0005575,GO:0005622,GO:0005623,GO:0005634,GO:0006139,GO:0006259,GO:0006278,GO:0006508,GO:0006725,GO:0006807,GO:0008150,GO:0008152,GO:0008233,GO:0009058,GO:0009059,GO:0009987,GO:0016070,GO:0016740,GO:0016772,GO:0016779,GO:0016787,GO:0016788,GO:0018130,GO:0019438,GO:0019538,GO:0032196,GO:0032197,GO:0034061,GO:0034641,GO:0034645,GO:0034654,GO:0043170,GO:0043226,GO:0043227,GO:0043229,GO:0043231,GO:0044237,GO:0044238,GO:0044249,GO:0044260,GO:0044271,GO:0044422,GO:0044424,GO:0044428,GO:0044446,GO:0044464,GO:0046483,GO:0071704,GO:0071897,GO:0090304,GO:0090305,GO:0090501,GO:0097159,GO:0140096,GO:0140097,GO:0140098,GO:1901360,GO:1901362,GO:1901363,GO:1901564,GO:1901576","","","I","3-hydroxyisobutyryl-CoA hydrolase activity"
"LOC101259222","OG0008374",-1.3597356382762,0.0276975016783527,"4081.Solyc03g093140.2.1","GO:0008150,GO:0042592,GO:0048878,GO:0050801,GO:0055062,GO:0055081,GO:0055083,GO:0065007,GO:0065008,GO:0072505,GO:0072506,GO:0098771","ko:K13783","","G","Major Facilitator Superfamily"
"LOC543701","OG0000823",2.52010780194265,0.0277852181808184,"4081.Solyc06g075690.2.1","","","","S","Domain of unknown function (DUF966)"
"LOC101247911","OG0003781",1.00566368951405,0.0278128057995925,"4081.Solyc04g079860.1.1","","ko:K20893","","G","Belongs to the glycosyltransferase 8 family"
"JRE2","OG0000431",4.99862426446668,0.0281590950428253,"4081.Solyc01g090310.2.1","","ko:K09286,ko:K14517","ko04075,map04075","K","DNA-binding domain in plant proteins such as APETALA2 and EREBPs"
"LOC101263886","OG0008399",-1.20651469073765,0.0283006487120671,"4081.Solyc12g088820.1.1","GO:0000166,GO:0000902,GO:0000904,GO:0002009,GO:0002165,GO:0003674,GO:0003824,GO:0004672,GO:0004674,GO:0005488,GO:0005524,GO:0005575,GO:0005622,GO:0005623,GO:0005634,GO:0005737,GO:0005938,GO:0006464,GO:0006468,GO:0006793,GO:0006796,GO:0006807,GO:0007154,GO:0007165,GO:0007275,GO:0007399,GO:0007423,GO:0007444,GO:0007455,GO:0007469,GO:0007472,GO:0007476,GO:0007552,GO:0007560,GO:0008037,GO:0008038,GO:0008144,GO:0008150,GO:0008152,GO:0008544,GO:0009653,GO:0009791,GO:0009886,GO:0009887,GO:0009888,GO:0009913,GO:0009987,GO:0010769,GO:0010975,GO:0016043,GO:0016301,GO:0016310,GO:0016358,GO:0016740,GO:0016772,GO:0016773,GO:0017076,GO:0018105,GO:0018193,GO:0018209,GO:0019538,GO:0022008,GO:0022416,GO:0022603,GO:0022604,GO:0023052,GO:0030030,GO:0030154,GO:0030182,GO:0030424,GO:0030425,GO:0030554,GO:0030855,GO:0031175,GO:0031344,GO:0032501,GO:0032502,GO:0032553,GO:0032555,GO:0032559,GO:0032989,GO:0032990,GO:0035107,GO:0035114,GO:0035120,GO:0035214,GO:0035220,GO:0035239,GO:0035295,GO:0035315,GO:0035316,GO:0035317,GO:0035556,GO:0035639,GO:0036094,GO:0036211,GO:0036477,GO:0042995,GO:0043005,GO:0043167,GO:0043168,GO:0043170,GO:0043226,GO:0043227,GO:0043229,GO:0043231,GO:0043412,GO:0044237,GO:0044238,GO:0044260,GO:0044267,GO:0044297,GO:0044424,GO:0044444,GO:0044463,GO:0044464,GO:0045595,GO:0045664,GO:0048468,GO:0048513,GO:0048563,GO:0048569,GO:0048666,GO:0048667,GO:0048699,GO:0048707,GO:0048729,GO:0048731,GO:0048736,GO:0048737,GO:0048800,GO:0048812,GO:0048813,GO:0048814,GO:0048856,GO:0048858,GO:0048869,GO:0050767,GO:0050773,GO:0050789,GO:0050793,GO:0050794,GO:0050896,GO:0051128,GO:0051239,GO:0051716,GO:0051960,GO:0060284,GO:0060429,GO:0060562,GO:0065007,GO:0070451,GO:0070593,GO:0071704,GO:0071840,GO:0071944,GO:0097159,GO:0097367,GO:0097447,GO:0097458,GO:0099568,GO:0120025,GO:0120035,GO:0120036,GO:0120038,GO:0120039,GO:0140096,GO:1901265,GO:1901363,GO:1901564,GO:2000026","ko:K08790","","T","Protein kinase C terminal domain"
"LOC101246638","OG0002813",1.95088441341393,0.0284219057409207,"4081.Solyc06g071190.2.1","","","","S","Zein-binding"
"LOC101262610","OG0000013",1.24031452464425,0.0284219057409207,"4113.PGSC0003DMT400015397","","","","S","TMV resistance protein N-like"
"LOC101261249","OG0007796",1.17427060572982,0.0284587959132318,"4081.Solyc07g065410.1.1","","","","S","BEST Arabidopsis thaliana protein match is"
"LOC101244095","OG0010997",1.08351595691985,0.0284587959132318,"4081.Solyc07g045100.1.1","","","","O","Eukaryotic aspartyl protease"
"LOC101261140","OG0006948",2.13597633477212,0.0284962364314593,"4081.Solyc08g008370.2.1","","","","S","DCD"
"LOC101263399","OG0004096",2.55320645409182,0.0286594777037963,"4081.Solyc03g111290.1.1","GO:0000003,GO:0002213,GO:0003006,GO:0003674,GO:0003824,GO:0004497,GO:0005575,GO:0005622,GO:0005623,GO:0005737,GO:0005783,GO:0005789,GO:0006082,GO:0006950,GO:0006952,GO:0007275,GO:0008150,GO:0008152,GO:0009555,GO:0009611,GO:0009694,GO:0009791,GO:0009908,GO:0009987,GO:0010154,GO:0010817,GO:0012505,GO:0016020,GO:0016491,GO:0019752,GO:0022414,GO:0031984,GO:0032501,GO:0032502,GO:0032787,GO:0042175,GO:0042445,GO:0043226,GO:0043227,GO:0043229,GO:0043231,GO:0043436,GO:0044237,GO:0044281,GO:0044422,GO:0044424,GO:0044425,GO:0044432,GO:0044444,GO:0044446,GO:0044464,GO:0048229,GO:0048367,GO:0048437,GO:0048438,GO:0048440,GO:0048443,GO:0048466,GO:0048467,GO:0048480,GO:0048608,GO:0048653,GO:0048731,GO:0048827,GO:0048856,GO:0050896,GO:0052694,GO:0055114,GO:0061458,GO:0065007,GO:0065008,GO:0071704,GO:0090567,GO:0098827,GO:0099402","ko:K20665","","IQ","Cytochrome p450"
"LOC101255416",NA,3.85971343167624,0.0290206712681109,"4081.Solyc07g055990.2.1","","ko:K08235","","G","Catalyzes xyloglucan endohydrolysis (XEH) and or endotransglycosylation (XET). Cleaves and religates xyloglucan polymers, an essential constituent of the primary cell wall, and thereby participates in cell wall construction of growing tissues"
"LOC101248304","OG0003323",1.7236837456623,0.0292820805596264,"4081.Solyc06g053550.2.1","GO:0005575,GO:0005622,GO:0005623,GO:0005737,GO:0005777,GO:0005778,GO:0005779,GO:0016020,GO:0016021,GO:0031090,GO:0031224,GO:0031231,GO:0031300,GO:0031301,GO:0031903,GO:0042579,GO:0043226,GO:0043227,GO:0043229,GO:0043231,GO:0044422,GO:0044424,GO:0044425,GO:0044438,GO:0044439,GO:0044444,GO:0044446,GO:0044464,GO:0098588,GO:0098805","ko:K13347,ko:K13348","ko04146,map04146","S","Belongs to the peroxisomal membrane protein PXMP2 4 family"
"LOC101256055","OG0010508",1.06926995050872,0.0292820805596264,"4081.Solyc02g071780.2.1","GO:0002376,GO:0006950,GO:0006952,GO:0006955,GO:0008150,GO:0008219,GO:0009626,GO:0009987,GO:0010337,GO:0010565,GO:0010817,GO:0012501,GO:0019222,GO:0031323,GO:0032350,GO:0033554,GO:0034050,GO:0045087,GO:0050789,GO:0050794,GO:0050896,GO:0051716,GO:0062012,GO:0065007,GO:0065008","","","S","MAC/Perforin domain"
"MIOX","OG0004448",2.05172307862413,0.0295099554761412,"4081.Solyc12g008650.1.1","GO:0003674,GO:0003824,GO:0008150,GO:0008152,GO:0016491,GO:0016701,GO:0050113,GO:0055114","ko:K00469","ko00053,ko00562,map00053,map00562","L","Myo-inositol oxygenase"
"LOC101247750","OG0010592",3.01896116075889,0.0295818340535295,"4081.Solyc01g079660.2.1","","","","S","Cotton fibre expressed protein"
"LOC101268224",NA,1.29584132789105,0.0295818340535295,NA,NA,NA,NA,NA,NA
"LOC543916","OG0000817",1.72692551801993,0.0297072489592738,"4113.PGSC0003DMT400020122","GO:0003674,GO:0003824,GO:0005575,GO:0005618,GO:0005622,GO:0005623,GO:0005737,GO:0005794,GO:0006950,GO:0008150,GO:0009266,GO:0009408,GO:0009409,GO:0009605,GO:0009612,GO:0009628,GO:0009664,GO:0009719,GO:0009725,GO:0009733,GO:0009741,GO:0009987,GO:0010033,GO:0012505,GO:0014070,GO:0016043,GO:0016740,GO:0016757,GO:0016758,GO:0016762,GO:0030312,GO:0033993,GO:0042221,GO:0043226,GO:0043227,GO:0043229,GO:0043231,GO:0044424,GO:0044444,GO:0044464,GO:0045229,GO:0046527,GO:0050896,GO:0071554,GO:0071555,GO:0071669,GO:0071840,GO:0071944,GO:1901700","ko:K08235,ko:K14504","ko04075,map04075","G","Catalyzes xyloglucan endohydrolysis (XEH) and or endotransglycosylation (XET). Cleaves and religates xyloglucan polymers, an essential constituent of the primary cell wall, and thereby participates in cell wall construction of growing tissues"
"LOC104649390",NA,2.56196102750748,0.0308518164307289,"4081.Solyc09g082870.1.1","","ko:K01537","","P","This magnesium-dependent enzyme catalyzes the hydrolysis of ATP coupled with the transport of calcium"
"LOC101263799","OG0000120",2.44607138316131,0.0308518164307289,"4081.Solyc03g097700.2.1","GO:0003674,GO:0003824,GO:0006725,GO:0008150,GO:0008152,GO:0008168,GO:0008171,GO:0008757,GO:0009058,GO:0009812,GO:0009987,GO:0016740,GO:0016741,GO:0019438,GO:0030761,GO:0032259,GO:0044237,GO:0044249,GO:0071704","ko:K16040","ko00945,map00945","S","Belongs to the class I-like SAM-binding methyltransferase superfamily. Cation-independent O- methyltransferase family"
"LOC138347238",NA,1.30479441639037,0.0308518164307289,NA,NA,NA,NA,NA,NA
"LOC101261073","OG0006786",1.09279407391994,0.0308518164307289,"4081.Solyc01g109250.2.1","","","","S","Domain of unknown function (DUF4228)"
"LOC101260430","OG0012536",-1.02708976369585,0.0312509323492525,"4113.PGSC0003DMT400009445","","","","Q","Leucine carboxyl methyltransferase"
"LOC101258031","OG0004203",1.36009914116232,0.0313069662738662,"4081.Solyc02g065430.1.1","","","","S","Domain of unknown function (DUF4228)"
"ERF-D5","OG0000858",3.00757565642503,0.0314824566996323,"4081.Solyc04g012050.2.1","GO:0001101,GO:0003674,GO:0003700,GO:0006355,GO:0006950,GO:0006952,GO:0006970,GO:0008150,GO:0009605,GO:0009607,GO:0009620,GO:0009628,GO:0009719,GO:0009725,GO:0009737,GO:0009743,GO:0009746,GO:0009749,GO:0009787,GO:0009788,GO:0009889,GO:0009966,GO:0009968,GO:0010033,GO:0010468,GO:0010556,GO:0010646,GO:0010648,GO:0019219,GO:0019222,GO:0023051,GO:0023057,GO:0031323,GO:0031326,GO:0033993,GO:0034284,GO:0042221,GO:0043207,GO:0048519,GO:0048523,GO:0048583,GO:0048585,GO:0050789,GO:0050794,GO:0050832,GO:0050896,GO:0051171,GO:0051252,GO:0051704,GO:0051707,GO:0060255,GO:0065007,GO:0080090,GO:0097305,GO:0098542,GO:0140110,GO:1901419,GO:1901420,GO:1901700,GO:1902074,GO:1903506,GO:1905957,GO:1905958,GO:2000112,GO:2001141","","","K","Transcription factor"
"LOC101247825","OG0011181",1.50889316095277,0.0315241897999168,"4081.Solyc06g008620.1.1","","","","U","WD40-like Beta Propeller Repeat"
"EXLA1","OG0009582",1.47126174610318,0.0320022299788735,"4081.Solyc01g112000.2.1","GO:0005575,GO:0005618,GO:0005622,GO:0005623,GO:0005737,GO:0005794,GO:0005829,GO:0005911,GO:0009505,GO:0009506,GO:0012505,GO:0016020,GO:0030054,GO:0030312,GO:0043226,GO:0043227,GO:0043229,GO:0043231,GO:0044424,GO:0044444,GO:0044464,GO:0055044,GO:0071944","","","S","Belongs to the expansin family"
"LOC101262226",NA,1.45286424302983,0.0320831439887013,NA,NA,NA,NA,NA,NA
"LOC101260808","OG0000782",1.0373683178901,0.0320943242851503,"4081.Solyc03g116030.2.1","GO:0003674,GO:0003824,GO:0004842,GO:0005575,GO:0005622,GO:0005623,GO:0005737,GO:0005794,GO:0005795,GO:0005802,GO:0006464,GO:0006807,GO:0008150,GO:0008152,GO:0009987,GO:0012505,GO:0016567,GO:0016740,GO:0019538,GO:0019787,GO:0031984,GO:0032446,GO:0036211,GO:0043170,GO:0043226,GO:0043227,GO:0043229,GO:0043231,GO:0043412,GO:0044237,GO:0044238,GO:0044260,GO:0044267,GO:0044422,GO:0044424,GO:0044431,GO:0044444,GO:0044446,GO:0044464,GO:0070647,GO:0071704,GO:0098791,GO:0140096,GO:1901564","","","A","Protein of unknown function (DUF3675)"
"LOC101263302","OG0004096",5.38527068856909,0.0321582825652472,"4081.Solyc03g111300.1.1","GO:0000003,GO:0002213,GO:0003006,GO:0003674,GO:0003824,GO:0004497,GO:0005575,GO:0005622,GO:0005623,GO:0005737,GO:0005783,GO:0005789,GO:0006082,GO:0006950,GO:0006952,GO:0007275,GO:0008150,GO:0008152,GO:0009555,GO:0009611,GO:0009694,GO:0009791,GO:0009908,GO:0009987,GO:0010154,GO:0010817,GO:0012505,GO:0016020,GO:0016491,GO:0019752,GO:0022414,GO:0031984,GO:0032501,GO:0032502,GO:0032787,GO:0042175,GO:0042445,GO:0043226,GO:0043227,GO:0043229,GO:0043231,GO:0043436,GO:0044237,GO:0044281,GO:0044422,GO:0044424,GO:0044425,GO:0044432,GO:0044444,GO:0044446,GO:0044464,GO:0048229,GO:0048367,GO:0048437,GO:0048438,GO:0048440,GO:0048443,GO:0048466,GO:0048467,GO:0048480,GO:0048608,GO:0048653,GO:0048731,GO:0048827,GO:0048856,GO:0050896,GO:0052694,GO:0055114,GO:0061458,GO:0065007,GO:0065008,GO:0071704,GO:0090567,GO:0098827,GO:0099402","ko:K20665","","IQ","Cytochrome p450"
"LOC101250420","OG0001072",1.23856400392227,0.0323369479059044,"4081.Solyc07g007130.1.1","","","","",""
"LOC101266554","OG0002066",1.01502646334656,0.0328447656886571,"4081.Solyc09g014610.2.1","GO:0001101,GO:0003674,GO:0005215,GO:0005216,GO:0005244,GO:0005253,GO:0005575,GO:0005623,GO:0005886,GO:0006810,GO:0006811,GO:0006820,GO:0006821,GO:0006873,GO:0006950,GO:0006970,GO:0008150,GO:0008308,GO:0008509,GO:0009414,GO:0009415,GO:0009628,GO:0009651,GO:0009987,GO:0010035,GO:0015075,GO:0015103,GO:0015267,GO:0015318,GO:0015698,GO:0016020,GO:0019725,GO:0022803,GO:0022832,GO:0022836,GO:0022838,GO:0022839,GO:0022857,GO:0034220,GO:0042221,GO:0042592,GO:0044464,GO:0048878,GO:0050801,GO:0050896,GO:0051179,GO:0051234,GO:0055082,GO:0055085,GO:0065007,GO:0065008,GO:0071944,GO:0098656,GO:1901700","","","S","Voltage-dependent anion channel"
"LOC109119113","OG0013726",1.40295428017418,0.0329088085950131,"4081.Solyc12g099500.1.1","","","","",""
"MMP1","OG0010584",1.22781798041717,0.0329088085950131,"4081.Solyc04g005050.1.1","GO:0001101,GO:0003674,GO:0003824,GO:0004175,GO:0004222,GO:0005575,GO:0005623,GO:0005886,GO:0006508,GO:0006807,GO:0006950,GO:0006970,GO:0008150,GO:0008152,GO:0008233,GO:0008237,GO:0009628,GO:0009651,GO:0009719,GO:0009725,GO:0009753,GO:0010033,GO:0010035,GO:0010038,GO:0016020,GO:0016787,GO:0019538,GO:0031224,GO:0031225,GO:0032502,GO:0040007,GO:0042221,GO:0043170,GO:0044238,GO:0044425,GO:0044464,GO:0046686,GO:0048519,GO:0048580,GO:0048583,GO:0048589,GO:0048831,GO:0050789,GO:0050793,GO:0050896,GO:0051093,GO:0051239,GO:0051241,GO:0065007,GO:0070011,GO:0071704,GO:0071944,GO:0080186,GO:0140096,GO:1900055,GO:1900056,GO:1901564,GO:1901700,GO:1905622,GO:2000024,GO:2000026,GO:2000028,GO:2000241","ko:K07761,ko:K07999","","O","Belongs to the peptidase M10A family"
"LOC101267530","OG0015311",1.07146622806004,0.0329383275915331,"4081.Solyc06g050810.2.1","","","","S","LURP-one-related"
"WRKY6","OG0003240",1.04351819728752,0.0337378124782437,"4081.Solyc02g080890.2.1","GO:0001067,GO:0003674,GO:0003676,GO:0003677,GO:0003700,GO:0005488,GO:0006355,GO:0006950,GO:0007154,GO:0008150,GO:0009267,GO:0009605,GO:0009889,GO:0009890,GO:0009892,GO:0009987,GO:0009991,GO:0010033,GO:0010036,GO:0010200,GO:0010243,GO:0010468,GO:0010556,GO:0010558,GO:0010605,GO:0010629,GO:0016036,GO:0019219,GO:0019222,GO:0031323,GO:0031324,GO:0031326,GO:0031327,GO:0031667,GO:0031668,GO:0031669,GO:0033554,GO:0042221,GO:0042493,GO:0042594,GO:0044212,GO:0045892,GO:0045934,GO:0048519,GO:0048523,GO:0050789,GO:0050794,GO:0050896,GO:0051171,GO:0051172,GO:0051252,GO:0051253,GO:0051716,GO:0060255,GO:0065007,GO:0070887,GO:0071496,GO:0080029,GO:0080090,GO:0080169,GO:0097159,GO:0140110,GO:1901363,GO:1901698,GO:1901700,GO:1902679,GO:1903506,GO:1903507,GO:2000112,GO:2000113,GO:2001141","","","K","DNA binding domain"
"LOC101246396","OG0003031",-1.32992359231597,0.0339526082339144,"4081.Solyc02g087110.2.1","GO:0000302,GO:0001101,GO:0001516,GO:0001561,GO:0001676,GO:0002376,GO:0003008,GO:0003013,GO:0003674,GO:0003824,GO:0004601,GO:0004666,GO:0005575,GO:0005622,GO:0005623,GO:0005737,GO:0005783,GO:0005789,GO:0005794,GO:0005811,GO:0006082,GO:0006629,GO:0006631,GO:0006633,GO:0006636,GO:0006690,GO:0006692,GO:0006693,GO:0006805,GO:0006950,GO:0006952,GO:0006955,GO:0006979,GO:0008015,GO:0008150,GO:0008152,GO:0008217,GO:0008219,GO:0008610,GO:0009056,GO:0009058,GO:0009062,GO:0009410,GO:0009605,GO:0009607,GO:0009617,GO:0009620,GO:0009627,GO:0009636,GO:0009719,GO:0009725,GO:0009737,GO:0009751,GO:0009814,GO:0009987,GO:0010033,GO:0010035,GO:0012505,GO:0012511,GO:0014070,GO:0016020,GO:0016042,GO:0016053,GO:0016054,GO:0016209,GO:0016491,GO:0016684,GO:0016701,GO:0016702,GO:0016705,GO:0019369,GO:0019371,GO:0019395,GO:0019752,GO:0030258,GO:0031090,GO:0031984,GO:0032501,GO:0032787,GO:0032870,GO:0033554,GO:0033559,GO:0033993,GO:0034440,GO:0034599,GO:0034614,GO:0035690,GO:0042175,GO:0042221,GO:0042493,GO:0042742,GO:0042759,GO:0043207,GO:0043226,GO:0043227,GO:0043228,GO:0043229,GO:0043231,GO:0043232,GO:0043436,GO:0044237,GO:0044238,GO:0044242,GO:0044248,GO:0044249,GO:0044255,GO:0044281,GO:0044282,GO:0044283,GO:0044422,GO:0044424,GO:0044425,GO:0044432,GO:0044444,GO:0044446,GO:0044464,GO:0045087,GO:0046394,GO:0046395,GO:0046456,GO:0046457,GO:0046677,GO:0050832,GO:0050896,GO:0051213,GO:0051704,GO:0051707,GO:0051716,GO:0055114,GO:0065007,GO:0065008,GO:0070887,GO:0071229,GO:0071236,GO:0071241,GO:0071310,GO:0071407,GO:0071446,GO:0071466,GO:0071495,GO:0071704,GO:0071731,GO:0071732,GO:0072329,GO:0072330,GO:0097237,GO:0097305,GO:0097366,GO:0098542,GO:0098754,GO:0098827,GO:0098869,GO:1901568,GO:1901570,GO:1901575,GO:1901576,GO:1901615,GO:1901617,GO:1901698,GO:1901699,GO:1901700,GO:1901701,GO:1902170,GO:1902609,GO:1990748","ko:K10529","ko00592,map00592","S","Animal haem peroxidase"
"LOC101255237","OG0000896",1.63554251478737,0.0340009834773322,"4081.Solyc01g073840.1.1","","","","S","C1 domain"
"hsc70.3",NA,1.26961625691342,0.0340009834773322,"4081.Solyc04g011440.2.1","GO:0000166,GO:0000302,GO:0003674,GO:0005488,GO:0005515,GO:0005524,GO:0005575,GO:0005576,GO:0005618,GO:0005622,GO:0005623,GO:0005737,GO:0005739,GO:0005773,GO:0005774,GO:0005794,GO:0005829,GO:0005886,GO:0006464,GO:0006807,GO:0006950,GO:0006979,GO:0008144,GO:0008150,GO:0008152,GO:0009266,GO:0009314,GO:0009408,GO:0009416,GO:0009605,GO:0009607,GO:0009615,GO:0009617,GO:0009628,GO:0009636,GO:0009642,GO:0009644,GO:0009987,GO:0010035,GO:0010038,GO:0012505,GO:0016020,GO:0016567,GO:0017076,GO:0019538,GO:0019899,GO:0030312,GO:0030554,GO:0031090,GO:0031625,GO:0032446,GO:0032553,GO:0032555,GO:0032559,GO:0035639,GO:0036094,GO:0036211,GO:0042221,GO:0042493,GO:0042542,GO:0043167,GO:0043168,GO:0043170,GO:0043207,GO:0043226,GO:0043227,GO:0043229,GO:0043231,GO:0043412,GO:0044237,GO:0044238,GO:0044260,GO:0044267,GO:0044389,GO:0044422,GO:0044424,GO:0044437,GO:0044444,GO:0044446,GO:0044464,GO:0046677,GO:0046686,GO:0048046,GO:0050896,GO:0051704,GO:0051707,GO:0070647,GO:0071704,GO:0071944,GO:0097159,GO:0097367,GO:0098588,GO:0098805,GO:1901265,GO:1901363,GO:1901564,GO:1901700","ko:K03283","ko03040,ko04010,ko04141,ko04144,ko04213,ko04612,ko04915,ko05134,ko05145,ko05162,ko05164,ko05169,map03040,map04010,map04141,map04144,map04213,map04612,map04915,map05134,map05145,map05162,map05164,map05169","O","heat shock protein 70"
"LOC101249609","OG0000504",1.18317988314089,0.0340009834773322,"4081.Solyc12g009110.1.1","GO:0003674,GO:0003824,GO:0005575,GO:0005622,GO:0005623,GO:0005737,GO:0006725,GO:0006807,GO:0008150,GO:0008152,GO:0008168,GO:0008171,GO:0008757,GO:0009058,GO:0009987,GO:0010817,GO:0016740,GO:0016741,GO:0017096,GO:0017144,GO:0018130,GO:0019438,GO:0030186,GO:0030187,GO:0032259,GO:0034641,GO:0034754,GO:0042430,GO:0042435,GO:0042445,GO:0042446,GO:0043603,GO:0043604,GO:0044237,GO:0044249,GO:0044271,GO:0044424,GO:0044464,GO:0046483,GO:0065007,GO:0065008,GO:0071704,GO:1901360,GO:1901362,GO:1901564,GO:1901566,GO:1901576","","","S","Belongs to the class I-like SAM-binding methyltransferase superfamily. Cation-independent O- methyltransferase family"
"LOC101249997","OG0005831",3.79884604366174,0.0342189756851297,"4081.Solyc03g083660.1.1","GO:0003674,GO:0004857,GO:0005575,GO:0005618,GO:0005623,GO:0008150,GO:0009505,GO:0030234,GO:0030312,GO:0043086,GO:0044092,GO:0044464,GO:0046910,GO:0050789,GO:0050790,GO:0050793,GO:0051239,GO:0065007,GO:0065009,GO:0071944,GO:0098772,GO:2000026,GO:2000280","","","L","21 kDa protein-like"
"LOC101266892","OG0000145",1.28216588810348,0.0344233357207672,"4081.Solyc02g084900.2.1","GO:0003674,GO:0003824,GO:0005575,GO:0005622,GO:0005623,GO:0005737,GO:0005739,GO:0005740,GO:0005743,GO:0006996,GO:0007005,GO:0008150,GO:0009987,GO:0016020,GO:0016043,GO:0016462,GO:0016787,GO:0016817,GO:0016818,GO:0016887,GO:0017004,GO:0017062,GO:0017111,GO:0019866,GO:0022607,GO:0031090,GO:0031966,GO:0031967,GO:0031975,GO:0033108,GO:0034551,GO:0034622,GO:0042623,GO:0043226,GO:0043227,GO:0043229,GO:0043231,GO:0043933,GO:0044085,GO:0044422,GO:0044424,GO:0044429,GO:0044444,GO:0044446,GO:0044464,GO:0065003,GO:0071840","ko:K08900","","O","Domain associated at C-terminal with AAA"
"LOC101258753","OG0007131",1.05358042599199,0.0345228125248918,"4081.Solyc05g048830.2.1","","ko:K09422","","K","Myb-like DNA-binding domain"
"LOC104645408","OG0010182",2.41446898053719,0.0354430911632443,"4081.Solyc01g107090.2.1","","","","",""
"LOC101268065",NA,3.18007502067115,0.0357798290251059,"4081.Solyc02g063480.2.1","","","","O","Xylanase inhibitor C-terminal"
"LOC101264281","OG0000576",1.07276068326982,0.0363188170779164,"4081.Solyc11g010330.1.1","","ko:K10664","","O","RING-H2 zinc finger domain"
"LOC101256738","OG0001930",1.03031208371134,0.0364172804818261,"4081.Solyc02g076820.2.1","","","","S","Protein of unknown function (DUF640)"
"LOC101251823","OG0000745",1.11907103029709,0.0368124953590359,"4081.Solyc10g006660.2.1","","ko:K10840","ko03420,map03420","DZ","EF-hand domain pair"
"LOC101255381","OG0017229",1.02811280779973,0.0369240503402894,"4113.PGSC0003DMT400062891","","","","S","calmodulin binding protein"
"LOC101264120","OG0001591",1.01127472242237,0.0373255648868087,"4081.Solyc05g012430.1.1","","","","S","Leucine Rich Repeat"
"LOC101262884","OG0004242",2.09519716522828,0.0376691318364967,"4081.Solyc11g010250.1.1","","","","",""
"LOC101244886","OG0000245",-1.07474999597042,0.0377060931829144,"4081.Solyc07g056440.2.1","GO:0001101,GO:0003674,GO:0003824,GO:0004364,GO:0005488,GO:0005515,GO:0005575,GO:0005576,GO:0005622,GO:0005623,GO:0005634,GO:0005737,GO:0005773,GO:0005774,GO:0005829,GO:0005886,GO:0006518,GO:0006575,GO:0006725,GO:0006749,GO:0006790,GO:0006807,GO:0006950,GO:0006979,GO:0007154,GO:0008150,GO:0008152,GO:0009056,GO:0009266,GO:0009404,GO:0009407,GO:0009409,GO:0009414,GO:0009415,GO:0009507,GO:0009532,GO:0009536,GO:0009570,GO:0009605,GO:0009628,GO:0009635,GO:0009636,GO:0009719,GO:0009725,GO:0009735,GO:0009987,GO:0009991,GO:0010033,GO:0010035,GO:0010038,GO:0016020,GO:0016740,GO:0016765,GO:0018973,GO:0018974,GO:0019326,GO:0019439,GO:0019748,GO:0019899,GO:0031090,GO:0031668,GO:0033218,GO:0033554,GO:0034641,GO:0042221,GO:0042277,GO:0042537,GO:0042631,GO:0043167,GO:0043168,GO:0043226,GO:0043227,GO:0043229,GO:0043231,GO:0043295,GO:0043603,GO:0044237,GO:0044248,GO:0044422,GO:0044424,GO:0044434,GO:0044435,GO:0044437,GO:0044444,GO:0044446,GO:0044464,GO:0046256,GO:0046260,GO:0046263,GO:0046686,GO:0048037,GO:0048046,GO:0048583,GO:0050789,GO:0050896,GO:0051186,GO:0051716,GO:0065007,GO:0070887,GO:0071214,GO:0071229,GO:0071462,GO:0071496,GO:0071704,GO:0071944,GO:0072341,GO:0072490,GO:0072491,GO:0080167,GO:0098588,GO:0098754,GO:0098805,GO:0104004,GO:1900750,GO:1901360,GO:1901361,GO:1901564,GO:1901575,GO:1901681,GO:1901700,GO:1901701,GO:2000030","ko:K00799","ko00480,ko00980,ko00982,ko00983,ko01524,ko05200,ko05204,ko05225,ko05418,map00480,map00980,map00982,map00983,map01524,map05200,map05204,map05225,map05418","O","glutathione s-transferase"
"GAME1","OG0000316",-1.0386628390282,0.0377060931829144,"4081.Solyc07g043490.1.1","GO:0003674,GO:0003824,GO:0005575,GO:0005622,GO:0005623,GO:0008194,GO:0016740,GO:0016757,GO:0016758,GO:0035251,GO:0043226,GO:0043227,GO:0043229,GO:0043231,GO:0044424,GO:0044464,GO:0046527,GO:0080043,GO:0080044","ko:K00699,ko:K18822","ko00040,ko00053,ko00140,ko00830,ko00860,ko00980,ko00982,ko00983,ko01100,ko01110,ko05204,map00040,map00053,map00140,map00830,map00860,map00980,map00982,map00983,map01100,map01110,map05204","G","Belongs to the UDP-glycosyltransferase family"
"LOC104646915","OG0008692",2.28502551265588,0.0377093522436403,"4081.Solyc04g057830.1.1","","","","S","Domain of unknown function (DUF4228)"
"LOC101259661","OG0002642",2.87577932880011,0.0377660840666256,"4081.Solyc09g011860.2.1","GO:0005575,GO:0005622,GO:0005623,GO:0005737,GO:0044424,GO:0044464","","","G","GDP-fucose protein O-fucosyltransferase"
"LOC101261911","OG0004573",1.61907619020444,0.0384993473847421,"4081.Solyc04g051490.2.1","GO:0003674,GO:0003824,GO:0004518,GO:0004519,GO:0006139,GO:0006259,GO:0006281,GO:0006310,GO:0006725,GO:0006807,GO:0006950,GO:0006974,GO:0008150,GO:0008152,GO:0009314,GO:0009411,GO:0009416,GO:0009628,GO:0009642,GO:0009644,GO:0009987,GO:0010212,GO:0010332,GO:0016787,GO:0016788,GO:0033554,GO:0034641,GO:0043170,GO:0044237,GO:0044238,GO:0044260,GO:0046483,GO:0050896,GO:0051716,GO:0071704,GO:0090304,GO:0090305,GO:1901360","ko:K10882","ko03440,ko03460,map03440,map03460","S","Crossover junction endonuclease"
"GRAS4","OG0000224",1.27068097993242,0.0384993473847421,"4081.Solyc01g100200.2.1","","","","K","Belongs to the GRAS family"
"LOC101248193","OG0001369",1.26227195770425,0.0384993473847421,"4081.Solyc04g079880.2.1","","ko:K13513","ko00561,ko00564,ko01100,ko01110,map00561,map00564,map01100,map01110","I","1-acyl-sn-glycerol-3-phosphate acyltransferase 4"
"LOC101251453","OG0000195",1.39108638573093,0.0385241310725549,"4081.Solyc03g083470.2.1","","","","T","receptor-like protein kinase"
"LOC101253355",NA,1.208574648524,0.0388360211179242,"4113.PGSC0003DMT400010970","","","","T","Belongs to the disease resistance NB-LRR family"
"LOC101249928","OG0005042",1.87339576530998,0.0396275540858934,"4081.Solyc06g053640.1.1","GO:0003674,GO:0003824,GO:0004842,GO:0006464,GO:0006508,GO:0006511,GO:0006807,GO:0008150,GO:0008152,GO:0009056,GO:0009057,GO:0009987,GO:0010498,GO:0016567,GO:0016740,GO:0019538,GO:0019787,GO:0019941,GO:0030163,GO:0032446,GO:0036211,GO:0043161,GO:0043170,GO:0043412,GO:0043632,GO:0044237,GO:0044238,GO:0044248,GO:0044257,GO:0044260,GO:0044265,GO:0044267,GO:0051603,GO:0061630,GO:0061659,GO:0070647,GO:0071704,GO:0140096,GO:1901564,GO:1901565,GO:1901575","ko:K19041","","O","finger protein"
"LOC104649521",NA,1.85944736203559,0.0397299958255676,NA,NA,NA,NA,NA,NA
"LOC101245711","OG0001092",4.54127057611781,0.0400300390474389,"4113.PGSC0003DMT400052233","GO:0003674,GO:0005488,GO:0005509,GO:0043167,GO:0043169,GO:0046872","ko:K13448","ko04626,map04626","T","calcium-binding protein CML19"
"LOC138348481","OG0018058",1.08235866474844,0.0400993263104617,"4081.Solyc05g006380.1.1","","","","",""
"LOC101248717","OG0000362",2.84997973755269,0.0403754060402391,"4081.Solyc01g099370.2.1","GO:0000322,GO:0000325,GO:0000326,GO:0005575,GO:0005622,GO:0005623,GO:0005737,GO:0005773,GO:0005783,GO:0005886,GO:0006605,GO:0006623,GO:0006810,GO:0006886,GO:0007034,GO:0008104,GO:0008150,GO:0012505,GO:0015031,GO:0015833,GO:0016020,GO:0033036,GO:0033365,GO:0034613,GO:0042886,GO:0043226,GO:0043227,GO:0043229,GO:0043231,GO:0044424,GO:0044444,GO:0044464,GO:0045184,GO:0046907,GO:0051179,GO:0051234,GO:0051641,GO:0051649,GO:0070727,GO:0071702,GO:0071705,GO:0071944,GO:0072594,GO:0072665,GO:0072666","ko:K03006","ko00230,ko00240,ko01100,ko03020,ko05016,ko05168,ko05169,map00230,map00240,map01100,map03020,map05016,map05168,map05169","S","Protein kinase C conserved region 2 (CalB)"
"LOC104646739","OG0011822",3.7678602257658,0.0414776843485916,"4081.Solyc04g007250.1.1","","","","",""
"LOC138343833","OG0000054",1.21689898025902,0.0414776843485916,"4096.XP_009789585.1","","","","",""
"LOC101265542","OG0006865",2.32882559428345,0.0419415486554028,"4081.Solyc05g013410.2.1","","","","MOT","Sel1 repeat"
"LOC101249149","OG0030193",1.70928010314094,0.0422058265040304,"4081.Solyc12g010410.1.1","","","","K","ELK"
"LOC101258203","OG0002166",1.27896781518277,0.0423539043766015,"4081.Solyc01g109110.2.1","GO:0000166,GO:0001664,GO:0001882,GO:0001883,GO:0003674,GO:0003824,GO:0003924,GO:0005102,GO:0005488,GO:0005515,GO:0005525,GO:0005575,GO:0005622,GO:0005623,GO:0005634,GO:0005834,GO:0005886,GO:0006950,GO:0006952,GO:0007154,GO:0007165,GO:0007186,GO:0007187,GO:0007188,GO:0008150,GO:0009605,GO:0009607,GO:0009617,GO:0009898,GO:0009987,GO:0016020,GO:0016462,GO:0016787,GO:0016817,GO:0016818,GO:0017076,GO:0017111,GO:0019001,GO:0019897,GO:0019898,GO:0023052,GO:0031234,GO:0031683,GO:0032549,GO:0032550,GO:0032553,GO:0032555,GO:0032561,GO:0032991,GO:0035639,GO:0036094,GO:0042742,GO:0043167,GO:0043168,GO:0043207,GO:0043226,GO:0043227,GO:0043229,GO:0043231,GO:0044424,GO:0044425,GO:0044459,GO:0044464,GO:0044877,GO:0050789,GO:0050794,GO:0050896,GO:0051704,GO:0051707,GO:0051716,GO:0065007,GO:0071944,GO:0097159,GO:0097367,GO:0098542,GO:0098552,GO:0098562,GO:0098796,GO:0098797,GO:1901265,GO:1901363,GO:1902494,GO:1905360","ko:K04630","ko04015,ko04022,ko04024,ko04062,ko04071,ko04261,ko04360,ko04371,ko04540,ko04611,ko04670,ko04713,ko04723,ko04724,ko04725,ko04726,ko04727,ko04728,ko04730,ko04914,ko04915,ko04916,ko04921,ko04923,ko04924,ko04926,ko04934,ko04971,ko05012,ko05030,ko05032,ko05034,ko05133,ko05142,ko05145,ko05200,map04015,map04022,map04024,map04062,map04071,map04261,map04360,map04371,map04540,map04611,map04670,map04713,map04723,map04724,map04725,map04726,map04727,map04728,map04730,map04914,map04915,map04916,map04921,map04923,map04924,map04926,map04934,map04971,map05012,map05030,map05032,map05034,map05133,map05142,map05145,map05200","DT","G protein alpha subunit"
"LOC101243937","OG0004048",-2.91604422487706,0.0424895242761075,"4081.Solyc01g109950.2.1","GO:0001558,GO:0005575,GO:0005622,GO:0005623,GO:0005737,GO:0005886,GO:0008150,GO:0009507,GO:0009536,GO:0010769,GO:0016020,GO:0016324,GO:0022603,GO:0022604,GO:0040008,GO:0043226,GO:0043227,GO:0043229,GO:0043231,GO:0043900,GO:0044424,GO:0044425,GO:0044444,GO:0044459,GO:0044464,GO:0045177,GO:0045595,GO:0048638,GO:0050789,GO:0050793,GO:0050794,GO:0051128,GO:0051239,GO:0051510,GO:0060284,GO:0065007,GO:0071944,GO:0080092,GO:0098590,GO:2000241","","","T","receptor-like protein kinase At4g39110"
"LOC101255514","OG0005952",-1.17764762196833,0.0430592846081557,"4081.Solyc07g061800.2.1","","","","S","SOUL heme-binding protein"
"LOC101257433","OG0001286",1.32252383088092,0.0437047283693243,"4081.Solyc02g067800.2.1","","","","S","LOB domain-containing protein"
"LOC101250725","OG0001819",-1.32582020959054,0.0440096793566224,"4081.Solyc09g011080.2.1","GO:0000166,GO:0001101,GO:0003674,GO:0005488,GO:0005524,GO:0005575,GO:0005576,GO:0005618,GO:0005622,GO:0005623,GO:0005634,GO:0005737,GO:0006950,GO:0006952,GO:0007275,GO:0007568,GO:0008047,GO:0008144,GO:0008150,GO:0009266,GO:0009314,GO:0009409,GO:0009416,GO:0009507,GO:0009526,GO:0009532,GO:0009534,GO:0009535,GO:0009536,GO:0009570,GO:0009579,GO:0009605,GO:0009607,GO:0009617,GO:0009628,GO:0009719,GO:0009725,GO:0009753,GO:0009941,GO:0010033,GO:0010150,GO:0010287,GO:0010319,GO:0016020,GO:0017076,GO:0030234,GO:0030312,GO:0030554,GO:0031967,GO:0031975,GO:0031976,GO:0031984,GO:0032501,GO:0032502,GO:0032553,GO:0032555,GO:0032559,GO:0034357,GO:0035639,GO:0036094,GO:0042221,GO:0042651,GO:0042742,GO:0043085,GO:0043167,GO:0043168,GO:0043207,GO:0043226,GO:0043227,GO:0043229,GO:0043231,GO:0043531,GO:0044093,GO:0044422,GO:0044424,GO:0044434,GO:0044435,GO:0044436,GO:0044444,GO:0044446,GO:0044464,GO:0046863,GO:0048046,GO:0048366,GO:0048367,GO:0048731,GO:0048827,GO:0048856,GO:0050790,GO:0050896,GO:0051704,GO:0051707,GO:0055035,GO:0065007,GO:0065009,GO:0071944,GO:0090693,GO:0097159,GO:0097367,GO:0098542,GO:0098772,GO:0099402,GO:1901265,GO:1901363,GO:1901700","","","O","Ribulose bisphosphate carboxylase oxygenase activase"
"LOC101263288","OG0008199",1.41661754771086,0.0441446185740789,"4081.Solyc03g043700.2.1","GO:0005575,GO:0005622,GO:0005623,GO:0005634,GO:0043226,GO:0043227,GO:0043229,GO:0043231,GO:0044424,GO:0044464","ko:K08332","","S","Armadillo/beta-catenin-like repeat"
"LOC101250962","OG0000552",1.0780188581771,0.0441446185740789,"4081.Solyc12g009160.1.1","","","","S","von Willebrand factor type A domain"
"LOC101252088","OG0004980",1.85783065035626,0.0443746646789092,"4081.Solyc06g033860.1.1","GO:0000166,GO:0003674,GO:0003824,GO:0004352,GO:0004353,GO:0005488,GO:0005507,GO:0005524,GO:0005575,GO:0005622,GO:0005623,GO:0005737,GO:0005739,GO:0005773,GO:0005774,GO:0006950,GO:0006970,GO:0006995,GO:0007154,GO:0008144,GO:0008150,GO:0008152,GO:0008270,GO:0009267,GO:0009268,GO:0009605,GO:0009628,GO:0009651,GO:0009987,GO:0009991,GO:0010035,GO:0010038,GO:0010446,GO:0016020,GO:0016491,GO:0016638,GO:0016639,GO:0017076,GO:0030554,GO:0031090,GO:0031667,GO:0031668,GO:0031669,GO:0032553,GO:0032555,GO:0032559,GO:0033554,GO:0035639,GO:0036094,GO:0042221,GO:0042594,GO:0043167,GO:0043168,GO:0043169,GO:0043226,GO:0043227,GO:0043229,GO:0043231,GO:0043562,GO:0044422,GO:0044424,GO:0044437,GO:0044444,GO:0044446,GO:0044464,GO:0046686,GO:0046872,GO:0046914,GO:0050896,GO:0050897,GO:0051716,GO:0055114,GO:0071496,GO:0097159,GO:0097367,GO:0098588,GO:0098805,GO:1901265,GO:1901363","ko:K00261","ko00220,ko00250,ko00471,ko00910,ko01100,ko01200,ko04217,ko04964,map00220,map00250,map00471,map00910,map01100,map01200,map04217,map04964","E","Belongs to the Glu Leu Phe Val dehydrogenases family"
"MTSHP","OG0003325",1.80147575903444,0.0443746646789092,"4081.Solyc08g078700.2.1","GO:0006950,GO:0006970,GO:0008150,GO:0009266,GO:0009408,GO:0009628,GO:0050896","ko:K13993","ko04141,map04141","O","small heat shock protein"
"LOC101263809","OG0000849",1.09390619244479,0.0447619482204965,"4081.Solyc04g079400.2.1","","ko:K04421,ko:K11229","ko04010,ko04011,ko04139,ko04722,ko04912,ko05166,map04010,map04011,map04139,map04722,map04912,map05166","T","Mitogen-activated protein kinase kinase kinase YODA-like"
"RD2","OG0007494",1.08225385959295,0.0447619482204965,"4081.Solyc01g109710.2.1","","","","S","Universal stress protein family"
"LOC101253198","OG0005630",2.12319343160246,0.0453061178297807,"4081.Solyc06g063060.2.1","","","","S","Dormancy/auxin associated protein"
"LOC543740","OG0020849",1.95360750233417,0.0453061178297807,"4081.Solyc01g006390.2.1","","","","S","belongs to the large pherophorin-family, a family of glycoproteins with a central hydroxyproline-rich (HR) domain"
"LOC101249419","OG0001490",1.14307272894902,0.0453061178297807,"4081.Solyc02g083170.2.1","GO:0006109,GO:0008150,GO:0009889,GO:0009890,GO:0009892,GO:0010565,GO:0019222,GO:0030656,GO:0031323,GO:0031324,GO:0031326,GO:0031327,GO:0043255,GO:0045912,GO:0046137,GO:0048519,GO:0048523,GO:0050789,GO:0050794,GO:0051193,GO:0051195,GO:0051196,GO:0051198,GO:0062012,GO:0062014,GO:0065007,GO:0080090,GO:2000082,GO:2000083","","","S","F-box protein"
"EFE","OG0004603",1.13552651721538,0.0455595619653505,"4081.Solyc07g049550.2.1","GO:0000302,GO:0001101,GO:0003674,GO:0003824,GO:0005488,GO:0005507,GO:0005575,GO:0005618,GO:0005622,GO:0005623,GO:0005737,GO:0005783,GO:0005794,GO:0005829,GO:0005886,GO:0005911,GO:0006950,GO:0006970,GO:0006979,GO:0008150,GO:0008152,GO:0009058,GO:0009506,GO:0009593,GO:0009605,GO:0009607,GO:0009620,GO:0009628,GO:0009651,GO:0009692,GO:0009693,GO:0009719,GO:0009720,GO:0009723,GO:0009725,GO:0009726,GO:0009727,GO:0009735,GO:0009815,GO:0009987,GO:0010029,GO:0010030,GO:0010033,GO:0010035,GO:0010038,GO:0010039,GO:0010817,GO:0012505,GO:0016020,GO:0016491,GO:0016638,GO:0016641,GO:0030054,GO:0030312,GO:0033554,GO:0033993,GO:0034599,GO:0034614,GO:0035690,GO:0042221,GO:0042445,GO:0042446,GO:0042493,GO:0043167,GO:0043169,GO:0043207,GO:0043226,GO:0043227,GO:0043229,GO:0043231,GO:0043449,GO:0043450,GO:0044237,GO:0044249,GO:0044424,GO:0044444,GO:0044464,GO:0046872,GO:0046914,GO:0048518,GO:0048580,GO:0048582,GO:0050789,GO:0050793,GO:0050896,GO:0051094,GO:0051239,GO:0051240,GO:0051606,GO:0051704,GO:0051707,GO:0051716,GO:0055044,GO:0055114,GO:0065007,GO:0065008,GO:0070542,GO:0070887,GO:0071229,GO:0071241,GO:0071248,GO:0071281,GO:0071310,GO:0071396,GO:0071398,GO:0071704,GO:0071731,GO:0071732,GO:0071944,GO:0097366,GO:1900140,GO:1900673,GO:1900674,GO:1901576,GO:1901698,GO:1901699,GO:1901700,GO:1901701,GO:1902170,GO:2000026","ko:K05933","ko00270,ko01100,ko01110,map00270,map01100,map01110","Q","Belongs to the iron ascorbate-dependent oxidoreductase family"
"LOC101259341","OG0000065",1.55171391234038,0.0460286822068671,"4081.Solyc06g006040.1.1","","ko:K04730,ko:K04733,ko:K13420","ko04010,ko04016,ko04064,ko04620,ko04621,ko04624,ko04626,ko04722,ko05133,ko05140,ko05142,ko05145,ko05152,ko05162,ko05164,ko05169,map04010,map04016,map04064,map04620,map04621,map04624,map04626,map04722,map05133,map05140,map05142,map05145,map05152,map05162,map05164,map05169","T","Belongs to the protein kinase superfamily. Ser Thr protein kinase family"
"ERF-H1","OG0003609",1.89654840954323,0.0464047351988993,"4081.Solyc06g065820.2.1","","","","K","Ethylene-responsive transcription factor ERF003-like"
"LOC101266542","OG0016636",1.3733794283778,0.0475335170714095,"4113.PGSC0003DMT400038291","","ko:K22246","","E","Tyramine"
"LOC101247288",NA,3.4357377758643,0.0475696730477979,"4113.PGSC0003DMT400003559","","ko:K08900","","O","Belongs to the AAA ATPase family"
"LOC138339491","OG0000772",2.13038978855732,0.0475696730477979,"4113.PGSC0003DMT400040143","","","","S","Zinc finger protein ZAT12-like"
"LOC101262686","OG0009514",-1.04823771451154,0.0486231516507846,"4081.Solyc11g068530.1.1","","","","S","Fantastic Four meristem regulator"
"LOC104647777",NA,1.7335274232289,0.0490384832394934,"3827.XP_004514121.1","","","","L","cysteine-rich RLK (RECEPTOR-like protein kinase) 8"
"LOC101264880","OG0004127",1.21290484880717,0.0490384832394934,"4081.Solyc02g088630.2.1","GO:0000003,GO:0000271,GO:0000902,GO:0000904,GO:0003006,GO:0003674,GO:0003824,GO:0005575,GO:0005622,GO:0005623,GO:0005737,GO:0005794,GO:0005975,GO:0005976,GO:0007275,GO:0008150,GO:0008152,GO:0008194,GO:0009058,GO:0009059,GO:0009555,GO:0009653,GO:0009664,GO:0009826,GO:0009832,GO:0009856,GO:0009860,GO:0009932,GO:0009987,GO:0010383,GO:0010393,GO:0012505,GO:0016043,GO:0016049,GO:0016051,GO:0016740,GO:0016757,GO:0016758,GO:0017144,GO:0022414,GO:0030154,GO:0032501,GO:0032502,GO:0032989,GO:0033692,GO:0034637,GO:0034645,GO:0040007,GO:0042546,GO:0042995,GO:0043170,GO:0043226,GO:0043227,GO:0043229,GO:0043231,GO:0044036,GO:0044038,GO:0044085,GO:0044237,GO:0044238,GO:0044249,GO:0044260,GO:0044262,GO:0044264,GO:0044424,GO:0044444,GO:0044464,GO:0044706,GO:0045229,GO:0045488,GO:0045489,GO:0047262,GO:0048229,GO:0048468,GO:0048588,GO:0048589,GO:0048856,GO:0048868,GO:0048869,GO:0051704,GO:0052325,GO:0052546,GO:0060560,GO:0070589,GO:0070592,GO:0071554,GO:0071555,GO:0071669,GO:0071704,GO:0071840,GO:0090406,GO:0120025,GO:1901576","ko:K13648,ko:K20867","ko00520,map00520","G","Belongs to the glycosyltransferase 8 family"
"LOC101260391","OG0005614",1.42796262499563,0.0491779782645558,"4081.Solyc02g083850.2.1","GO:0001101,GO:0002831,GO:0002832,GO:0003674,GO:0003824,GO:0004672,GO:0004674,GO:0004683,GO:0004721,GO:0004722,GO:0005488,GO:0005515,GO:0005516,GO:0005575,GO:0005622,GO:0005623,GO:0005634,GO:0005737,GO:0005886,GO:0006464,GO:0006468,GO:0006470,GO:0006793,GO:0006796,GO:0006807,GO:0006950,GO:0006952,GO:0007154,GO:0007165,GO:0008150,GO:0008152,GO:0009605,GO:0009607,GO:0009620,GO:0009719,GO:0009725,GO:0009737,GO:0009738,GO:0009755,GO:0009931,GO:0009987,GO:0010033,GO:0010857,GO:0016020,GO:0016301,GO:0016310,GO:0016311,GO:0016740,GO:0016772,GO:0016773,GO:0016787,GO:0016788,GO:0016791,GO:0018105,GO:0018193,GO:0018209,GO:0019538,GO:0022603,GO:0023052,GO:0031347,GO:0031348,GO:0032101,GO:0032102,GO:0032870,GO:0033993,GO:0035556,GO:0036211,GO:0042221,GO:0042578,GO:0043170,GO:0043207,GO:0043226,GO:0043227,GO:0043229,GO:0043231,GO:0043412,GO:0043900,GO:0043901,GO:0044237,GO:0044238,GO:0044260,GO:0044267,GO:0044424,GO:0044464,GO:0046777,GO:0048519,GO:0048583,GO:0048585,GO:0048831,GO:0050789,GO:0050793,GO:0050794,GO:0050832,GO:0050896,GO:0051239,GO:0051704,GO:0051707,GO:0051716,GO:0060688,GO:0065007,GO:0070887,GO:0071215,GO:0071229,GO:0071310,GO:0071396,GO:0071495,GO:0071704,GO:0071944,GO:0080134,GO:0097305,GO:0097306,GO:0098542,GO:0140096,GO:1900424,GO:1900425,GO:1900618,GO:1901564,GO:1901700,GO:1901701,GO:1905428,GO:2000026,GO:2000032","ko:K13412","ko04626,ko05145,map04626,map05145","T","Calcium-dependent protein kinase"
"LOC138337088","OG0004904",2.72414476137702,0.0494139487364148,"4113.PGSC0003DMT400072566","","","","S","Late embryogenesis abundant protein"
"LOC101253945","OG0002832",1.14028479280415,0.0494139487364148,"4081.Solyc10g050060.1.1","","ko:K05402","ko04620,map04620","S","C2 domain"
