"Gene_ID","Orthogroup","log2FoldChange","adjusted_pvalue","eggNOG_ortholog","GO_terms","KEGG_ko","KEGG_pathway","COG_category","Description"
"SFP5","OG0014801",-1.28281928524617,1.97405483650212e-18,"4081.Solyc01g098500.2.1","","ko:K08145","","U","Belongs to the major facilitator superfamily. Sugar transporter (TC 2.A.1.1) family"
"ERF-H1","OG0003609",-2.57620995326438,3.74091308706358e-15,"4081.Solyc06g065820.2.1","","","","K","Ethylene-responsive transcription factor ERF003-like"
"XTH6","OG0003692",-2.10885326362356,2.13942074584575e-14,"4081.Solyc11g066270.1.1","GO:0003674,GO:0003824,GO:0004553,GO:0008150,GO:0008152,GO:0009056,GO:0009987,GO:0016787,GO:0016798,GO:0016998,GO:0033946,GO:0043170,GO:0044036,GO:0044237,GO:0044248,GO:0044260,GO:0052736,GO:0071554,GO:0071704","ko:K08235","","G","Catalyzes xyloglucan endohydrolysis (XEH) and or endotransglycosylation (XET). Cleaves and religates xyloglucan polymers, an essential constituent of the primary cell wall, and thereby participates in cell wall construction of growing tissues"
"LOC101263676","OG0007198",-2.01003970772095,2.13942074584575e-14,"4081.Solyc03g043740.2.1","GO:0005575,GO:0005623,GO:0005886,GO:0016020,GO:0044464,GO:0071944","","","S","At5g65660-like"
"ODD","OG0000128",3.09302873408272,5.71612996813716e-13,"4081.Solyc12g006380.1.1","","","","Q","Belongs to the iron ascorbate-dependent oxidoreductase family"
"WRKY81","OG0001216",3.95717179804479,1.29772633931487e-11,"4081.Solyc09g015770.2.1","GO:0001101,GO:0002218,GO:0002252,GO:0002253,GO:0002376,GO:0002682,GO:0002684,GO:0003674,GO:0003700,GO:0006355,GO:0006950,GO:0006952,GO:0006955,GO:0007154,GO:0007165,GO:0008150,GO:0009605,GO:0009607,GO:0009617,GO:0009620,GO:0009627,GO:0009682,GO:0009719,GO:0009725,GO:0009751,GO:0009753,GO:0009755,GO:0009814,GO:0009862,GO:0009863,GO:0009864,GO:0009867,GO:0009889,GO:0009890,GO:0009892,GO:0009987,GO:0010033,GO:0010200,GO:0010243,GO:0010468,GO:0010556,GO:0010558,GO:0010605,GO:0010629,GO:0014070,GO:0019219,GO:0019222,GO:0023052,GO:0031323,GO:0031324,GO:0031326,GO:0031327,GO:0031347,GO:0031349,GO:0032870,GO:0035690,GO:0042221,GO:0042493,GO:0042742,GO:0043207,GO:0045087,GO:0045088,GO:0045089,GO:0045892,GO:0045934,GO:0046677,GO:0048518,GO:0048519,GO:0048523,GO:0048583,GO:0048584,GO:0048831,GO:0050776,GO:0050778,GO:0050789,GO:0050793,GO:0050794,GO:0050832,GO:0050896,GO:0051093,GO:0051171,GO:0051172,GO:0051239,GO:0051241,GO:0051252,GO:0051253,GO:0051704,GO:0051707,GO:0051716,GO:0060255,GO:0065007,GO:0070887,GO:0071229,GO:0071236,GO:0071310,GO:0071395,GO:0071407,GO:0071446,GO:0071495,GO:0080090,GO:0080134,GO:0098542,GO:0140110,GO:1900055,GO:1900056,GO:1901698,GO:1901700,GO:1901701,GO:1902679,GO:1903506,GO:1903507,GO:1905622,GO:2000024,GO:2000026,GO:2000112,GO:2000113,GO:2001141","","","K","WRKY transcription factor"
"LOC101253578","OG0002354",1.28659884194187,4.03448879054895e-11,"4098.XP_009622773.1","","ko:K04728","ko01524,ko03440,ko04064,ko04068,ko04110,ko04115,ko04210,ko04214,ko04218,ko05165,ko05166,ko05202,ko05206,map01524,map03440,map04064,map04068,map04110,map04115,map04210,map04214,map04218,map05165,map05166,map05202,map05206","BDLT","serine threonine-protein kinase"
"LOC101260248","OG0004111",-1.20711841771425,6.13343015527451e-11,"4081.Solyc07g045440.1.1","GO:0005575,GO:0005622,GO:0005623,GO:0005737,GO:0005773,GO:0005774,GO:0005886,GO:0016020,GO:0031090,GO:0031224,GO:0031225,GO:0031226,GO:0043226,GO:0043227,GO:0043229,GO:0043231,GO:0044422,GO:0044424,GO:0044425,GO:0044437,GO:0044444,GO:0044446,GO:0044459,GO:0044464,GO:0046658,GO:0071944,GO:0098588,GO:0098805","","","S","Four repeated domains in the Fasciclin I family of proteins, present in many other contexts."
"LOC101264700","OG0000618",2.50270007845865,1.00537045154311e-10,"65489.OBART03G05700.1","GO:0003674,GO:0003676,GO:0003723,GO:0003746,GO:0003824,GO:0003924,GO:0005488,GO:0005575,GO:0005622,GO:0005623,GO:0005737,GO:0006412,GO:0006414,GO:0006518,GO:0006807,GO:0008135,GO:0008150,GO:0008152,GO:0009058,GO:0009059,GO:0009987,GO:0010467,GO:0016462,GO:0016787,GO:0016817,GO:0016818,GO:0017111,GO:0019538,GO:0034641,GO:0034645,GO:0043043,GO:0043170,GO:0043603,GO:0043604,GO:0044237,GO:0044238,GO:0044249,GO:0044260,GO:0044267,GO:0044271,GO:0044424,GO:0044464,GO:0071704,GO:0097159,GO:1901363,GO:1901564,GO:1901566,GO:1901576","ko:K03231","ko03013,ko05134,map03013,map05134","J","This protein promotes the GTP-dependent binding of aminoacyl-tRNA to the A-site of ribosomes during protein biosynthesis"
"LOC101263797","OG0006573",-1.15095433263318,1.00537045154311e-10,"4113.PGSC0003DMT400047710","GO:0005575,GO:0005618,GO:0005622,GO:0005623,GO:0005634,GO:0005654,GO:0005730,GO:0005737,GO:0005773,GO:0005774,GO:0005783,GO:0005794,GO:0005829,GO:0005886,GO:0005911,GO:0006508,GO:0006511,GO:0006807,GO:0006950,GO:0008150,GO:0008152,GO:0009056,GO:0009057,GO:0009506,GO:0009507,GO:0009536,GO:0009719,GO:0009725,GO:0009735,GO:0009987,GO:0010033,GO:0010035,GO:0010038,GO:0010243,GO:0010498,GO:0012505,GO:0016020,GO:0016592,GO:0019538,GO:0019941,GO:0030054,GO:0030163,GO:0030312,GO:0030433,GO:0031090,GO:0031974,GO:0031981,GO:0032991,GO:0033554,GO:0034976,GO:0036503,GO:0042221,GO:0043161,GO:0043170,GO:0043226,GO:0043227,GO:0043228,GO:0043229,GO:0043231,GO:0043232,GO:0043233,GO:0043632,GO:0044237,GO:0044238,GO:0044248,GO:0044257,GO:0044260,GO:0044265,GO:0044267,GO:0044422,GO:0044424,GO:0044428,GO:0044437,GO:0044444,GO:0044446,GO:0044451,GO:0044464,GO:0046686,GO:0050896,GO:0051603,GO:0051716,GO:0055044,GO:0070013,GO:0071704,GO:0071944,GO:0098588,GO:0098805,GO:1901564,GO:1901565,GO:1901575,GO:1901698","ko:K09490","ko03060,ko04141,ko04918,ko05020,map03060,map04141,map04918,map05020","O","Belongs to the heat shock protein 70 family"
"LOC101253894","OG0009394",-2.78138741058685,1.04164752802831e-09,"4081.Solyc05g005680.2.1","GO:0005575,GO:0005623,GO:0005886,GO:0005887,GO:0008150,GO:0009664,GO:0009825,GO:0009827,GO:0009831,GO:0009987,GO:0016020,GO:0016021,GO:0016043,GO:0016049,GO:0031224,GO:0031226,GO:0040007,GO:0042545,GO:0042547,GO:0044425,GO:0044459,GO:0044464,GO:0045229,GO:0071554,GO:0071555,GO:0071669,GO:0071840,GO:0071944","ko:K08235","","G","Catalyzes xyloglucan endohydrolysis (XEH) and or endotransglycosylation (XET). Cleaves and religates xyloglucan polymers, an essential constituent of the primary cell wall, and thereby participates in cell wall construction of growing tissues"
"LOC101249062",NA,2.40712786210904,1.04164752802831e-09,"4081.Solyc03g115920.2.1","","ko:K11975","","O","E3 ubiquitin-protein ligase"
"LOC101252337","OG0012668",-2.25017610486983,1.39926212221494e-09,"4081.Solyc10g074540.1.1","","","","S","Phosphate-induced protein 1 conserved region"
"LOC101252373","OG0000442",1.9164723145688,1.39926212221494e-09,"4081.Solyc03g122350.2.1","GO:0005575,GO:0005622,GO:0005623,GO:0005737,GO:0005783,GO:0005789,GO:0012505,GO:0016020,GO:0031090,GO:0031984,GO:0042175,GO:0043226,GO:0043227,GO:0043229,GO:0043231,GO:0044422,GO:0044424,GO:0044425,GO:0044432,GO:0044444,GO:0044446,GO:0044464,GO:0098827","ko:K20623","ko00905,ko01100,ko01110,map00905,map01100,map01110","Q","Cytochrome p450"
"AGAL","OG0002399",-1.75238618185123,2.76531834273578e-09,"4081.Solyc03g019790.2.1","GO:0003674,GO:0003824,GO:0004553,GO:0004557,GO:0005575,GO:0005576,GO:0005618,GO:0005623,GO:0007275,GO:0008150,GO:0009505,GO:0009605,GO:0009607,GO:0009620,GO:0009653,GO:0009909,GO:0009911,GO:0009965,GO:0010016,GO:0015925,GO:0016787,GO:0016798,GO:0030312,GO:0032501,GO:0032502,GO:0043207,GO:0044464,GO:0048046,GO:0048366,GO:0048367,GO:0048518,GO:0048580,GO:0048582,GO:0048731,GO:0048827,GO:0048831,GO:0048856,GO:0050789,GO:0050793,GO:0050896,GO:0051094,GO:0051239,GO:0051240,GO:0051704,GO:0051707,GO:0065007,GO:0071944,GO:0099402,GO:1905392,GO:2000026,GO:2000241,GO:2000243","ko:K07407","ko00052,ko00561,ko00600,ko00603,map00052,map00561,map00600,map00603","G","Alpha-galactosidase"
"LOC101254720","OG0012886",-2.03681094166127,5.91913753944496e-09,"4081.Solyc08g075320.2.1","GO:0001101,GO:0003674,GO:0003824,GO:0004497,GO:0006066,GO:0006082,GO:0006629,GO:0006694,GO:0006714,GO:0006720,GO:0006721,GO:0006950,GO:0007275,GO:0008150,GO:0008152,GO:0008202,GO:0008300,GO:0008610,GO:0009056,GO:0009058,GO:0009314,GO:0009414,GO:0009415,GO:0009416,GO:0009628,GO:0009639,GO:0009687,GO:0009987,GO:0010035,GO:0010268,GO:0010295,GO:0010817,GO:0016042,GO:0016054,GO:0016107,GO:0016115,GO:0016125,GO:0016128,GO:0016129,GO:0016131,GO:0016132,GO:0016491,GO:0016705,GO:0016709,GO:0019752,GO:0032501,GO:0032502,GO:0032787,GO:0042221,GO:0042445,GO:0042446,GO:0042592,GO:0043288,GO:0043290,GO:0043436,GO:0044237,GO:0044238,GO:0044242,GO:0044248,GO:0044255,GO:0044281,GO:0044282,GO:0046164,GO:0046345,GO:0046395,GO:0048856,GO:0048878,GO:0050896,GO:0055088,GO:0055114,GO:0065007,GO:0065008,GO:0071704,GO:0072329,GO:1901360,GO:1901362,GO:1901575,GO:1901576,GO:1901615,GO:1901616,GO:1901617,GO:1901700,GO:1902644","ko:K09843","ko00906,map00906","Q","Cytochrome P450"
"LOL1","OG0002381",-1.88933647400725,1.01970675306636e-08,"4081.Solyc08g077060.2.1;4113.PGSC0003DMT400045143","GO:0002682,GO:0002683,GO:0005575,GO:0005622,GO:0005623,GO:0005634,GO:0008150,GO:0010363,GO:0010941,GO:0031347,GO:0031348,GO:0034051,GO:0043067,GO:0043069,GO:0043226,GO:0043227,GO:0043229,GO:0043231,GO:0044424,GO:0044464,GO:0045088,GO:0045595,GO:0045824,GO:0048519,GO:0048523,GO:0048583,GO:0048585,GO:0050776,GO:0050777,GO:0050789,GO:0050793,GO:0050794,GO:0060548,GO:0065007,GO:0080134,GO:0080135","","","S","LSD1 zinc finger;regulation of plant-type hypersensitive response"
"TPS14",NA,-1.95674813330679,1.77570763610946e-08,"4081.Solyc09g092470.2.1","GO:0003674,GO:0003824,GO:0006629,GO:0006644,GO:0006720,GO:0006721,GO:0006793,GO:0006796,GO:0008150,GO:0008152,GO:0008299,GO:0008610,GO:0009058,GO:0009987,GO:0010333,GO:0010334,GO:0016829,GO:0016835,GO:0016838,GO:0019637,GO:0042214,GO:0044237,GO:0044238,GO:0044249,GO:0044255,GO:0045338,GO:0046246,GO:0047461,GO:0051761,GO:0051762,GO:0071704,GO:1901360,GO:1901362,GO:1901576,GO:1901926,GO:1901928","ko:K14181,ko:K15803,ko:K22064,ko:K22065","ko00909,ko01100,ko01110,map00909,map01100,map01110","S","synthase"
"LOC101263742","OG0000714",-1.07107450467748,1.99087990926161e-08,"4081.Solyc09g011690.2.1","","","","S","expressed protein"
"LOC101259187","OG0003692",-2.11800914502624,2.00885047513354e-08,"4113.PGSC0003DMT400009860","GO:0008150,GO:0008152,GO:0009056,GO:0009987,GO:0016998,GO:0043170,GO:0044036,GO:0044237,GO:0044248,GO:0044260,GO:0071554,GO:0071704","ko:K08235","","G","Catalyzes xyloglucan endohydrolysis (XEH) and or endotransglycosylation (XET). Cleaves and religates xyloglucan polymers, an essential constituent of the primary cell wall, and thereby participates in cell wall construction of growing tissues"
"AOX1a","OG0006199",2.08153078040204,4.65905568101573e-08,"4081.Solyc08g075540.2.1","","ko:K17893","","Q","Belongs to the alternative oxidase family"
"WRKY46","OG0001639",5.59882402730014,7.46395398097596e-08,"4081.Solyc08g067340.2.1","","","","K","DNA binding domain"
"LOC101245618","OG0003798",-1.57074999255955,7.46395398097596e-08,"4113.PGSC0003DMT400068221","","ko:K13680","","M","Glycosyl transferase family 21"
"LOC101247644","OG0000860",4.01651471422936,9.38016448854e-08,"4081.Solyc08g066310.1.1","","","","T","Leucine Rich Repeat"
"LOC101251641","OG0005943",1.79598760182844,9.85758289290422e-08,"4081.Solyc02g085600.1.1","GO:0003674,GO:0003676,GO:0003677,GO:0003700,GO:0005488,GO:0005575,GO:0005622,GO:0005623,GO:0005634,GO:0006355,GO:0008150,GO:0009889,GO:0009987,GO:0010468,GO:0010556,GO:0019219,GO:0019222,GO:0030154,GO:0031323,GO:0031326,GO:0032502,GO:0043226,GO:0043227,GO:0043229,GO:0043231,GO:0043565,GO:0044424,GO:0044464,GO:0048831,GO:0048869,GO:0050789,GO:0050793,GO:0050794,GO:0051171,GO:0051239,GO:0051252,GO:0060255,GO:0065007,GO:0080090,GO:0097159,GO:0140110,GO:1901363,GO:1903506,GO:2000026,GO:2000112,GO:2001141","","","K","Belongs to the GRAS family"
"LOC101254836","OG0004273",-1.21744375815958,1.16704716383592e-07,"4081.Solyc01g090120.2.1","","","","S","Plastocyanin-like domain"
"LOC101264612","OG0007682",-2.31925973157503,2.03040867182558e-07,"4081.Solyc03g116370.2.1","GO:0000079,GO:0000922,GO:0001932,GO:0001934,GO:0003674,GO:0005488,GO:0005515,GO:0005575,GO:0005622,GO:0005623,GO:0005634,GO:0005737,GO:0005815,GO:0005819,GO:0005856,GO:0005874,GO:0005876,GO:0005881,GO:0005938,GO:0006355,GO:0008017,GO:0008022,GO:0008092,GO:0008104,GO:0008150,GO:0009524,GO:0009574,GO:0009605,GO:0009606,GO:0009612,GO:0009628,GO:0009629,GO:0009630,GO:0009652,GO:0009889,GO:0009891,GO:0009893,GO:0009958,GO:0010005,GO:0010468,GO:0010556,GO:0010557,GO:0010562,GO:0010604,GO:0010628,GO:0015630,GO:0015631,GO:0019219,GO:0019220,GO:0019222,GO:0019899,GO:0019900,GO:0019901,GO:0030496,GO:0030863,GO:0030981,GO:0031323,GO:0031325,GO:0031326,GO:0031328,GO:0031399,GO:0031401,GO:0032268,GO:0032270,GO:0033036,GO:0033674,GO:0042325,GO:0042327,GO:0042802,GO:0043085,GO:0043226,GO:0043227,GO:0043228,GO:0043229,GO:0043231,GO:0043232,GO:0043549,GO:0044093,GO:0044422,GO:0044424,GO:0044430,GO:0044444,GO:0044446,GO:0044448,GO:0044464,GO:0045737,GO:0045787,GO:0045859,GO:0045860,GO:0045893,GO:0045935,GO:0045937,GO:0048471,GO:0048518,GO:0048522,GO:0050789,GO:0050790,GO:0050794,GO:0050896,GO:0051171,GO:0051173,GO:0051174,GO:0051179,GO:0051246,GO:0051247,GO:0051252,GO:0051254,GO:0051338,GO:0051347,GO:0051726,GO:0055028,GO:0060255,GO:0065007,GO:0065009,GO:0071900,GO:0071902,GO:0071944,GO:0080090,GO:0099080,GO:0099081,GO:0099512,GO:0099513,GO:0099568,GO:1902680,GO:1903506,GO:1903508,GO:1904029,GO:1904031,GO:2000112,GO:2001141","ko:K10436","","Z","EB1-like C-terminal motif"
"LOC101245087","OG0001056",-1.57981643985408,3.58428616099671e-07,"4113.PGSC0003DMT400062354","","ko:K14638","","E","POT family"
"BMY3","OG0005919",1.58679796752297,3.73268712186442e-07,"4081.Solyc01g067660.2.1","","","","G","Glycosyl hydrolase family 14"
"LOC101256154","OG0012209",-1.5714456178143,4.42114204395969e-07,"4081.Solyc11g045110.1.1","GO:0003674,GO:0003824,GO:0005575,GO:0005623,GO:0005886,GO:0008194,GO:0016020,GO:0016740,GO:0016757,GO:0016758,GO:0035251,GO:0044464,GO:0046524,GO:0046527,GO:0071944","ko:K00696","ko00500,ko01100,map00500,map01100","M","sucrose-phosphate synthase"
"LOC101257588","OG0000765",-1.87943177722699,4.78276337695754e-07,"4081.Solyc08g075020.2.1","","ko:K19882","ko04310,map04310","M","Hydrolyzes acetyl esters in homogalacturonan regions of pectin. In type I primary cell wall, galacturonic acid residues of pectin can be acetylated at the O-2 and O-3 positions. Decreasing the degree of acetylation of pectin gels in vitro alters their physical properties"
"EXP5","OG0001786",-1.86287051832003,6.76514255266858e-07,"4081.Solyc02g088100.2.1","GO:0005575,GO:0005618,GO:0005623,GO:0006949,GO:0008150,GO:0009653,GO:0009987,GO:0016020,GO:0030312,GO:0032502,GO:0044464,GO:0048646,GO:0048856,GO:0071944","ko:K20628","","S","Pollen allergen"
"LOC101254871","OG0004111",-1.71128235662545,6.97555538559405e-07,"4081.Solyc12g006110.1.1","GO:0005575,GO:0005622,GO:0005623,GO:0005737,GO:0005773,GO:0005774,GO:0005886,GO:0016020,GO:0031090,GO:0031224,GO:0031225,GO:0031226,GO:0043226,GO:0043227,GO:0043229,GO:0043231,GO:0044422,GO:0044424,GO:0044425,GO:0044437,GO:0044444,GO:0044446,GO:0044459,GO:0044464,GO:0046658,GO:0071944,GO:0098588,GO:0098805","","","S","Fasciclin-like arabinogalactan protein"
"LOC101263156","OG0004781",2.35730353235782,7.26982831286801e-07,"4113.PGSC0003DMT400015634","","","","S","Modified RING finger domain"
"LOC101256614","OG0008507",1.71190036716839,7.53911631597696e-07,"4113.PGSC0003DMT400004645","GO:0000002,GO:0005575,GO:0005622,GO:0005623,GO:0005737,GO:0005777,GO:0005782,GO:0006139,GO:0006259,GO:0006508,GO:0006605,GO:0006625,GO:0006725,GO:0006807,GO:0006810,GO:0006886,GO:0006950,GO:0006996,GO:0007005,GO:0007031,GO:0007275,GO:0008104,GO:0008150,GO:0008152,GO:0009266,GO:0009408,GO:0009628,GO:0009791,GO:0009987,GO:0010467,GO:0015031,GO:0015833,GO:0015919,GO:0016043,GO:0016485,GO:0016558,GO:0016560,GO:0017038,GO:0019538,GO:0022622,GO:0031907,GO:0031974,GO:0032042,GO:0032501,GO:0032502,GO:0033036,GO:0033365,GO:0034613,GO:0034641,GO:0040007,GO:0042579,GO:0042886,GO:0043170,GO:0043226,GO:0043227,GO:0043229,GO:0043231,GO:0043233,GO:0043574,GO:0044237,GO:0044238,GO:0044260,GO:0044422,GO:0044424,GO:0044438,GO:0044439,GO:0044444,GO:0044446,GO:0044464,GO:0044743,GO:0045184,GO:0046483,GO:0046907,GO:0048364,GO:0048527,GO:0048528,GO:0048731,GO:0048856,GO:0050896,GO:0051179,GO:0051234,GO:0051604,GO:0051641,GO:0051649,GO:0055085,GO:0065002,GO:0070013,GO:0070727,GO:0071702,GO:0071704,GO:0071705,GO:0071806,GO:0071840,GO:0072594,GO:0072662,GO:0072663,GO:0090304,GO:0090696,GO:0099402,GO:1901360,GO:1901564","ko:K01338","ko04112,map04112","O","ATP-dependent serine protease that mediates the selective degradation of misfolded and unassembled polypeptides in the peroxisomal matrix. Necessary for type 2 peroxisome targeting signal (PTS2)-containing protein processing and facilitates peroxisome matrix protein import"
"LOC101264781","OG0004870",1.57469956575507,1.89192232785041e-06,"4081.Solyc11g017270.1.1","","","","T","Leucine Rich Repeat"
"LOC101263279","OG0000879",-1.18919370104438,1.9713725647647e-06,"4113.PGSC0003DMT400020895","GO:0003674,GO:0003824,GO:0004672,GO:0004674,GO:0004675,GO:0004888,GO:0005488,GO:0005515,GO:0005575,GO:0005622,GO:0005623,GO:0005737,GO:0005768,GO:0005886,GO:0006464,GO:0006468,GO:0006793,GO:0006796,GO:0006807,GO:0007154,GO:0007165,GO:0007166,GO:0007167,GO:0007178,GO:0008150,GO:0008152,GO:0009888,GO:0009987,GO:0010008,GO:0010087,GO:0010089,GO:0012505,GO:0016020,GO:0016301,GO:0016310,GO:0016740,GO:0016772,GO:0016773,GO:0019199,GO:0019538,GO:0019899,GO:0023052,GO:0031090,GO:0031410,GO:0031982,GO:0032502,GO:0036211,GO:0038023,GO:0043170,GO:0043226,GO:0043227,GO:0043229,GO:0043412,GO:0044237,GO:0044238,GO:0044260,GO:0044267,GO:0044422,GO:0044424,GO:0044433,GO:0044440,GO:0044444,GO:0044446,GO:0044464,GO:0048856,GO:0050789,GO:0050794,GO:0050896,GO:0051020,GO:0051716,GO:0060089,GO:0065007,GO:0071704,GO:0071944,GO:0097708,GO:0098588,GO:0098805,GO:0140096,GO:1901564","","","T","Receptor-like serine threonine-protein kinase NCRK isoform X1"
"loxD","OG0004006",2.34925874937336,2.41931135592973e-06,"4081.Solyc03g122340.2.1","GO:0000003,GO:0000302,GO:0001101,GO:0003006,GO:0003674,GO:0003824,GO:0005575,GO:0005622,GO:0005623,GO:0005737,GO:0006629,GO:0006950,GO:0006979,GO:0007275,GO:0008150,GO:0008152,GO:0009314,GO:0009416,GO:0009507,GO:0009532,GO:0009534,GO:0009536,GO:0009555,GO:0009570,GO:0009579,GO:0009605,GO:0009607,GO:0009611,GO:0009617,GO:0009620,GO:0009628,GO:0009642,GO:0009644,GO:0009719,GO:0009725,GO:0009753,GO:0009791,GO:0009900,GO:0009901,GO:0009908,GO:0009987,GO:0010033,GO:0010035,GO:0010193,GO:0016165,GO:0016491,GO:0016701,GO:0016702,GO:0022414,GO:0030258,GO:0031976,GO:0031984,GO:0032501,GO:0032502,GO:0032504,GO:0034440,GO:0042221,GO:0042493,GO:0043207,GO:0043226,GO:0043227,GO:0043229,GO:0043231,GO:0044237,GO:0044238,GO:0044255,GO:0044422,GO:0044424,GO:0044434,GO:0044435,GO:0044444,GO:0044446,GO:0044464,GO:0046677,GO:0048229,GO:0048367,GO:0048437,GO:0048438,GO:0048443,GO:0048466,GO:0048608,GO:0048609,GO:0048653,GO:0048731,GO:0048827,GO:0048856,GO:0050896,GO:0051213,GO:0051704,GO:0051707,GO:0055114,GO:0061458,GO:0071704,GO:0080086,GO:0090567,GO:0099402,GO:1901700","ko:K00454","ko00591,ko00592,ko01100,ko01110,map00591,map00592,map01100,map01110","E","may be involved in a number of diverse aspects of plant physiology including growth and development, pest resistance, and senescence or responses to wounding"
"LOC101247146",NA,2.30667921701565,2.55466829729929e-06,"4113.PGSC0003DMT400031941","GO:0003674,GO:0003700,GO:0006355,GO:0008150,GO:0009889,GO:0010468,GO:0010556,GO:0019219,GO:0019222,GO:0031323,GO:0031326,GO:0050789,GO:0050794,GO:0051171,GO:0051252,GO:0060255,GO:0065007,GO:0080090,GO:0140110,GO:1903506,GO:2000112,GO:2001141","","","K","RWP-RK domain"
"LOC101247725",NA,-2.35598911460219,3.48256107541593e-06,"4081.Solyc06g053520.2.1","GO:0003674,GO:0003824,GO:0004766,GO:0005575,GO:0005623,GO:0005886,GO:0006576,GO:0006595,GO:0006596,GO:0006807,GO:0008150,GO:0008152,GO:0008216,GO:0008295,GO:0009058,GO:0009308,GO:0009309,GO:0009987,GO:0016020,GO:0016740,GO:0016765,GO:0034641,GO:0042401,GO:0044106,GO:0044237,GO:0044249,GO:0044271,GO:0044464,GO:0071704,GO:0071944,GO:0097164,GO:1901564,GO:1901566,GO:1901576","ko:K00797,ko:K05353","ko00270,ko00330,ko00410,ko00480,ko00960,ko01100,ko01110,map00270,map00330,map00410,map00480,map00960,map01100,map01110","H","Belongs to the spermidine spermine synthase family"
"LOC101262737","OG0004827",-1.69493538857124,3.65384690982798e-06,"4113.PGSC0003DMT400074806","","","","S","Protein of unknown function (DUF642)"
"twi1","OG0000316",1.82681818755304,5.13758972033605e-06,"4081.Solyc01g107820.2.1","","","","CG","Belongs to the UDP-glycosyltransferase family"
"LOC101261461","OG0000145",2.2717755366374,5.81666379427127e-06,"4081.Solyc10g007280.2.1","","ko:K08900","","O","Domain associated at C-terminal with AAA"
"LOC101266819","OG0005563",-1.32802507504119,5.92034406653577e-06,"4113.PGSC0003DMT400002155","GO:0003674,GO:0003700,GO:0005575,GO:0005622,GO:0005623,GO:0005634,GO:0006355,GO:0006950,GO:0007154,GO:0007275,GO:0008150,GO:0008152,GO:0009058,GO:0009267,GO:0009605,GO:0009653,GO:0009718,GO:0009812,GO:0009813,GO:0009888,GO:0009889,GO:0009987,GO:0009991,GO:0010015,GO:0010053,GO:0010054,GO:0010468,GO:0010556,GO:0016036,GO:0019219,GO:0019222,GO:0021700,GO:0022622,GO:0030154,GO:0031323,GO:0031326,GO:0031667,GO:0031668,GO:0031669,GO:0032501,GO:0032502,GO:0033554,GO:0042440,GO:0042594,GO:0043226,GO:0043227,GO:0043229,GO:0043231,GO:0044424,GO:0044464,GO:0046148,GO:0046283,GO:0048364,GO:0048468,GO:0048469,GO:0048731,GO:0048764,GO:0048765,GO:0048856,GO:0048869,GO:0050789,GO:0050794,GO:0050896,GO:0051171,GO:0051252,GO:0051716,GO:0060255,GO:0065007,GO:0071496,GO:0071695,GO:0071704,GO:0080090,GO:0080147,GO:0090558,GO:0090627,GO:0099402,GO:0140110,GO:1901576,GO:1903506,GO:1905392,GO:2000112,GO:2001141","","","K","Transcription factor"
"LOC101253940","OG0010911",-1.09442488412482,5.92034406653577e-06,"4081.Solyc10g012370.2.1","GO:0000096,GO:0000097,GO:0002376,GO:0003674,GO:0003824,GO:0004124,GO:0005488,GO:0005507,GO:0005575,GO:0005622,GO:0005623,GO:0005737,GO:0005739,GO:0006082,GO:0006520,GO:0006534,GO:0006535,GO:0006563,GO:0006790,GO:0006807,GO:0006955,GO:0007275,GO:0008144,GO:0008150,GO:0008152,GO:0008652,GO:0009056,GO:0009058,GO:0009069,GO:0009070,GO:0009507,GO:0009509,GO:0009532,GO:0009536,GO:0009570,GO:0009636,GO:0009653,GO:0009888,GO:0009987,GO:0010015,GO:0010053,GO:0010054,GO:0016053,GO:0016740,GO:0016765,GO:0016829,GO:0016846,GO:0019344,GO:0019499,GO:0019500,GO:0019752,GO:0019842,GO:0021700,GO:0022622,GO:0030154,GO:0030170,GO:0032501,GO:0032502,GO:0034641,GO:0036094,GO:0042221,GO:0043167,GO:0043168,GO:0043169,GO:0043226,GO:0043227,GO:0043229,GO:0043231,GO:0043436,GO:0044237,GO:0044238,GO:0044248,GO:0044249,GO:0044270,GO:0044272,GO:0044281,GO:0044283,GO:0044422,GO:0044424,GO:0044434,GO:0044435,GO:0044444,GO:0044446,GO:0044464,GO:0046394,GO:0046872,GO:0046914,GO:0048037,GO:0048364,GO:0048468,GO:0048469,GO:0048731,GO:0048764,GO:0048765,GO:0048856,GO:0048869,GO:0050017,GO:0050662,GO:0050896,GO:0051410,GO:0070279,GO:0071695,GO:0071704,GO:0080147,GO:0090558,GO:0090627,GO:0097159,GO:0098754,GO:0099402,GO:1901363,GO:1901564,GO:1901566,GO:1901575,GO:1901576,GO:1901605,GO:1901607,GO:1901698,GO:1905392","ko:K13034","ko00270,ko00460,ko00920,ko01100,ko01110,ko01120,ko01130,ko01200,ko01230,map00270,map00460,map00920,map01100,map01110,map01120,map01130,map01200,map01230","E","Bifunctional L-3-cyanoalanine synthase cysteine synthase 1, mitochondrial"
"LOC101260711","OG0001588",-1.41721696035332,6.32755014339119e-06,"4081.Solyc03g113720.2.1","GO:0000156,GO:0000160,GO:0003674,GO:0005575,GO:0005622,GO:0005623,GO:0005634,GO:0005737,GO:0006355,GO:0007154,GO:0007165,GO:0007623,GO:0008150,GO:0009314,GO:0009416,GO:0009628,GO:0009639,GO:0009719,GO:0009725,GO:0009735,GO:0009736,GO:0009755,GO:0009889,GO:0009987,GO:0010033,GO:0010114,GO:0010200,GO:0010243,GO:0010468,GO:0010556,GO:0019219,GO:0019222,GO:0019827,GO:0023052,GO:0031323,GO:0031326,GO:0032501,GO:0032502,GO:0032870,GO:0035556,GO:0042221,GO:0042493,GO:0043226,GO:0043227,GO:0043229,GO:0043231,GO:0044424,GO:0044464,GO:0048511,GO:0050789,GO:0050794,GO:0050896,GO:0051171,GO:0051252,GO:0051716,GO:0060089,GO:0060255,GO:0065007,GO:0070887,GO:0071310,GO:0071368,GO:0071495,GO:0080090,GO:0098727,GO:1901698,GO:1901700,GO:1903506,GO:2000112,GO:2001141","ko:K14492","ko04075,map04075","K","response regulator"
"LOC101250202",NA,3.80771289167973,6.80643003512735e-06,"4081.Solyc03g117860.2.1","","","","O","In Between Ring fingers"
"LOC101262483","OG0004922",-2.16388142620251,6.97260365432161e-06,"4113.PGSC0003DMT400022286","","","","S","Lateral organ boundaries (LOB) domain"
"LOC101261737","OG0000623",-1.48768055288888,6.97260365432161e-06,"4081.Solyc09g009530.2.1","","","","S","Alpha/beta hydrolase family"
"LOC101249240","OG0000067",1.03928518116734,6.97260365432161e-06,"4098.XP_009592347.1","","","","T","receptor-like protein kinase At1g67000"
"LOC101263766","OG0000649",1.60379088569022,8.02661998138498e-06,"4081.Solyc01g108080.2.1","GO:0001067,GO:0001101,GO:0003674,GO:0003676,GO:0003677,GO:0003700,GO:0005488,GO:0005575,GO:0005622,GO:0005623,GO:0005634,GO:0006355,GO:0006950,GO:0006970,GO:0007154,GO:0007165,GO:0008150,GO:0009414,GO:0009415,GO:0009628,GO:0009651,GO:0009719,GO:0009725,GO:0009737,GO:0009738,GO:0009755,GO:0009787,GO:0009789,GO:0009889,GO:0009966,GO:0009967,GO:0009987,GO:0010033,GO:0010035,GO:0010468,GO:0010556,GO:0010646,GO:0010647,GO:0019219,GO:0019222,GO:0023051,GO:0023052,GO:0023056,GO:0031323,GO:0031326,GO:0032870,GO:0033993,GO:0042221,GO:0043226,GO:0043227,GO:0043229,GO:0043231,GO:0043565,GO:0044212,GO:0044424,GO:0044464,GO:0048518,GO:0048522,GO:0048583,GO:0048584,GO:0050789,GO:0050794,GO:0050896,GO:0051171,GO:0051252,GO:0051716,GO:0060255,GO:0065007,GO:0070887,GO:0071215,GO:0071229,GO:0071310,GO:0071396,GO:0071495,GO:0080090,GO:0097159,GO:0097305,GO:0097306,GO:0140110,GO:1901363,GO:1901419,GO:1901421,GO:1901700,GO:1901701,GO:1903506,GO:1905957,GO:1905959,GO:2000112,GO:2001141","ko:K14432","ko04075,map04075","K","basic region leucin zipper"
"EDS1","OG0004583",1.44822644257092,8.13382559977987e-06,"4081.Solyc06g071280.2.1","GO:0000302,GO:0000304,GO:0001666,GO:0002376,GO:0003674,GO:0003824,GO:0005488,GO:0005515,GO:0005575,GO:0005622,GO:0005623,GO:0005634,GO:0005737,GO:0006950,GO:0006952,GO:0006955,GO:0006979,GO:0007584,GO:0008150,GO:0008219,GO:0009605,GO:0009607,GO:0009626,GO:0009627,GO:0009628,GO:0009653,GO:0009814,GO:0009987,GO:0009991,GO:0010035,GO:0010310,GO:0010618,GO:0010941,GO:0010942,GO:0012501,GO:0016298,GO:0016787,GO:0016788,GO:0019222,GO:0031323,GO:0031667,GO:0032502,GO:0033554,GO:0034050,GO:0036293,GO:0042221,GO:0042493,GO:0042802,GO:0042803,GO:0043207,GO:0043226,GO:0043227,GO:0043229,GO:0043231,GO:0044424,GO:0044464,GO:0045087,GO:0046983,GO:0048518,GO:0048522,GO:0048646,GO:0048856,GO:0050789,GO:0050794,GO:0050896,GO:0051193,GO:0051704,GO:0051707,GO:0051716,GO:0065007,GO:0070482,GO:0098542,GO:1901700,GO:2000377","ko:K18875","ko04626,map04626","L","Lipase (class 3)"
"LOC544276","OG0012845",-1.95369078224557,8.53537090495613e-06,"4081.Solyc07g052480.2.1","GO:0003674,GO:0003824,GO:0004451,GO:0005575,GO:0005622,GO:0005623,GO:0005737,GO:0005777,GO:0005975,GO:0006081,GO:0006082,GO:0006097,GO:0008150,GO:0008152,GO:0009514,GO:0009987,GO:0016829,GO:0016830,GO:0016833,GO:0019752,GO:0032787,GO:0042579,GO:0043226,GO:0043227,GO:0043229,GO:0043231,GO:0043436,GO:0044237,GO:0044238,GO:0044262,GO:0044281,GO:0044424,GO:0044444,GO:0044464,GO:0046487,GO:0071704","ko:K01637","ko00630,ko01100,ko01110,ko01120,ko01200,map00630,map01100,map01110,map01120,map01200","C","Belongs to the isocitrate lyase PEP mutase superfamily. Isocitrate lyase family"
"LOC101261810","OG0004890",1.22418724174334,9.41981775055784e-06,"4081.Solyc04g074490.2.1","GO:0005575,GO:0005622,GO:0005623,GO:0005737,GO:0005829,GO:0044424,GO:0044444,GO:0044464","","","BT","Cupin-like domain"
"LOC101253061","OG0006819",-1.27020557989982,1.24150222063471e-05,"4081.Solyc03g025600.2.1;4096.XP_009796711.1","GO:0000209,GO:0003674,GO:0003824,GO:0004175,GO:0004177,GO:0005488,GO:0005515,GO:0005575,GO:0005622,GO:0005623,GO:0005634,GO:0005654,GO:0005737,GO:0005773,GO:0005774,GO:0005829,GO:0005840,GO:0006464,GO:0006508,GO:0006807,GO:0008150,GO:0008152,GO:0008233,GO:0008236,GO:0008238,GO:0008240,GO:0009507,GO:0009536,GO:0009987,GO:0016020,GO:0016567,GO:0016604,GO:0016787,GO:0017171,GO:0019538,GO:0022626,GO:0031090,GO:0031974,GO:0031981,GO:0032446,GO:0032991,GO:0036211,GO:0042802,GO:0043170,GO:0043226,GO:0043227,GO:0043228,GO:0043229,GO:0043231,GO:0043232,GO:0043233,GO:0043412,GO:0044237,GO:0044238,GO:0044260,GO:0044267,GO:0044422,GO:0044424,GO:0044428,GO:0044437,GO:0044444,GO:0044445,GO:0044446,GO:0044451,GO:0044464,GO:0070011,GO:0070013,GO:0070647,GO:0071704,GO:0098588,GO:0098805,GO:0140096,GO:1901564,GO:1990904","ko:K01280;ko:K19882","ko04310,map04310","M;O","Hydrolyzes acetyl esters in homogalacturonan regions of pectin. In type I primary cell wall, galacturonic acid residues of pectin can be acetylated at the O-2 and O-3 positions. Decreasing the degree of acetylation of pectin gels in vitro alters their physical properties;Tripeptidyl-peptidase"
"LOC101248236","OG0011042",-1.85374829541938,1.39289770401509e-05,"4081.Solyc09g072700.2.1","GO:0003674,GO:0003824,GO:0004601,GO:0005575,GO:0005618,GO:0005623,GO:0005911,GO:0008150,GO:0008152,GO:0009505,GO:0009506,GO:0009636,GO:0009664,GO:0009987,GO:0016043,GO:0016209,GO:0016491,GO:0016684,GO:0030054,GO:0030312,GO:0042221,GO:0044464,GO:0045229,GO:0050896,GO:0051716,GO:0055044,GO:0055114,GO:0070887,GO:0071554,GO:0071555,GO:0071669,GO:0071840,GO:0071944,GO:0097237,GO:0098754,GO:0098869,GO:1990748","ko:K00430","ko00940,ko01100,ko01110,map00940,map01100,map01110","Q","Belongs to the peroxidase family. Classical plant (class III) peroxidase subfamily"
"WRKY80","OG0004429",2.41453249175409,1.40566855884731e-05,"4081.Solyc03g095770.2.1","","","","K","DNA binding domain"
"TBG1","OG0001792",-1.07680612853646,1.45483801674337e-05,"4081.Solyc12g044880.1.1","GO:0003674,GO:0003824,GO:0004553,GO:0004565,GO:0005575,GO:0005618,GO:0005622,GO:0005623,GO:0005737,GO:0005773,GO:0015925,GO:0016787,GO:0016798,GO:0030312,GO:0043226,GO:0043227,GO:0043229,GO:0043231,GO:0044424,GO:0044444,GO:0044464,GO:0071944","","","G","Galactose binding lectin domain"
"LOC101267468","OG0000394",2.45194990793444,1.59192246708576e-05,"4081.Solyc11g005630.1.1","","","","T","ATP binding protein"
"SBT1","OG0003133",-1.70124197251703,1.79113711183287e-05,"4081.Solyc04g078110.1.1","","","","O","PA domain"
"LOC104645778",NA,1.5141734647819,1.79113711183287e-05,NA,NA,NA,NA,NA,NA
"LOC101266368","OG0003818",1.47838772330426,1.97819026168166e-05,"4113.PGSC0003DMT400056264","","","","T","Belongs to the disease resistance NB-LRR family"
"LOC101263709","OG0003574",-2.53766447336204,2.01870798739316e-05,"4081.Solyc05g050880.2.1","","ko:K00430","ko00940,ko01100,ko01110,map00940,map01100,map01110","Q","Belongs to the peroxidase family. Classical plant (class III) peroxidase subfamily"
"LOC101258021",NA,1.24197251211003,2.09362553657034e-05,"4081.Solyc02g088940.2.1","GO:0003674,GO:0003824,GO:0003883,GO:0006139,GO:0006206,GO:0006213,GO:0006220,GO:0006221,GO:0006241,GO:0006629,GO:0006644,GO:0006725,GO:0006753,GO:0006793,GO:0006796,GO:0006807,GO:0008150,GO:0008152,GO:0008610,GO:0008654,GO:0009058,GO:0009112,GO:0009116,GO:0009117,GO:0009119,GO:0009141,GO:0009142,GO:0009147,GO:0009148,GO:0009163,GO:0009165,GO:0009199,GO:0009201,GO:0009208,GO:0009209,GO:0009218,GO:0009220,GO:0009259,GO:0009260,GO:0009987,GO:0016874,GO:0016879,GO:0018130,GO:0019438,GO:0019637,GO:0019693,GO:0019856,GO:0034404,GO:0034641,GO:0034654,GO:0042455,GO:0044237,GO:0044238,GO:0044249,GO:0044255,GO:0044271,GO:0044281,GO:0044283,GO:0046036,GO:0046112,GO:0046131,GO:0046132,GO:0046134,GO:0046390,GO:0046483,GO:0055086,GO:0071704,GO:0072527,GO:0072528,GO:0090407,GO:1901135,GO:1901137,GO:1901293,GO:1901360,GO:1901362,GO:1901564,GO:1901566,GO:1901576,GO:1901657,GO:1901659","ko:K01937","ko00240,ko01100,map00240,map01100","F","Catalyzes the ATP-dependent amination of UTP to CTP with either L-glutamine or ammonia as the source of nitrogen"
"LOC101255839","OG0000361",-1.69866130858771,2.35980890923382e-05,"4081.Solyc10g039290.1.1","","ko:K14638","","E","POT family"
"LOC101268233","OG0002920",5.75119303237676,2.63058180913091e-05,"4081.Solyc10g055740.1.1","GO:0003333,GO:0003674,GO:0005215,GO:0005342,GO:0006810,GO:0006811,GO:0006820,GO:0006865,GO:0008150,GO:0008509,GO:0008514,GO:0015075,GO:0015171,GO:0015318,GO:0015711,GO:0015849,GO:0022857,GO:0034220,GO:0046942,GO:0046943,GO:0051179,GO:0051234,GO:0055085,GO:0071702,GO:0071705,GO:0098656,GO:1903825,GO:1905039","","","E","Lysine histidine transporter-like 8"
"LOC101260212","OG0006276",-1.10822794745169,3.0792886383552e-05,"4081.Solyc03g096030.2.1","GO:0000271,GO:0003674,GO:0003824,GO:0005575,GO:0005622,GO:0005623,GO:0005737,GO:0005794,GO:0005975,GO:0005976,GO:0006355,GO:0006950,GO:0008150,GO:0008152,GO:0008374,GO:0009058,GO:0009059,GO:0009266,GO:0009409,GO:0009628,GO:0009889,GO:0009891,GO:0009893,GO:0009987,GO:0010383,GO:0010410,GO:0010468,GO:0010556,GO:0010557,GO:0010604,GO:0010628,GO:0012505,GO:0016051,GO:0016407,GO:0016413,GO:0016740,GO:0016746,GO:0016747,GO:0019219,GO:0019222,GO:0031323,GO:0031325,GO:0031326,GO:0031328,GO:0033692,GO:0034637,GO:0034645,GO:0042546,GO:0043170,GO:0043226,GO:0043227,GO:0043229,GO:0043231,GO:0044036,GO:0044038,GO:0044085,GO:0044237,GO:0044238,GO:0044249,GO:0044260,GO:0044262,GO:0044264,GO:0044424,GO:0044444,GO:0044464,GO:0045491,GO:0045492,GO:0045893,GO:0045935,GO:0048518,GO:0048522,GO:0050789,GO:0050794,GO:0050826,GO:0050896,GO:0051171,GO:0051173,GO:0051252,GO:0051254,GO:0060255,GO:0065007,GO:0070589,GO:0070592,GO:0071554,GO:0071704,GO:0071840,GO:0080090,GO:1901576,GO:1902680,GO:1903506,GO:1903508,GO:1990538,GO:2000112,GO:2001141","","","S","ESKIMO 1-like"
"LOC101267354","OG0001757",1.41639533599469,3.37126886143304e-05,"4081.Solyc01g100240.2.1","GO:0001666,GO:0002229,GO:0002237,GO:0002239,GO:0002376,GO:0002682,GO:0002831,GO:0003674,GO:0003676,GO:0003677,GO:0003700,GO:0005488,GO:0005515,GO:0005516,GO:0005575,GO:0005622,GO:0005623,GO:0005634,GO:0006082,GO:0006355,GO:0006725,GO:0006950,GO:0006952,GO:0006955,GO:0008150,GO:0008152,GO:0009058,GO:0009314,GO:0009411,GO:0009416,GO:0009605,GO:0009607,GO:0009617,GO:0009620,GO:0009628,GO:0009696,GO:0009697,GO:0009787,GO:0009789,GO:0009814,GO:0009816,GO:0009889,GO:0009966,GO:0009967,GO:0009987,GO:0010033,GO:0010112,GO:0010224,GO:0010337,GO:0010468,GO:0010556,GO:0010565,GO:0010646,GO:0010647,GO:0010817,GO:0016053,GO:0016999,GO:0017000,GO:0017144,GO:0018958,GO:0019219,GO:0019222,GO:0019438,GO:0019752,GO:0023051,GO:0023056,GO:0031323,GO:0031326,GO:0031347,GO:0032101,GO:0032350,GO:0032787,GO:0033554,GO:0036293,GO:0036294,GO:0042221,GO:0042445,GO:0042446,GO:0042537,GO:0042742,GO:0043207,GO:0043226,GO:0043227,GO:0043229,GO:0043231,GO:0043436,GO:0043565,GO:0043900,GO:0044237,GO:0044249,GO:0044281,GO:0044283,GO:0044424,GO:0044464,GO:0045087,GO:0045088,GO:0046189,GO:0046394,GO:0046885,GO:0048518,GO:0048522,GO:0048583,GO:0048584,GO:0050776,GO:0050789,GO:0050794,GO:0050896,GO:0051171,GO:0051252,GO:0051704,GO:0051707,GO:0051716,GO:0060255,GO:0062012,GO:0065007,GO:0065008,GO:0070482,GO:0070887,GO:0071216,GO:0071219,GO:0071453,GO:0071456,GO:0071704,GO:0072330,GO:0080090,GO:0080134,GO:0080142,GO:0097159,GO:0098542,GO:0140110,GO:1901360,GO:1901362,GO:1901363,GO:1901419,GO:1901421,GO:1901576,GO:1901615,GO:1901617,GO:1902584,GO:1903506,GO:1905957,GO:1905959,GO:2000070,GO:2000112,GO:2001141","","","S","Calmodulin binding protein-like"
"LOC543872","OG0012286",-1.56772699951967,3.77489441185401e-05,"4081.Solyc09g007630.2.1","GO:0005575,GO:0005622,GO:0005623,GO:0005737,GO:0005783,GO:0005788,GO:0005886,GO:0008150,GO:0012505,GO:0016020,GO:0031974,GO:0035821,GO:0043226,GO:0043227,GO:0043229,GO:0043231,GO:0043233,GO:0043900,GO:0043902,GO:0043903,GO:0044403,GO:0044419,GO:0044422,GO:0044424,GO:0044432,GO:0044444,GO:0044446,GO:0044464,GO:0044788,GO:0044794,GO:0048518,GO:0048524,GO:0050789,GO:0050792,GO:0051702,GO:0051704,GO:0051817,GO:0051851,GO:0065007,GO:0070013,GO:0071944","ko:K09523","ko04141,ko05164,map04141,map05164","O","Tetratricopeptide repeat"
"exp18","OG0000663",-2.03775481492352,5.06006554977572e-05,"4113.PGSC0003DMT400078182","","","","S","Rare lipoprotein A (RlpA)-like double-psi beta-barrel"
"LOC100316879","OG0005614",1.24470133116801,5.38466248865645e-05,"4081.Solyc03g033540.2.1","GO:0001101,GO:0002831,GO:0002832,GO:0003674,GO:0003824,GO:0004672,GO:0004674,GO:0004683,GO:0004721,GO:0004722,GO:0005488,GO:0005515,GO:0005516,GO:0005575,GO:0005622,GO:0005623,GO:0005634,GO:0005737,GO:0005886,GO:0006464,GO:0006468,GO:0006470,GO:0006793,GO:0006796,GO:0006807,GO:0006950,GO:0006952,GO:0007154,GO:0007165,GO:0008150,GO:0008152,GO:0009605,GO:0009607,GO:0009620,GO:0009719,GO:0009725,GO:0009737,GO:0009738,GO:0009755,GO:0009931,GO:0009987,GO:0010033,GO:0010857,GO:0016020,GO:0016301,GO:0016310,GO:0016311,GO:0016740,GO:0016772,GO:0016773,GO:0016787,GO:0016788,GO:0016791,GO:0018105,GO:0018193,GO:0018209,GO:0019538,GO:0022603,GO:0023052,GO:0031347,GO:0031348,GO:0032101,GO:0032102,GO:0032870,GO:0033993,GO:0035556,GO:0036211,GO:0042221,GO:0042578,GO:0043170,GO:0043207,GO:0043226,GO:0043227,GO:0043229,GO:0043231,GO:0043412,GO:0043900,GO:0043901,GO:0044237,GO:0044238,GO:0044260,GO:0044267,GO:0044424,GO:0044464,GO:0046777,GO:0048519,GO:0048583,GO:0048585,GO:0048831,GO:0050789,GO:0050793,GO:0050794,GO:0050832,GO:0050896,GO:0051239,GO:0051704,GO:0051707,GO:0051716,GO:0060688,GO:0065007,GO:0070887,GO:0071215,GO:0071229,GO:0071310,GO:0071396,GO:0071495,GO:0071704,GO:0071944,GO:0080134,GO:0097305,GO:0097306,GO:0098542,GO:0140096,GO:1900424,GO:1900425,GO:1900618,GO:1901564,GO:1901700,GO:1901701,GO:1905428,GO:2000026,GO:2000032","ko:K13412","ko04626,ko05145,map04626,map05145","T","Calcium-dependent protein kinase"
"LOC104645681","OG0000747;OG0014244",2.30524473240408,5.51886285052577e-05,"4098.XP_009606330.1","GO:0000003,GO:0000228,GO:0000280,GO:0000793,GO:0000794,GO:0000795,GO:0003674,GO:0003676,GO:0003677,GO:0003697,GO:0003824,GO:0005488,GO:0005575,GO:0005622,GO:0005623,GO:0005634,GO:0005694,GO:0005712,GO:0006139,GO:0006259,GO:0006281,GO:0006298,GO:0006310,GO:0006725,GO:0006807,GO:0006950,GO:0006974,GO:0006996,GO:0007049,GO:0007127,GO:0007131,GO:0008150,GO:0008152,GO:0009987,GO:0016043,GO:0016462,GO:0016787,GO:0016817,GO:0016818,GO:0016887,GO:0017111,GO:0022402,GO:0022414,GO:0031974,GO:0031981,GO:0032300,GO:0032991,GO:0033554,GO:0034641,GO:0035825,GO:0043170,GO:0043226,GO:0043227,GO:0043228,GO:0043229,GO:0043231,GO:0043232,GO:0043233,GO:0044237,GO:0044238,GO:0044260,GO:0044422,GO:0044424,GO:0044427,GO:0044428,GO:0044446,GO:0044454,GO:0044464,GO:0046483,GO:0048285,GO:0050896,GO:0051321,GO:0051716,GO:0061982,GO:0070013,GO:0071704,GO:0071840,GO:0090304,GO:0097159,GO:0099086,GO:0140013,GO:1901360,GO:1901363,GO:1903046,GO:1990391","ko:K08739","ko03430,map03430","L","MutL C terminal dimerisation domain"
"LOC104649390",NA,2.306563425172,6.85738143034545e-05,"4081.Solyc09g082870.1.1","","ko:K01537","","P","This magnesium-dependent enzyme catalyzes the hydrolysis of ATP coupled with the transport of calcium"
"LOC101260854","OG0000623",-1.10545056314666,6.86402692165882e-05,"4081.Solyc09g009520.2.1","","","","S","Alpha/beta hydrolase family"
"LOC101257186","OG0013123",-1.88865675037977,7.54992178744546e-05,"4081.Solyc07g022900.2.1","","ko:K08911","ko00196,map00196","P","The light-harvesting complex (LHC) functions as a light receptor, it captures and delivers excitation energy to photosystems with which it is closely associated"
"LOC101267254","OG0006018",1.78606837030022,7.72087755965002e-05,"4081.Solyc08g006470.2.1","GO:0003674,GO:0003700,GO:0005575,GO:0005622,GO:0005623,GO:0005737,GO:0005829,GO:0005840,GO:0006355,GO:0008150,GO:0009889,GO:0010468,GO:0010556,GO:0015934,GO:0019219,GO:0019222,GO:0022613,GO:0022625,GO:0022626,GO:0030684,GO:0030687,GO:0031323,GO:0031326,GO:0032991,GO:0042254,GO:0042273,GO:0043226,GO:0043228,GO:0043229,GO:0043232,GO:0044085,GO:0044391,GO:0044422,GO:0044424,GO:0044444,GO:0044445,GO:0044446,GO:0044464,GO:0050789,GO:0050794,GO:0051171,GO:0051252,GO:0060255,GO:0065007,GO:0071840,GO:0080090,GO:0140110,GO:1903506,GO:1990904,GO:2000112,GO:2001141","ko:K14816","","S","Zinc finger protein"
"LOC101247990","OG0001247",-2.19122762678452,8.42984697963764e-05,"4081.Solyc12g040860.1.1","GO:0001871,GO:0003674,GO:0003824,GO:0004553,GO:0005488,GO:0005575,GO:0005623,GO:0005886,GO:0016020,GO:0016787,GO:0016798,GO:0030246,GO:0030247,GO:0031224,GO:0031225,GO:0031226,GO:0044425,GO:0044459,GO:0044464,GO:0046658,GO:0071944","","","G","glucan endo-1,3-beta-glucosidase"
"vicilin","OG0004990",-3.67916705102195,8.53157509328685e-05,"4081.Solyc09g082340.2.1","GO:0005575,GO:0005618,GO:0005622,GO:0005623,GO:0005737,GO:0005773,GO:0006950,GO:0006952,GO:0008150,GO:0009505,GO:0009605,GO:0009607,GO:0009615,GO:0009620,GO:0009719,GO:0009725,GO:0009735,GO:0010033,GO:0030312,GO:0031410,GO:0031982,GO:0033095,GO:0042221,GO:0043207,GO:0043226,GO:0043227,GO:0043229,GO:0043231,GO:0044424,GO:0044444,GO:0044464,GO:0050832,GO:0050896,GO:0051704,GO:0051707,GO:0071944,GO:0097708,GO:0098542","ko:K18626","","S","Cupin"
"LOC101259599","OG0006518",-1.40601675202781,8.53157509328685e-05,"4081.Solyc02g086460.2.1","","ko:K20478","","S","tissue development"
"BR1","OG0000817",-2.02104994128243,9.16749791438115e-05,"4081.Solyc09g092520.2.1","","ko:K08235","","G","Catalyzes xyloglucan endohydrolysis (XEH) and or endotransglycosylation (XET). Cleaves and religates xyloglucan polymers, an essential constituent of the primary cell wall, and thereby participates in cell wall construction of growing tissues"
"LOC101256683","OG0007499",1.32473266116396,9.37342225137715e-05,"4081.Solyc06g065030.2.1","","ko:K17087","","U","Transmembrane 9 superfamily member"
"LOC101255341","OG0016487",2.50476816312382,9.92674467752692e-05,"4081.Solyc01g106510.2.1","","","","S","Protein of unknown function (DUF295)"
"LOC104645672","OG0020866",1.32072185156129,0.000101163603343542,"4081.Solyc02g084090.1.1","GO:0000166,GO:0003674,GO:0003824,GO:0004176,GO:0005488,GO:0005524,GO:0005575,GO:0005622,GO:0005623,GO:0005737,GO:0005739,GO:0005759,GO:0006457,GO:0006508,GO:0006605,GO:0006626,GO:0006807,GO:0006810,GO:0006839,GO:0006886,GO:0006996,GO:0007005,GO:0008104,GO:0008144,GO:0008150,GO:0008152,GO:0008233,GO:0009056,GO:0009057,GO:0009893,GO:0009987,GO:0010604,GO:0015031,GO:0015833,GO:0016043,GO:0016462,GO:0016787,GO:0016817,GO:0016818,GO:0016887,GO:0017038,GO:0017076,GO:0017111,GO:0019222,GO:0019538,GO:0030150,GO:0030163,GO:0030554,GO:0031323,GO:0031325,GO:0031399,GO:0031401,GO:0031974,GO:0032268,GO:0032270,GO:0032553,GO:0032555,GO:0032559,GO:0033036,GO:0033365,GO:0034613,GO:0035639,GO:0036094,GO:0042026,GO:0042623,GO:0042886,GO:0043167,GO:0043168,GO:0043170,GO:0043226,GO:0043227,GO:0043229,GO:0043231,GO:0043233,GO:0044238,GO:0044422,GO:0044424,GO:0044429,GO:0044444,GO:0044446,GO:0044464,GO:0044743,GO:0045184,GO:0046907,GO:0048518,GO:0048522,GO:0050789,GO:0050794,GO:0051171,GO:0051173,GO:0051179,GO:0051234,GO:0051246,GO:0051247,GO:0051641,GO:0051649,GO:0055085,GO:0060255,GO:0065002,GO:0065007,GO:0070011,GO:0070013,GO:0070585,GO:0070727,GO:0071702,GO:0071704,GO:0071705,GO:0071806,GO:0071840,GO:0072594,GO:0072655,GO:0080090,GO:0097159,GO:0097367,GO:0140096,GO:1901265,GO:1901363,GO:1901564,GO:1901565,GO:1901575,GO:1904285,GO:1904287,GO:1990542","ko:K03544,ko:K19852","ko04112,map04112","O","unfolded protein binding"
"LOC101258541","OG0011784",2.00302847679271,0.000106373338008903,"4081.Solyc03g098490.1.1","","","","S","Cotton fibre expressed protein"
"LOC101265525","OG0010141",1.40663892879877,0.000106373338008903,"4113.PGSC0003DMT400036774","GO:0000122,GO:0000976,GO:0000977,GO:0000981,GO:0000982,GO:0001012,GO:0001067,GO:0001078,GO:0001227,GO:0003674,GO:0003676,GO:0003677,GO:0003690,GO:0003700,GO:0003723,GO:0003729,GO:0005488,GO:0005575,GO:0005622,GO:0005623,GO:0005634,GO:0006082,GO:0006139,GO:0006351,GO:0006355,GO:0006357,GO:0006366,GO:0006725,GO:0006807,GO:0006950,GO:0006952,GO:0006970,GO:0008150,GO:0008152,GO:0009058,GO:0009059,GO:0009314,GO:0009416,GO:0009605,GO:0009607,GO:0009617,GO:0009628,GO:0009636,GO:0009642,GO:0009651,GO:0009696,GO:0009697,GO:0009889,GO:0009890,GO:0009892,GO:0009987,GO:0010188,GO:0010310,GO:0010467,GO:0010468,GO:0010556,GO:0010558,GO:0010605,GO:0010629,GO:0010817,GO:0016053,GO:0016070,GO:0016999,GO:0017000,GO:0017144,GO:0018130,GO:0018958,GO:0019219,GO:0019222,GO:0019438,GO:0019752,GO:0031323,GO:0031324,GO:0031326,GO:0031327,GO:0032774,GO:0032787,GO:0034641,GO:0034645,GO:0034654,GO:0042221,GO:0042445,GO:0042446,GO:0042537,GO:0042742,GO:0043170,GO:0043207,GO:0043226,GO:0043227,GO:0043229,GO:0043231,GO:0043436,GO:0043565,GO:0044212,GO:0044237,GO:0044238,GO:0044249,GO:0044260,GO:0044271,GO:0044281,GO:0044283,GO:0044424,GO:0044464,GO:0045892,GO:0045934,GO:0046189,GO:0046394,GO:0046483,GO:0048519,GO:0048523,GO:0050789,GO:0050794,GO:0050896,GO:0051171,GO:0051172,GO:0051193,GO:0051252,GO:0051253,GO:0051704,GO:0051707,GO:0060255,GO:0065007,GO:0065008,GO:0071704,GO:0072330,GO:0080090,GO:0090304,GO:0097159,GO:0097659,GO:0098542,GO:0140110,GO:1901360,GO:1901362,GO:1901363,GO:1901576,GO:1901615,GO:1901617,GO:1902679,GO:1903506,GO:1903507,GO:1990837,GO:2000112,GO:2000113,GO:2000377,GO:2001141","ko:K12236","ko05165,map05165","O","ZnF_NFX"
"LOC101256861","OG0002517",-1.70817255408479,0.000109620409937381,"4081.Solyc03g113910.2.1","","","","S","Gibberellin regulated protein"
"LOC101254067","OG0002093",2.33115700388251,0.000113573823441047,"4081.Solyc12g036330.1.1","GO:0000003,GO:0001101,GO:0003006,GO:0003674,GO:0003824,GO:0004672,GO:0004674,GO:0005575,GO:0005623,GO:0005886,GO:0006464,GO:0006468,GO:0006793,GO:0006796,GO:0006807,GO:0006950,GO:0007154,GO:0007165,GO:0007166,GO:0007275,GO:0008150,GO:0008152,GO:0009314,GO:0009414,GO:0009415,GO:0009416,GO:0009605,GO:0009628,GO:0009648,GO:0009719,GO:0009725,GO:0009737,GO:0009791,GO:0009987,GO:0009991,GO:0010033,GO:0010035,GO:0010228,GO:0016020,GO:0016301,GO:0016310,GO:0016740,GO:0016772,GO:0016773,GO:0019538,GO:0022414,GO:0023052,GO:0031668,GO:0032501,GO:0032502,GO:0032870,GO:0033554,GO:0033993,GO:0036211,GO:0042221,GO:0042631,GO:0043170,GO:0043412,GO:0044237,GO:0044238,GO:0044260,GO:0044267,GO:0044464,GO:0048573,GO:0048608,GO:0048731,GO:0048856,GO:0050789,GO:0050794,GO:0050896,GO:0051716,GO:0061458,GO:0065007,GO:0070887,GO:0071214,GO:0071215,GO:0071229,GO:0071310,GO:0071396,GO:0071462,GO:0071495,GO:0071496,GO:0071704,GO:0071944,GO:0097305,GO:0097306,GO:0104004,GO:0140096,GO:1901564,GO:1901700,GO:1901701","ko:K04733","ko04010,ko04064,ko04620,ko04621,ko04624,ko04722,ko05133,ko05140,ko05142,ko05145,ko05152,ko05162,ko05164,map04010,map04064,map04620,map04621,map04624,map04722,map05133,map05140,map05142,map05145,map05152,map05162,map05164","T","Protein kinase domain"
"TBG4","OG0001792",-1.28063723377511,0.000114441854680773,"4081.Solyc12g008840.1.1","","","","G","Glycosyl hydrolases family 35"
"LEJA1","OG0002405",-1.52819083743413,0.000115632416592499,"4081.Solyc05g007180.2.1","GO:0000003,GO:0003006,GO:0003674,GO:0003676,GO:0003677,GO:0003700,GO:0005488,GO:0006355,GO:0007275,GO:0008150,GO:0009653,GO:0009743,GO:0009744,GO:0009790,GO:0009791,GO:0009793,GO:0009889,GO:0009965,GO:0010016,GO:0010033,GO:0010154,GO:0010468,GO:0010556,GO:0019219,GO:0019222,GO:0022414,GO:0022622,GO:0031323,GO:0031326,GO:0032501,GO:0032502,GO:0034285,GO:0042221,GO:0043565,GO:0048316,GO:0048364,GO:0048366,GO:0048367,GO:0048598,GO:0048608,GO:0048731,GO:0048825,GO:0048826,GO:0048827,GO:0048856,GO:0050789,GO:0050794,GO:0050896,GO:0051171,GO:0051252,GO:0060255,GO:0061458,GO:0065007,GO:0080022,GO:0080090,GO:0090698,GO:0097159,GO:0099402,GO:0140110,GO:1901363,GO:1901700,GO:1903506,GO:1905392,GO:2000112,GO:2001141","ko:K09338","","K","Homeobox associated leucine zipper"
"LOC101255509","OG0014267",1.46079739188535,0.000115632416592499,"4081.Solyc07g053550.1.1","GO:0001101,GO:0007154,GO:0007165,GO:0008150,GO:0009719,GO:0009725,GO:0009751,GO:0009753,GO:0009755,GO:0009863,GO:0009867,GO:0009987,GO:0010033,GO:0014070,GO:0023052,GO:0032870,GO:0035690,GO:0042221,GO:0042493,GO:0046677,GO:0050789,GO:0050794,GO:0050896,GO:0051716,GO:0065007,GO:0070887,GO:0071229,GO:0071236,GO:0071310,GO:0071395,GO:0071407,GO:0071446,GO:0071495,GO:1901700,GO:1901701","ko:K03676","","O","Glutaredoxin"
"cevi16","OG0001908",-1.58096383820912,0.000119053957159194,"4081.Solyc01g105070.2.1","GO:0003674,GO:0003676,GO:0003723,GO:0003729,GO:0003824,GO:0004601,GO:0005488,GO:0005575,GO:0005618,GO:0005623,GO:0005886,GO:0005911,GO:0008150,GO:0008152,GO:0009505,GO:0009506,GO:0009636,GO:0009664,GO:0009987,GO:0016020,GO:0016043,GO:0016209,GO:0016491,GO:0016684,GO:0030054,GO:0030312,GO:0042221,GO:0044464,GO:0045229,GO:0050896,GO:0051716,GO:0055044,GO:0055114,GO:0070887,GO:0071554,GO:0071555,GO:0071669,GO:0071840,GO:0071944,GO:0097159,GO:0097237,GO:0098754,GO:0098869,GO:1901363,GO:1990748","ko:K00430","ko00940,ko01100,ko01110,map00940,map01100,map01110","Q","Belongs to the peroxidase family. Classical plant (class III) peroxidase subfamily"
"LOC101252606","OG0001530",1.0167153728779,0.000119969712161628,"4081.Solyc07g063240.2.1","GO:0006139,GO:0006396,GO:0006725,GO:0006807,GO:0008150,GO:0008152,GO:0009892,GO:0009987,GO:0010033,GO:0010267,GO:0010467,GO:0010468,GO:0010605,GO:0010608,GO:0010629,GO:0014070,GO:0016070,GO:0016246,GO:0016441,GO:0016458,GO:0019222,GO:0030422,GO:0031047,GO:0031050,GO:0034641,GO:0035194,GO:0040029,GO:0042221,GO:0043170,GO:0043331,GO:0044237,GO:0044238,GO:0046483,GO:0048519,GO:0050789,GO:0050896,GO:0051716,GO:0060255,GO:0065007,GO:0070887,GO:0070918,GO:0071310,GO:0071359,GO:0071407,GO:0071704,GO:0090304,GO:1901360,GO:1901698,GO:1901699","","","L","DUF1771"
"LOC101252918","OG0007687",-2.05057794114225,0.000151587103357381,"4081.Solyc09g008560.2.1","","","","Q","non-haem dioxygenase in morphine synthesis N-terminal"
"LOC101246381","OG0000117",-1.50112619686349,0.000151587103357381,"4081.Solyc09g090980.2.1","","","","H","Pathogenesis-related protein STH-2-like"
"LOC101260400","OG0001777",2.11657842531497,0.000157220160256806,"4081.Solyc02g089610.1.1","","ko:K01611","ko00270,ko00330,ko01100,map00270,map00330,map01100","H","S-adenosylmethionine decarboxylase"
"LOC101248895","OG0004639",-1.412088873682,0.00016336465304685,"4081.Solyc07g063350.2.1","GO:0005575,GO:0005622,GO:0005623,GO:0005634,GO:0005886,GO:0006355,GO:0006725,GO:0006778,GO:0006779,GO:0006807,GO:0008150,GO:0008152,GO:0009058,GO:0009314,GO:0009416,GO:0009628,GO:0009718,GO:0009812,GO:0009813,GO:0009889,GO:0009891,GO:0009893,GO:0009987,GO:0010468,GO:0010556,GO:0010557,GO:0010604,GO:0010628,GO:0015994,GO:0015995,GO:0016020,GO:0018130,GO:0019219,GO:0019222,GO:0019438,GO:0031323,GO:0031325,GO:0031326,GO:0031328,GO:0033013,GO:0033014,GO:0034641,GO:0042440,GO:0043226,GO:0043227,GO:0043229,GO:0043231,GO:0044237,GO:0044249,GO:0044271,GO:0044424,GO:0044464,GO:0045893,GO:0045935,GO:0046148,GO:0046283,GO:0046483,GO:0048518,GO:0048522,GO:0050789,GO:0050794,GO:0050896,GO:0051171,GO:0051173,GO:0051186,GO:0051188,GO:0051252,GO:0051254,GO:0060255,GO:0065007,GO:0071704,GO:0071944,GO:0080090,GO:1901360,GO:1901362,GO:1901564,GO:1901566,GO:1901576,GO:1902680,GO:1903506,GO:1903508,GO:2000112,GO:2001141","","","S","COP1-interacting protein 7"
"LOC101259275","OG0005784",1.14000602441402,0.000172410307140137,"4081.Solyc08g078510.2.1","","","","S","domain in glucosyltransferases, myotubularins and other putative membrane-associated proteins"
"LOC101257381","OG0010616",6.93565579918269,0.000172739479494791,"4113.PGSC0003DMT400069218","GO:0001101,GO:0002229,GO:0002239,GO:0003674,GO:0003824,GO:0004497,GO:0006082,GO:0006725,GO:0006950,GO:0006952,GO:0007275,GO:0007568,GO:0008150,GO:0008152,GO:0009056,GO:0009058,GO:0009605,GO:0009607,GO:0009617,GO:0009620,GO:0009696,GO:0009719,GO:0009725,GO:0009751,GO:0009812,GO:0009813,GO:0009987,GO:0010033,GO:0010150,GO:0010817,GO:0014070,GO:0016054,GO:0016491,GO:0016705,GO:0016706,GO:0016709,GO:0016999,GO:0017001,GO:0017144,GO:0018958,GO:0019336,GO:0019439,GO:0019752,GO:0032501,GO:0032502,GO:0032787,GO:0033759,GO:0034785,GO:0042221,GO:0042440,GO:0042445,GO:0042447,GO:0042493,GO:0042537,GO:0042737,GO:0042742,GO:0043207,GO:0043436,GO:0044237,GO:0044248,GO:0044281,GO:0044282,GO:0046148,GO:0046244,GO:0046395,GO:0046677,GO:0048366,GO:0048367,GO:0048731,GO:0048827,GO:0048856,GO:0050896,GO:0051213,GO:0051552,GO:0051553,GO:0051704,GO:0051707,GO:0055114,GO:0065007,GO:0065008,GO:0071704,GO:0072329,GO:0090693,GO:0098542,GO:0099402,GO:1901360,GO:1901361,GO:1901575,GO:1901576,GO:1901615,GO:1901616,GO:1901700","","","Q","Belongs to the iron ascorbate-dependent oxidoreductase family"
"LOC101264399","OG0002771",-2.36793938036124,0.000176161838704289,"4081.Solyc11g069640.1.1","","ko:K01674","ko00910,map00910","P","carbonic anhydrase"
"LOC101250479","OG0000145",3.11666059146199,0.00018970458675931,"4081.Solyc03g033840.2.1","GO:0001101,GO:0002237,GO:0002376,GO:0003674,GO:0003824,GO:0005488,GO:0005515,GO:0005575,GO:0005622,GO:0005623,GO:0005737,GO:0005739,GO:0005740,GO:0005741,GO:0005743,GO:0006950,GO:0006952,GO:0006955,GO:0006970,GO:0006996,GO:0007005,GO:0007154,GO:0007165,GO:0008150,GO:0008219,GO:0009314,GO:0009411,GO:0009416,GO:0009605,GO:0009607,GO:0009617,GO:0009626,GO:0009628,GO:0009651,GO:0009719,GO:0009725,GO:0009751,GO:0009863,GO:0009987,GO:0010033,GO:0012501,GO:0014070,GO:0016020,GO:0016043,GO:0016462,GO:0016787,GO:0016817,GO:0016818,GO:0016887,GO:0017004,GO:0017062,GO:0017111,GO:0019866,GO:0019867,GO:0022607,GO:0023052,GO:0031090,GO:0031966,GO:0031967,GO:0031968,GO:0031975,GO:0032870,GO:0033108,GO:0033554,GO:0034050,GO:0034551,GO:0034622,GO:0035690,GO:0042221,GO:0042493,GO:0042623,GO:0042802,GO:0043207,GO:0043226,GO:0043227,GO:0043229,GO:0043231,GO:0043933,GO:0044085,GO:0044422,GO:0044424,GO:0044429,GO:0044444,GO:0044446,GO:0044464,GO:0045087,GO:0046677,GO:0050789,GO:0050794,GO:0050896,GO:0051704,GO:0051707,GO:0051716,GO:0065003,GO:0065007,GO:0070887,GO:0071229,GO:0071236,GO:0071310,GO:0071407,GO:0071446,GO:0071495,GO:0071840,GO:0098588,GO:0098805,GO:1901700,GO:1901701","ko:K08900","","O","Belongs to the AAA ATPase family"
"LOC101258529","OG0003780",-2.24278758791072,0.000190506085767138,"4081.Solyc03g025380.2.1","GO:0005575,GO:0005576,GO:0005618,GO:0005622,GO:0005623,GO:0005737,GO:0005794,GO:0005829,GO:0006725,GO:0008150,GO:0008152,GO:0009058,GO:0009698,GO:0009699,GO:0009808,GO:0009809,GO:0009888,GO:0009889,GO:0009891,GO:0009893,GO:0009987,GO:0010087,GO:0010089,GO:0012505,GO:0019222,GO:0019438,GO:0019748,GO:0030312,GO:0031323,GO:0031325,GO:0031326,GO:0031328,GO:0032502,GO:0043226,GO:0043227,GO:0043229,GO:0043231,GO:0043455,GO:0044237,GO:0044249,GO:0044424,GO:0044444,GO:0044464,GO:0044550,GO:0048046,GO:0048518,GO:0048522,GO:0048856,GO:0050789,GO:0050794,GO:0065007,GO:0071704,GO:0071944,GO:1900376,GO:1900378,GO:1901141,GO:1901360,GO:1901362,GO:1901428,GO:1901430,GO:1901576,GO:2000762","ko:K00430","ko00940,ko01100,ko01110,map00940,map01100,map01110","Q","Belongs to the peroxidase family"
"LOC101265038","OG0000141",1.87470323016402,0.000190836581727382,"4081.Solyc06g063210.2.1","","ko:K05387","","P","Glutamate-gated receptor that probably acts as non- selective cation channel"
"LOC101249155","OG0005049",1.48962361149145,0.000190836581727382,"4081.Solyc03g081320.2.1","","","","I","START domain"
"LOC101245612","OG0004688",1.6768792355533,0.000199172866689704,"4081.Solyc02g072150.2.1","GO:0003674,GO:0003824,GO:0005575,GO:0005622,GO:0005623,GO:0005737,GO:0005829,GO:0005975,GO:0005984,GO:0005991,GO:0005992,GO:0006793,GO:0006796,GO:0006950,GO:0008150,GO:0008152,GO:0009058,GO:0009311,GO:0009312,GO:0009987,GO:0016051,GO:0016311,GO:0016787,GO:0016788,GO:0016791,GO:0033554,GO:0034637,GO:0042578,GO:0044237,GO:0044238,GO:0044249,GO:0044262,GO:0044424,GO:0044444,GO:0044464,GO:0046351,GO:0050896,GO:0051716,GO:0070413,GO:0071704,GO:1901576","ko:K16055","ko00500,ko01100,map00500,map01100","G","Glycosyltransferase family 20"
"LOC101248557","OG0014347",-2.12389371436698,0.000203137376871203,"4081.Solyc12g087940.1.1","GO:0002376,GO:0003674,GO:0003824,GO:0004175,GO:0004190,GO:0005575,GO:0005576,GO:0005618,GO:0005623,GO:0006508,GO:0006807,GO:0006950,GO:0006952,GO:0006955,GO:0008150,GO:0008152,GO:0008233,GO:0009056,GO:0009057,GO:0009505,GO:0009605,GO:0009607,GO:0009627,GO:0009814,GO:0010941,GO:0016787,GO:0019538,GO:0030163,GO:0030312,GO:0043067,GO:0043170,GO:0043207,GO:0044238,GO:0044464,GO:0045087,GO:0048046,GO:0050789,GO:0050794,GO:0050896,GO:0051704,GO:0051707,GO:0065007,GO:0070001,GO:0070011,GO:0071704,GO:0071944,GO:0098542,GO:0140096,GO:1901564,GO:1901565,GO:1901575","","","O","Belongs to the peptidase A1 family"
"LOC101261233","OG0000527",-1.16875096483239,0.000203137376871203,"4113.PGSC0003DMT400060473","","ko:K08678","ko00520,ko01100,map00520,map01100","GM","GDP-mannose 4,6 dehydratase"
"LOC101257618","OG0000259",3.13714092288266,0.000209373283797661,"4081.Solyc02g037540.1.1","GO:0005575,GO:0005623,GO:0005886,GO:0006950,GO:0006952,GO:0007154,GO:0007165,GO:0008150,GO:0009987,GO:0016020,GO:0023052,GO:0044464,GO:0050789,GO:0050794,GO:0050896,GO:0051716,GO:0065007,GO:0071944","ko:K08596,ko:K13459","ko04626,map04626","T","Belongs to the disease resistance NB-LRR family"
"LOC109118983","OG0000438",1.53661484445753,0.000215096439116569,"4081.Solyc01g098020.2.1","","","","J","Acetyltransferase (GNAT) domain"
"LOC101266976","OG0008411",-1.43443014523484,0.000217500338745081,"4081.Solyc01g096450.2.1","","ko:K01381","ko04138,map04138","O","Belongs to the peptidase A1 family"
"LOC101262268","OG0011340",-2.24417630274671,0.000218521681406189,"4081.Solyc10g079170.1.1","GO:0005575,GO:0005623,GO:0005886,GO:0016020,GO:0044464,GO:0071944","","","T","Leucine-rich repeat receptor-like tyrosine-protein kinase At2g41820"
"EXP1","OG0000663",-1.31333716482144,0.000219331936259245,"4113.PGSC0003DMT400061182","GO:0005575,GO:0005618,GO:0005622,GO:0005623,GO:0005737,GO:0009507,GO:0009536,GO:0016020,GO:0030312,GO:0043226,GO:0043227,GO:0043229,GO:0043231,GO:0044424,GO:0044444,GO:0044464,GO:0071944","","","S","Rare lipoprotein A (RlpA)-like double-psi beta-barrel"
"LOC101251503","OG0009325",-1.09271348128298,0.000225622276555019,"4081.Solyc09g007520.2.1","GO:0003674,GO:0003824,GO:0004601,GO:0005575,GO:0005618,GO:0005622,GO:0005623,GO:0005737,GO:0005829,GO:0005911,GO:0006950,GO:0006952,GO:0008150,GO:0008152,GO:0009505,GO:0009506,GO:0009605,GO:0009607,GO:0009620,GO:0009636,GO:0009664,GO:0009987,GO:0016043,GO:0016209,GO:0016491,GO:0016684,GO:0030054,GO:0030312,GO:0042221,GO:0043207,GO:0044424,GO:0044444,GO:0044464,GO:0045229,GO:0050832,GO:0050896,GO:0051704,GO:0051707,GO:0051716,GO:0055044,GO:0055114,GO:0070887,GO:0071554,GO:0071555,GO:0071669,GO:0071840,GO:0071944,GO:0097237,GO:0098542,GO:0098754,GO:0098869,GO:1990748","ko:K00430","ko00940,ko01100,ko01110,map00940,map01100,map01110","Q","Removal of H(2)O(2), oxidation of toxic reductants, biosynthesis and degradation of lignin, suberization, auxin catabolism, response to environmental stresses such as wounding, pathogen attack and oxidative stress"
"LOC101250112","OG0002982",1.70234406924649,0.000227258258241428,"4081.Solyc04g079940.2.1","GO:0003674,GO:0003700,GO:0005575,GO:0005622,GO:0005623,GO:0005634,GO:0005737,GO:0006355,GO:0008150,GO:0009314,GO:0009416,GO:0009628,GO:0009642,GO:0009644,GO:0009889,GO:0009891,GO:0009893,GO:0009962,GO:0010468,GO:0010556,GO:0010557,GO:0010604,GO:0010628,GO:0019219,GO:0019222,GO:0031323,GO:0031325,GO:0031326,GO:0031328,GO:0043226,GO:0043227,GO:0043229,GO:0043231,GO:0044424,GO:0044464,GO:0045893,GO:0045935,GO:0048518,GO:0048522,GO:0050789,GO:0050794,GO:0050896,GO:0051171,GO:0051173,GO:0051252,GO:0051254,GO:0060255,GO:0065007,GO:0080090,GO:0140110,GO:1902680,GO:1903506,GO:1903508,GO:2000112,GO:2001141","","","K","No apical meristem (NAM) protein"
"FBA6","OG0013554",-2.48761888304923,0.000232022359647447,"4081.Solyc07g065900.2.1","GO:0001666,GO:0003674,GO:0003824,GO:0004332,GO:0005575,GO:0005622,GO:0005623,GO:0005737,GO:0005975,GO:0005996,GO:0006006,GO:0006082,GO:0006090,GO:0006091,GO:0006094,GO:0006096,GO:0006139,GO:0006163,GO:0006164,GO:0006165,GO:0006725,GO:0006732,GO:0006733,GO:0006753,GO:0006754,GO:0006757,GO:0006793,GO:0006796,GO:0006807,GO:0006950,GO:0008150,GO:0008152,GO:0009056,GO:0009058,GO:0009108,GO:0009117,GO:0009123,GO:0009124,GO:0009126,GO:0009127,GO:0009132,GO:0009135,GO:0009141,GO:0009142,GO:0009144,GO:0009145,GO:0009150,GO:0009152,GO:0009156,GO:0009161,GO:0009165,GO:0009166,GO:0009167,GO:0009168,GO:0009179,GO:0009185,GO:0009199,GO:0009201,GO:0009205,GO:0009206,GO:0009259,GO:0009260,GO:0009507,GO:0009536,GO:0009628,GO:0009987,GO:0016051,GO:0016052,GO:0016053,GO:0016310,GO:0016829,GO:0016830,GO:0016832,GO:0017144,GO:0018130,GO:0019318,GO:0019319,GO:0019359,GO:0019362,GO:0019363,GO:0019438,GO:0019439,GO:0019637,GO:0019693,GO:0019752,GO:0032787,GO:0034404,GO:0034641,GO:0034654,GO:0034655,GO:0036293,GO:0042866,GO:0043226,GO:0043227,GO:0043229,GO:0043231,GO:0043436,GO:0044237,GO:0044238,GO:0044248,GO:0044249,GO:0044270,GO:0044271,GO:0044281,GO:0044283,GO:0044424,GO:0044444,GO:0044464,GO:0046031,GO:0046034,GO:0046364,GO:0046390,GO:0046394,GO:0046434,GO:0046483,GO:0046496,GO:0046700,GO:0046939,GO:0050896,GO:0051186,GO:0051188,GO:0055086,GO:0070482,GO:0071704,GO:0072330,GO:0072521,GO:0072522,GO:0072524,GO:0072525,GO:0090407,GO:1901135,GO:1901137,GO:1901292,GO:1901293,GO:1901360,GO:1901361,GO:1901362,GO:1901564,GO:1901566,GO:1901575,GO:1901576","ko:K01623","ko00010,ko00030,ko00051,ko00680,ko00710,ko01100,ko01110,ko01120,ko01130,ko01200,ko01230,map00010,map00030,map00051,map00680,map00710,map01100,map01110,map01120,map01130,map01200,map01230","G","Fructose-bisphosphate aldolase class-I"
"LOC101267720",NA,-1.25556412476072,0.000233951634984664,"4113.PGSC0003DMT400035264","GO:0000003,GO:0001101,GO:0001666,GO:0003006,GO:0003674,GO:0003824,GO:0005575,GO:0005622,GO:0005623,GO:0005737,GO:0005773,GO:0005829,GO:0005886,GO:0005911,GO:0006950,GO:0006970,GO:0007275,GO:0008150,GO:0008194,GO:0009266,GO:0009409,GO:0009413,GO:0009414,GO:0009415,GO:0009506,GO:0009628,GO:0009743,GO:0009744,GO:0009746,GO:0009749,GO:0009791,GO:0009987,GO:0010033,GO:0010035,GO:0010037,GO:0010038,GO:0010154,GO:0010431,GO:0010555,GO:0016020,GO:0016043,GO:0016157,GO:0016740,GO:0016757,GO:0016758,GO:0021700,GO:0022414,GO:0022607,GO:0030054,GO:0032501,GO:0032502,GO:0032504,GO:0034059,GO:0034284,GO:0034285,GO:0035251,GO:0036293,GO:0042221,GO:0042493,GO:0043226,GO:0043227,GO:0043229,GO:0043231,GO:0043933,GO:0044085,GO:0044424,GO:0044444,GO:0044464,GO:0046527,GO:0046686,GO:0048316,GO:0048608,GO:0048609,GO:0048731,GO:0048856,GO:0050896,GO:0051259,GO:0051262,GO:0055044,GO:0061458,GO:0065003,GO:0070482,GO:0071695,GO:0071840,GO:0071944,GO:0072347,GO:0072708,GO:1901700","ko:K00695","ko00500,ko01100,map00500,map01100","M","Sucrose-cleaving enzyme that provides UDP-glucose and fructose for various metabolic pathways"
"LOC101265517","OG0000394",1.70358988068945,0.00024719052455564,"4081.Solyc03g078370.1.1","GO:0003674,GO:0003824,GO:0004672,GO:0004674,GO:0005488,GO:0005515,GO:0005516,GO:0005575,GO:0005623,GO:0005886,GO:0006464,GO:0006468,GO:0006793,GO:0006796,GO:0006807,GO:0008150,GO:0008152,GO:0009987,GO:0016020,GO:0016301,GO:0016310,GO:0016740,GO:0016772,GO:0016773,GO:0019538,GO:0036211,GO:0043170,GO:0043412,GO:0044237,GO:0044238,GO:0044260,GO:0044267,GO:0044464,GO:0071704,GO:0071944,GO:0140096,GO:1901564","ko:K04733","ko04010,ko04064,ko04620,ko04621,ko04624,ko04722,ko05133,ko05140,ko05142,ko05145,ko05152,ko05162,ko05164,map04010,map04064,map04620,map04621,map04624,map04722,map05133,map05140,map05142,map05145,map05152,map05162,map05164","T","Bulb-type mannose-specific lectin"
"LOC101267475","OG0003581",1.20613611522157,0.00025545616892759,"4081.Solyc11g017470.1.1","GO:0000003,GO:0002831,GO:0003006,GO:0003674,GO:0003676,GO:0003677,GO:0003700,GO:0005488,GO:0005575,GO:0005622,GO:0005623,GO:0005634,GO:0006355,GO:0006950,GO:0007275,GO:0008150,GO:0009266,GO:0009409,GO:0009611,GO:0009628,GO:0009787,GO:0009788,GO:0009790,GO:0009791,GO:0009793,GO:0009889,GO:0009891,GO:0009893,GO:0009966,GO:0009968,GO:0010154,GO:0010468,GO:0010556,GO:0010557,GO:0010604,GO:0010628,GO:0010646,GO:0010648,GO:0019219,GO:0019222,GO:0022414,GO:0022622,GO:0023051,GO:0023057,GO:0031323,GO:0031325,GO:0031326,GO:0031328,GO:0031347,GO:0032101,GO:0032501,GO:0032502,GO:0043226,GO:0043227,GO:0043229,GO:0043231,GO:0043565,GO:0043900,GO:0044424,GO:0044464,GO:0045893,GO:0045935,GO:0047484,GO:0048316,GO:0048364,GO:0048518,GO:0048519,GO:0048522,GO:0048523,GO:0048583,GO:0048584,GO:0048585,GO:0048608,GO:0048731,GO:0048831,GO:0048856,GO:0050789,GO:0050793,GO:0050794,GO:0050896,GO:0051094,GO:0051171,GO:0051173,GO:0051239,GO:0051240,GO:0051252,GO:0051254,GO:0060255,GO:0061458,GO:0065007,GO:0080090,GO:0080134,GO:0097159,GO:0099402,GO:0140110,GO:1900055,GO:1900057,GO:1900150,GO:1901000,GO:1901002,GO:1901363,GO:1901419,GO:1901420,GO:1902584,GO:1902680,GO:1903506,GO:1903508,GO:1905623,GO:1905957,GO:1905958,GO:2000024,GO:2000026,GO:2000070,GO:2000112,GO:2001141","","","K","No apical meristem (NAM) protein"
"LOC101250219","OG0004706",2.16773383426053,0.000257304170092661,"4081.Solyc05g050380.2.1;4113.PGSC0003DMT400046345","GO:0003674,GO:0005215,GO:0005216,GO:0005244,GO:0005249,GO:0005261,GO:0005267,GO:0005575,GO:0005623,GO:0005886,GO:0005887,GO:0006810,GO:0006811,GO:0006812,GO:0006813,GO:0006950,GO:0006952,GO:0008150,GO:0008324,GO:0009605,GO:0009607,GO:0009617,GO:0009620,GO:0009987,GO:0015075,GO:0015077,GO:0015079,GO:0015267,GO:0015318,GO:0015672,GO:0016020,GO:0016021,GO:0022803,GO:0022832,GO:0022836,GO:0022838,GO:0022839,GO:0022843,GO:0022857,GO:0022890,GO:0030001,GO:0031224,GO:0031226,GO:0034220,GO:0042391,GO:0043207,GO:0044425,GO:0044459,GO:0044464,GO:0046873,GO:0050896,GO:0051179,GO:0051234,GO:0051704,GO:0051707,GO:0055085,GO:0065007,GO:0065008,GO:0071804,GO:0071805,GO:0071944,GO:0098655,GO:0098660,GO:0098662","ko:K05391","ko04626,map04626","P","cyclic nucleotide-gated ion channel"
"LOC104648390",NA,2.65816754359419,0.000260896601288406,"4081.Solyc07g053130.2.1","GO:0003674,GO:0003824,GO:0004672,GO:0004674,GO:0005488,GO:0005515,GO:0005516,GO:0005575,GO:0005623,GO:0005886,GO:0006464,GO:0006468,GO:0006793,GO:0006796,GO:0006807,GO:0008150,GO:0008152,GO:0009987,GO:0016020,GO:0016301,GO:0016310,GO:0016740,GO:0016772,GO:0016773,GO:0019538,GO:0036211,GO:0043170,GO:0043412,GO:0044237,GO:0044238,GO:0044260,GO:0044267,GO:0044464,GO:0071704,GO:0071944,GO:0140096,GO:1901564","","","T","G-type lectin S-receptor-like serine threonine-protein kinase"
"LOC101249187","OG0005091",-1.01848541358815,0.000260896601288406,"4113.PGSC0003DMT400015763","","","","S","Fasciclin-like arabinogalactan protein"
"LOC101265923","OG0009458",-1.14236910273941,0.000261166813154457,"4081.Solyc05g026240.1.1","","","","S","Leucine rich repeat N-terminal domain"
"LOC104644917","OG0016510",-1.3360219398655,0.000279567525928268,"4098.XP_009625379.1","","","","",""
"LOC101261157","OG0006456",-1.06873407055755,0.000279567525928268,"4081.Solyc01g081440.2.1","","","","S","Protein of unknown function (DUF1005)"
"LOC101253178","OG0030040",1.89815651985587,0.000303889183784938,"4081.Solyc04g015220.2.1","","","","T","Belongs to the disease resistance NB-LRR family"
"LOC101268870","OG0004179",1.41586204044362,0.000303889183784938,"4081.Solyc05g054010.2.1","","","","T","Resistance protein"
"LOC101250018",NA,-2.359486592508,0.000311180547342809,"4081.Solyc05g054090.2.1","","","","S","tip protein"
"LOC101258588","OG0003969",1.06316348222094,0.000337505303515177,"4081.Solyc09g008350.2.1","","","","S","ACT domain-containing protein"
"LOC101253159","OG0000187",-1.80809322994726,0.000338426239702067,"4081.Solyc03g006220.2.1","GO:0003674,GO:0003824,GO:0005575,GO:0005622,GO:0005623,GO:0005737,GO:0005794,GO:0008150,GO:0008374,GO:0009987,GO:0012505,GO:0016407,GO:0016413,GO:0016740,GO:0016746,GO:0016747,GO:0043226,GO:0043227,GO:0043229,GO:0043231,GO:0044424,GO:0044444,GO:0044464,GO:0071554","","","S","PMR5 N terminal Domain"
"LOC101252773","OG0011839",1.26149758333688,0.000384128602016924,"4081.Solyc04g071870.1.1","","ko:K04733","ko04010,ko04064,ko04620,ko04621,ko04624,ko04722,ko05133,ko05140,ko05142,ko05145,ko05152,ko05162,ko05164,map04010,map04064,map04620,map04621,map04624,map04722,map05133,map05140,map05142,map05145,map05152,map05162,map05164","T","Protein kinase domain"
"LOC101251665","OG0010388",1.76540549740608,0.000385930504006226,"4081.Solyc12g094520.1.1","GO:0005575,GO:0005622,GO:0005623,GO:0005737,GO:0005777,GO:0006082,GO:0006950,GO:0008150,GO:0008152,GO:0009058,GO:0009611,GO:0009694,GO:0009695,GO:0009987,GO:0010817,GO:0016053,GO:0019752,GO:0032787,GO:0042445,GO:0042446,GO:0042579,GO:0043226,GO:0043227,GO:0043229,GO:0043231,GO:0043436,GO:0044237,GO:0044249,GO:0044281,GO:0044283,GO:0044424,GO:0044444,GO:0044464,GO:0046394,GO:0050896,GO:0065007,GO:0065008,GO:0071704,GO:0072330,GO:1901576","ko:K10526","ko00592,ko01100,ko01110,map00592,map01100,map01110","I","AMP-binding enzyme C-terminal domain"
"LOC101266827","OG0010691",-1.23223482553169,0.000395184061191034,"4081.Solyc06g007170.2.1","","","","S","PMR5 N terminal Domain"
"LOC101264339",NA,1.88977522746605,0.00040195330749435,NA,NA,NA,NA,NA,NA
"LOC101245995","OG0014433",-1.65466152027804,0.00040195330749435,"4081.Solyc01g110340.2.1","GO:0000003,GO:0003006,GO:0007275,GO:0008150,GO:0009664,GO:0009791,GO:0009827,GO:0009828,GO:0009900,GO:0009987,GO:0010047,GO:0010154,GO:0016043,GO:0022414,GO:0032501,GO:0032502,GO:0032504,GO:0042545,GO:0045229,GO:0048608,GO:0048609,GO:0048731,GO:0048856,GO:0061458,GO:0071554,GO:0071555,GO:0071669,GO:0071840,GO:1990059","ko:K01179","ko00500,ko01100,map00500,map01100","G","Glycosyl hydrolase family 9"
"LOC101258876","OG0000097",1.04341278189149,0.00040195330749435,"4081.Solyc07g043150.1.1","GO:0001101,GO:0003674,GO:0003824,GO:0005575,GO:0005622,GO:0005623,GO:0005737,GO:0005829,GO:0006066,GO:0006082,GO:0006629,GO:0006714,GO:0006720,GO:0006721,GO:0006950,GO:0006970,GO:0008150,GO:0008152,GO:0008194,GO:0008300,GO:0009056,GO:0009628,GO:0009651,GO:0009687,GO:0009719,GO:0009725,GO:0009737,GO:0009987,GO:0010033,GO:0016020,GO:0016042,GO:0016054,GO:0016107,GO:0016115,GO:0016740,GO:0016757,GO:0016758,GO:0019752,GO:0032787,GO:0033993,GO:0035251,GO:0042221,GO:0043226,GO:0043227,GO:0043229,GO:0043231,GO:0043288,GO:0043290,GO:0043436,GO:0044237,GO:0044238,GO:0044242,GO:0044248,GO:0044255,GO:0044281,GO:0044282,GO:0044424,GO:0044444,GO:0044464,GO:0046164,GO:0046345,GO:0046395,GO:0046527,GO:0050896,GO:0071704,GO:0072329,GO:0080043,GO:0080044,GO:0080046,GO:0097305,GO:1901575,GO:1901615,GO:1901616,GO:1901700,GO:1902644","ko:K08237","","CG","Belongs to the UDP-glycosyltransferase family"
"LOC101263772","OG0001383",1.24402767513072,0.000405630085543549,"4113.PGSC0003DMT400055255","","","","I","AMP-binding enzyme C-terminal domain"
"LOC101260941","OG0009829",-1.59083211191412,0.000410669527160813,"4081.Solyc06g009190.2.1","GO:0003674,GO:0003824,GO:0004857,GO:0005575,GO:0005623,GO:0006950,GO:0006952,GO:0008150,GO:0009605,GO:0009607,GO:0009617,GO:0016787,GO:0016788,GO:0030234,GO:0030599,GO:0042742,GO:0043086,GO:0043207,GO:0044092,GO:0044464,GO:0046910,GO:0050790,GO:0050829,GO:0050896,GO:0051704,GO:0051707,GO:0052689,GO:0065007,GO:0065009,GO:0071944,GO:0098542,GO:0098772","ko:K01051","ko00040,ko01100,map00040,map01100","G","Pectinesterase"
"ASH1","OG0017230",-1.26418265220602,0.000410669527160813,"4081.Solyc05g051660.1.1","GO:0003674,GO:0003824,GO:0006725,GO:0008150,GO:0008152,GO:0009056,GO:0009058,GO:0009698,GO:0009699,GO:0009717,GO:0009987,GO:0016787,GO:0016788,GO:0016829,GO:0016835,GO:0016836,GO:0018130,GO:0019438,GO:0019748,GO:0033987,GO:0044237,GO:0044249,GO:0044550,GO:0046287,GO:0046483,GO:0052689,GO:0071704,GO:1901360,GO:1901362,GO:1901576","ko:K13258","ko00943,ko01110,map00943,map01110","V","alpha/beta hydrolase fold"
"LOC101256439","OG0014243",1.22671255064451,0.000437374147227493,"4081.Solyc02g082660.2.1","GO:0000003,GO:0000228,GO:0000280,GO:0000793,GO:0000794,GO:0000795,GO:0003674,GO:0003676,GO:0003677,GO:0003697,GO:0003824,GO:0005488,GO:0005575,GO:0005622,GO:0005623,GO:0005634,GO:0005694,GO:0005712,GO:0006139,GO:0006259,GO:0006281,GO:0006298,GO:0006310,GO:0006725,GO:0006807,GO:0006950,GO:0006974,GO:0006996,GO:0007049,GO:0007127,GO:0007131,GO:0008150,GO:0008152,GO:0009987,GO:0016043,GO:0016462,GO:0016787,GO:0016817,GO:0016818,GO:0016887,GO:0017111,GO:0022402,GO:0022414,GO:0031974,GO:0031981,GO:0032300,GO:0032991,GO:0033554,GO:0034641,GO:0035825,GO:0043170,GO:0043226,GO:0043227,GO:0043228,GO:0043229,GO:0043231,GO:0043232,GO:0043233,GO:0044237,GO:0044238,GO:0044260,GO:0044422,GO:0044424,GO:0044427,GO:0044428,GO:0044446,GO:0044454,GO:0044464,GO:0046483,GO:0048285,GO:0050896,GO:0051321,GO:0051716,GO:0061982,GO:0070013,GO:0071704,GO:0071840,GO:0090304,GO:0097159,GO:0099086,GO:0140013,GO:1901360,GO:1901363,GO:1903046,GO:1990391","ko:K08739","ko03430,map03430","L","MutL C terminal dimerisation domain"
"LOC100316887","OG0001575",1.37884925796106,0.000451275624491068,"4081.Solyc03g082690.2.1","GO:0005575,GO:0005623,GO:0005886,GO:0016020,GO:0044464,GO:0071944","","","S","RING-type E3 ubiquitin transferase"
"LOC101244762","OG0009730",1.04809639899308,0.000456666330866592,"4081.Solyc03g114660.1.1","GO:0003674,GO:0003676,GO:0003723,GO:0003824,GO:0004518,GO:0004519,GO:0005488,GO:0005575,GO:0005622,GO:0005623,GO:0006139,GO:0006725,GO:0006807,GO:0008150,GO:0008152,GO:0009451,GO:0009987,GO:0016070,GO:0016787,GO:0016788,GO:0034641,GO:0043170,GO:0043226,GO:0043227,GO:0043229,GO:0043231,GO:0043412,GO:0044237,GO:0044238,GO:0044424,GO:0044464,GO:0046483,GO:0071704,GO:0090304,GO:0090305,GO:0097159,GO:1901360,GO:1901363","","","S","Pentatricopeptide repeat-containing protein"
"LOC101246010","OG0008327",1.66447229081003,0.000458772080942346,"4081.Solyc02g078390.2.1","GO:0003674,GO:0003676,GO:0003677,GO:0003684,GO:0003690,GO:0003824,GO:0005488,GO:0005575,GO:0005622,GO:0005623,GO:0006139,GO:0006259,GO:0006281,GO:0006298,GO:0006725,GO:0006807,GO:0006950,GO:0006974,GO:0008094,GO:0008150,GO:0008152,GO:0009987,GO:0016462,GO:0016787,GO:0016817,GO:0016818,GO:0016887,GO:0017111,GO:0030983,GO:0032300,GO:0032991,GO:0033554,GO:0034641,GO:0042623,GO:0043170,GO:0044237,GO:0044238,GO:0044260,GO:0044424,GO:0044464,GO:0046483,GO:0050896,GO:0051716,GO:0071704,GO:0090304,GO:0097159,GO:1901360,GO:1901363,GO:1990391","ko:K07456","ko03430,map03430","L","DNA mismatch repair protein"
"LOC101250572","OG0000028",-2.98621759579942,0.000460637150970602,"4081.Solyc11g069680.1.1","GO:0003674,GO:0003824,GO:0005975,GO:0005984,GO:0005985,GO:0008150,GO:0008152,GO:0009311,GO:0009987,GO:0016740,GO:0016746,GO:0044237,GO:0044238,GO:0044262,GO:0071704","ko:K13065","ko00940,ko00941,ko00945,ko01100,ko01110,map00940,map00941,map00945,map01100,map01110","S","Transferase family"
"LOC101246255","OG0001813",2.91743134846959,0.000478555393917087,"4113.PGSC0003DMT400078187","","ko:K07025","","S","Haloacid dehalogenase-like hydrolase"
"LOC101254516","OG0000093",-2.0422006133767,0.000478555393917087,"4081.Solyc09g011140.2.1","","ko:K08081","ko00960,ko01100,ko01110,map00960,map01100,map01110","Q","KR domain"
"LOC101264367","OG0000800",-1.20836760079048,0.000525833555333682,"4081.Solyc09g065570.2.1","","ko:K08857","","T","Serine/Threonine protein kinases, catalytic domain"
"GRAS2","OG0008607",2.62925446452473,0.000555834595427418,"4081.Solyc07g063940.1.1","","","","K","Belongs to the GRAS family"
"LOC101258203","OG0002166",1.00541491370626,0.000566482444176834,"4081.Solyc01g109110.2.1","GO:0000166,GO:0001664,GO:0001882,GO:0001883,GO:0003674,GO:0003824,GO:0003924,GO:0005102,GO:0005488,GO:0005515,GO:0005525,GO:0005575,GO:0005622,GO:0005623,GO:0005634,GO:0005834,GO:0005886,GO:0006950,GO:0006952,GO:0007154,GO:0007165,GO:0007186,GO:0007187,GO:0007188,GO:0008150,GO:0009605,GO:0009607,GO:0009617,GO:0009898,GO:0009987,GO:0016020,GO:0016462,GO:0016787,GO:0016817,GO:0016818,GO:0017076,GO:0017111,GO:0019001,GO:0019897,GO:0019898,GO:0023052,GO:0031234,GO:0031683,GO:0032549,GO:0032550,GO:0032553,GO:0032555,GO:0032561,GO:0032991,GO:0035639,GO:0036094,GO:0042742,GO:0043167,GO:0043168,GO:0043207,GO:0043226,GO:0043227,GO:0043229,GO:0043231,GO:0044424,GO:0044425,GO:0044459,GO:0044464,GO:0044877,GO:0050789,GO:0050794,GO:0050896,GO:0051704,GO:0051707,GO:0051716,GO:0065007,GO:0071944,GO:0097159,GO:0097367,GO:0098542,GO:0098552,GO:0098562,GO:0098796,GO:0098797,GO:1901265,GO:1901363,GO:1902494,GO:1905360","ko:K04630","ko04015,ko04022,ko04024,ko04062,ko04071,ko04261,ko04360,ko04371,ko04540,ko04611,ko04670,ko04713,ko04723,ko04724,ko04725,ko04726,ko04727,ko04728,ko04730,ko04914,ko04915,ko04916,ko04921,ko04923,ko04924,ko04926,ko04934,ko04971,ko05012,ko05030,ko05032,ko05034,ko05133,ko05142,ko05145,ko05200,map04015,map04022,map04024,map04062,map04071,map04261,map04360,map04371,map04540,map04611,map04670,map04713,map04723,map04724,map04725,map04726,map04727,map04728,map04730,map04914,map04915,map04916,map04921,map04923,map04924,map04926,map04934,map04971,map05012,map05030,map05032,map05034,map05133,map05142,map05145,map05200","DT","G protein alpha subunit"
"LOC543912","OG0006742",-1.02863700198009,0.000603790457755304,"4081.Solyc04g049360.2.1","GO:0003674,GO:0003824,GO:0005575,GO:0005622,GO:0005623,GO:0005737,GO:0006082,GO:0006520,GO:0006575,GO:0006725,GO:0006732,GO:0006760,GO:0006766,GO:0006767,GO:0006807,GO:0008150,GO:0008152,GO:0008153,GO:0008483,GO:0008652,GO:0009058,GO:0009072,GO:0009073,GO:0009108,GO:0009110,GO:0009396,GO:0009507,GO:0009536,GO:0009987,GO:0016053,GO:0016740,GO:0016769,GO:0017144,GO:0018130,GO:0019438,GO:0019752,GO:0032787,GO:0034641,GO:0042364,GO:0042398,GO:0042537,GO:0042558,GO:0042559,GO:0043226,GO:0043227,GO:0043229,GO:0043231,GO:0043436,GO:0043603,GO:0043604,GO:0043648,GO:0043650,GO:0044237,GO:0044238,GO:0044249,GO:0044271,GO:0044281,GO:0044283,GO:0044424,GO:0044444,GO:0044464,GO:0046394,GO:0046417,GO:0046482,GO:0046483,GO:0046653,GO:0046654,GO:0046655,GO:0046656,GO:0046820,GO:0051186,GO:0051188,GO:0071704,GO:0072330,GO:1901360,GO:1901362,GO:1901564,GO:1901566,GO:1901576","ko:K13950","ko00790,map00790","J","Aminodeoxychorismate synthase"
"LOC100736537","OG0001789",1.71766709933047,0.000611084289799762,"4081.Solyc07g062080.2.1","GO:0000165,GO:0003674,GO:0003824,GO:0004672,GO:0004674,GO:0004707,GO:0005575,GO:0005622,GO:0005623,GO:0005634,GO:0005737,GO:0006464,GO:0006468,GO:0006793,GO:0006796,GO:0006807,GO:0007154,GO:0007165,GO:0008150,GO:0008152,GO:0009987,GO:0010468,GO:0016301,GO:0016310,GO:0016740,GO:0016772,GO:0016773,GO:0019222,GO:0019538,GO:0023014,GO:0023052,GO:0035556,GO:0036211,GO:0043170,GO:0043226,GO:0043227,GO:0043229,GO:0043231,GO:0043412,GO:0044237,GO:0044238,GO:0044260,GO:0044267,GO:0044424,GO:0044464,GO:0050789,GO:0050794,GO:0050896,GO:0051716,GO:0060255,GO:0065007,GO:0071704,GO:0140096,GO:1901564","","","T","Mitogen-activated protein kinase"
"LOC101256517",NA,-1.37105579242356,0.000614978416918615,"4081.Solyc01g080070.2.1","","","","P","Heavy-metal-associated domain"
"LOC101249209","OG0006132",1.54360711394576,0.000622627748050871,"4081.Solyc09g089940.1.1","","","","S","Domain of unknown function (DUF2828)"
"ERF6","OG0007550",-1.29220913823269,0.000625941912189962,"4081.Solyc01g065980.2.1","GO:0000160,GO:0001101,GO:0003674,GO:0003676,GO:0003677,GO:0003700,GO:0005488,GO:0005575,GO:0005622,GO:0005623,GO:0005634,GO:0005737,GO:0005886,GO:0006355,GO:0006950,GO:0007154,GO:0007165,GO:0008150,GO:0008219,GO:0009266,GO:0009408,GO:0009605,GO:0009607,GO:0009628,GO:0009719,GO:0009723,GO:0009725,GO:0009735,GO:0009753,GO:0009755,GO:0009873,GO:0009889,GO:0009891,GO:0009893,GO:0009987,GO:0010033,GO:0010286,GO:0010468,GO:0010556,GO:0010557,GO:0010604,GO:0010628,GO:0016020,GO:0019219,GO:0019222,GO:0023052,GO:0031323,GO:0031325,GO:0031326,GO:0031328,GO:0032870,GO:0035556,GO:0042221,GO:0043207,GO:0043226,GO:0043227,GO:0043229,GO:0043231,GO:0043565,GO:0044424,GO:0044464,GO:0045893,GO:0045935,GO:0048518,GO:0048522,GO:0050789,GO:0050794,GO:0050896,GO:0051171,GO:0051173,GO:0051252,GO:0051254,GO:0051704,GO:0051707,GO:0051716,GO:0060255,GO:0065007,GO:0070887,GO:0071310,GO:0071369,GO:0071495,GO:0071944,GO:0080090,GO:0097159,GO:0140110,GO:1901363,GO:1901700,GO:1902680,GO:1903506,GO:1903508,GO:2000112,GO:2001141","ko:K09286","","K","DNA-binding domain in plant proteins such as APETALA2 and EREBPs"
"TRM5","OG0007102",-1.22102094095773,0.000628390800832889,"4081.Solyc07g008670.2.1","","","","S","DUF761-associated sequence motif"
"LOC101258374","OG0006582",2.45752244891785,0.00065800963507406,"4113.PGSC0003DMT400074364","GO:0005575,GO:0005622,GO:0005623,GO:0005634,GO:0005737,GO:0006950,GO:0006952,GO:0008150,GO:0009605,GO:0009607,GO:0009617,GO:0009620,GO:0042742,GO:0043207,GO:0043226,GO:0043227,GO:0043229,GO:0043231,GO:0044424,GO:0044464,GO:0050832,GO:0050896,GO:0051704,GO:0051707,GO:0098542","ko:K12795","ko04621,ko04626,map04621,map04626","T","SGS domain"
"Dea1","OG0000312",-1.4415528295479,0.00065800963507406,"4081.Solyc08g078900.1.1","","","","S","14 kDa proline-rich protein DC2.15-like"
"LOC101244460","OG0006947",1.37269797995054,0.000706810424739345,"4113.PGSC0003DMT400058030","GO:0003674,GO:0005215,GO:0005575,GO:0005623,GO:0005886,GO:0005887,GO:0006810,GO:0006857,GO:0008150,GO:0015833,GO:0016020,GO:0016021,GO:0022857,GO:0031224,GO:0031226,GO:0035672,GO:0035673,GO:0042886,GO:0042887,GO:0044425,GO:0044459,GO:0044464,GO:0051179,GO:0051234,GO:0055085,GO:0071702,GO:0071705,GO:0071944,GO:1904680","","","T","OPT oligopeptide transporter protein"
"LOC101250481","OG0001972",-1.09315707703074,0.000706810424739345,"4113.PGSC0003DMT400014052","GO:0003674,GO:0003824,GO:0005575,GO:0005622,GO:0005623,GO:0005737,GO:0005783,GO:0005789,GO:0008150,GO:0008152,GO:0012505,GO:0016020,GO:0016491,GO:0016705,GO:0031984,GO:0042175,GO:0043226,GO:0043227,GO:0043229,GO:0043231,GO:0044422,GO:0044424,GO:0044425,GO:0044432,GO:0044444,GO:0044446,GO:0044464,GO:0045485,GO:0055114,GO:0098827","ko:K10256","ko01040,ko01212,map01040,map01212","I","fatty acid desaturase"
"TPS1","OG0011748",1.57393525770967,0.000714190840421998,"4081.Solyc07g006500.2.1","GO:0003674,GO:0003824,GO:0005575,GO:0005622,GO:0005623,GO:0005737,GO:0005739,GO:0005829,GO:0005975,GO:0005984,GO:0005991,GO:0005992,GO:0006793,GO:0006796,GO:0006950,GO:0008150,GO:0008152,GO:0009058,GO:0009311,GO:0009312,GO:0009987,GO:0016051,GO:0016311,GO:0016787,GO:0016788,GO:0016791,GO:0033554,GO:0034637,GO:0042578,GO:0043226,GO:0043227,GO:0043229,GO:0043231,GO:0044237,GO:0044238,GO:0044249,GO:0044262,GO:0044424,GO:0044444,GO:0044464,GO:0046351,GO:0050896,GO:0051716,GO:0070413,GO:0071704,GO:1901576","ko:K16055","ko00500,ko01100,map00500,map01100","G","alpha,alpha-trehalose-phosphate synthase UDP-forming 11 isoform X1"
"LOC101257504","OG0009281",2.12024404266459,0.000722017571222718,"4081.Solyc09g010230.1.1","GO:0003674,GO:0003700,GO:0006355,GO:0007275,GO:0008150,GO:0009653,GO:0009888,GO:0009889,GO:0009890,GO:0009892,GO:0009965,GO:0010016,GO:0010073,GO:0010358,GO:0010468,GO:0010556,GO:0010558,GO:0010605,GO:0010629,GO:0019219,GO:0019222,GO:0031323,GO:0031324,GO:0031326,GO:0031327,GO:0032501,GO:0032502,GO:0045892,GO:0045934,GO:0048366,GO:0048367,GO:0048507,GO:0048519,GO:0048523,GO:0048532,GO:0048731,GO:0048827,GO:0048856,GO:0050789,GO:0050794,GO:0051171,GO:0051172,GO:0051252,GO:0051253,GO:0060255,GO:0065007,GO:0080090,GO:0099402,GO:0140110,GO:1902679,GO:1903506,GO:1903507,GO:1905392,GO:2000112,GO:2000113,GO:2001141","","","K","B3 DNA binding domain"
"LOC101248367","OG0001796",-2.37294690376033,0.000744715427016387,"4081.Solyc03g083770.1.1","","","","S","21 kDa protein-like"
"LOC101253402","OG0005134",1.32468139103107,0.000744715427016387,"4081.Solyc08g014290.1.1","GO:0003674,GO:0003824,GO:0005488,GO:0005575,GO:0005622,GO:0005623,GO:0005737,GO:0005829,GO:0006793,GO:0006796,GO:0008150,GO:0008152,GO:0009987,GO:0016311,GO:0016787,GO:0016788,GO:0016791,GO:0030145,GO:0042578,GO:0043167,GO:0043169,GO:0044237,GO:0044424,GO:0044444,GO:0044464,GO:0046872,GO:0046914","","","T","Calcineurin-like phosphoesterase"
"LOC101248957","OG0003105",1.1987002828304,0.000744715427016387,"4081.Solyc12g096710.1.1","","ko:K04730","ko04010,ko04064,ko04620,ko04624,ko04722,ko05133,ko05140,ko05142,ko05145,ko05152,ko05162,ko05169,map04010,map04064,map04620,map04624,map04722,map05133,map05140,map05142,map05145,map05152,map05162,map05169","T","Protein kinase domain"
"LOC101256001","OG0002075",-1.4233751916992,0.000782044969589226,"4081.Solyc06g036640.2.1","","","","",""
"LOC101249609","OG0000504",-1.27006816109217,0.000782044969589226,"4081.Solyc12g009110.1.1","GO:0003674,GO:0003824,GO:0005575,GO:0005622,GO:0005623,GO:0005737,GO:0006725,GO:0006807,GO:0008150,GO:0008152,GO:0008168,GO:0008171,GO:0008757,GO:0009058,GO:0009987,GO:0010817,GO:0016740,GO:0016741,GO:0017096,GO:0017144,GO:0018130,GO:0019438,GO:0030186,GO:0030187,GO:0032259,GO:0034641,GO:0034754,GO:0042430,GO:0042435,GO:0042445,GO:0042446,GO:0043603,GO:0043604,GO:0044237,GO:0044249,GO:0044271,GO:0044424,GO:0044464,GO:0046483,GO:0065007,GO:0065008,GO:0071704,GO:1901360,GO:1901362,GO:1901564,GO:1901566,GO:1901576","","","S","Belongs to the class I-like SAM-binding methyltransferase superfamily. Cation-independent O- methyltransferase family"
"LOC101259697","OG0003104",1.00049081788535,0.000782044969589226,"4113.PGSC0003DMT400005018","GO:0005575,GO:0005622,GO:0005623,GO:0005737,GO:0005768,GO:0005770,GO:0005771,GO:0012505,GO:0031410,GO:0031982,GO:0043226,GO:0043227,GO:0043229,GO:0044424,GO:0044444,GO:0044464,GO:0097708","ko:K12198","ko04144,ko04217,map04144,map04217","U","Snf7"
"LOC101249457","OG0000215",-1.50301165091698,0.000783885716780419,"4081.Solyc05g013870.2.1","GO:0003674,GO:0005488,GO:0005515,GO:0008150,GO:0009888,GO:0010087,GO:0010088,GO:0032502,GO:0042802,GO:0042803,GO:0043621,GO:0046983,GO:0048856","","","S","Sieve element occlusion N-terminus"
"LOC101251542","OG0002974",1.59319491490922,0.00078449892249075,"4081.Solyc02g062140.2.1","","","","S","Armadillo/beta-catenin-like repeats"
"LOC101250313","OG0002837",1.05168584279511,0.000801649206674555,"4081.Solyc06g060380.2.1","","ko:K11267","","D","Sister chromatid cohesion protein PDS5 homolog A isoform X1"
"AGO2A","OG0003255",1.13138462868971,0.000818244370191248,"4081.Solyc02g069260.2.1","GO:0002252,GO:0002376,GO:0003674,GO:0003676,GO:0003723,GO:0003729,GO:0005488,GO:0005575,GO:0005622,GO:0005623,GO:0005634,GO:0005737,GO:0005829,GO:0006950,GO:0006952,GO:0008150,GO:0009605,GO:0009607,GO:0009615,GO:0009617,GO:0016032,GO:0019048,GO:0035197,GO:0035821,GO:0042742,GO:0043207,GO:0043226,GO:0043227,GO:0043229,GO:0043231,GO:0044003,GO:0044403,GO:0044419,GO:0044424,GO:0044444,GO:0044464,GO:0050896,GO:0051607,GO:0051701,GO:0051704,GO:0051707,GO:0051817,GO:0061980,GO:0097159,GO:0098542,GO:1901363","ko:K11593","","J","Belongs to the argonaute family"
"LOC101244151","OG0010214",1.46399445013384,0.00101911031561122,"4081.Solyc02g070670.2.1","GO:0006807,GO:0008150,GO:0008152,GO:0043085,GO:0044093,GO:0050790,GO:0065007,GO:0065009","ko:K03189","","KO","Urease accessory protein G"
"LOC101251564","OG0004848",1.25269677698765,0.0010674731236496,"4113.PGSC0003DMT400075509","GO:0001101,GO:0003674,GO:0003824,GO:0004553,GO:0004649,GO:0006282,GO:0006950,GO:0006952,GO:0006970,GO:0006974,GO:0006979,GO:0008150,GO:0009414,GO:0009415,GO:0009605,GO:0009607,GO:0009620,GO:0009628,GO:0009987,GO:0010035,GO:0010118,GO:0016787,GO:0016798,GO:0019219,GO:0019222,GO:0031323,GO:0033554,GO:0042221,GO:0043207,GO:0048583,GO:0050789,GO:0050794,GO:0050832,GO:0050896,GO:0051052,GO:0051171,GO:0051704,GO:0051707,GO:0051716,GO:0060255,GO:0065007,GO:0080090,GO:0080134,GO:0080135,GO:0090332,GO:0098542,GO:1901700,GO:2001020","ko:K07759","","T","Poly (ADP-ribose) glycohydrolase (PARG)"
"LOC101261415","OG0007318",-1.95653015665859,0.00107507035247058,"4081.Solyc05g047590.2.1","GO:0003674,GO:0003824,GO:0004857,GO:0005575,GO:0005623,GO:0008150,GO:0009605,GO:0009607,GO:0009617,GO:0016787,GO:0016788,GO:0030234,GO:0030599,GO:0043086,GO:0043207,GO:0044092,GO:0044464,GO:0046910,GO:0050790,GO:0050896,GO:0051704,GO:0051707,GO:0052689,GO:0065007,GO:0065009,GO:0071944,GO:0098772","ko:K01051","ko00040,ko01100,map00040,map01100","G","Acts in the modification of cell walls via demethylesterification of cell wall pectin"
"LOC101246185","OG0001930",-1.06415594823829,0.00114044139322011,"4081.Solyc10g008000.1.1","GO:0005575,GO:0005622,GO:0005623,GO:0005634,GO:0006139,GO:0006351,GO:0006725,GO:0006807,GO:0008150,GO:0008152,GO:0009058,GO:0009059,GO:0009299,GO:0009314,GO:0009416,GO:0009628,GO:0009653,GO:0009987,GO:0010467,GO:0016070,GO:0016071,GO:0018130,GO:0019438,GO:0032502,GO:0032774,GO:0034641,GO:0034645,GO:0034654,GO:0043170,GO:0043226,GO:0043227,GO:0043229,GO:0043231,GO:0044237,GO:0044238,GO:0044249,GO:0044260,GO:0044271,GO:0044424,GO:0044464,GO:0046483,GO:0048856,GO:0050896,GO:0071704,GO:0090304,GO:0090698,GO:0097659,GO:1901360,GO:1901362,GO:1901576","","","S","Protein of unknown function (DUF640)"
"LOC101267733","OG0001245",1.32290776351928,0.0012223485895798,"4081.Solyc09g008010.2.1","","","","T","Protein kinase domain"
"LOC101243821","OG0003978",-1.5755966001752,0.00124986071004739,"4081.Solyc01g067510.2.1","","","","T","Protein kinase domain"
"LOC101252368","OG0009849",-1.28120520909443,0.00129787325155081,"4081.Solyc03g080150.2.1","","ko:K00430","ko00940,ko01100,ko01110,map00940,map01100,map01110","Q","Belongs to the peroxidase family. Classical plant (class III) peroxidase subfamily"
"LOC101251005","OG0002385",3.13491982380609,0.00130227253642638,"4081.Solyc07g056200.2.1","","","","L","transposition, RNA-mediated"
"LOC101255441","OG0016172;OG0018041",1.17910650580977,0.00135941663901778,"4081.Solyc01g110640.1.1;4098.XP_009606330.1","GO:0000003,GO:0000228,GO:0000280,GO:0000793,GO:0000794,GO:0000795,GO:0003674,GO:0003676,GO:0003677,GO:0003690,GO:0003696,GO:0003697,GO:0003824,GO:0005488,GO:0005575,GO:0005622,GO:0005623,GO:0005634,GO:0005694,GO:0005712,GO:0006139,GO:0006259,GO:0006281,GO:0006298,GO:0006310,GO:0006725,GO:0006807,GO:0006950,GO:0006974,GO:0006996,GO:0007049,GO:0007127,GO:0007131,GO:0008150,GO:0008152,GO:0009987,GO:0016043,GO:0016462,GO:0016787,GO:0016817,GO:0016818,GO:0016887,GO:0017111,GO:0022402,GO:0022414,GO:0031974,GO:0031981,GO:0032300,GO:0032991,GO:0033554,GO:0034641,GO:0035825,GO:0043170,GO:0043226,GO:0043227,GO:0043228,GO:0043229,GO:0043231,GO:0043232,GO:0043233,GO:0043565,GO:0044237,GO:0044238,GO:0044260,GO:0044422,GO:0044424,GO:0044427,GO:0044428,GO:0044446,GO:0044454,GO:0044464,GO:0046483,GO:0048285,GO:0050896,GO:0051321,GO:0051716,GO:0061982,GO:0070013,GO:0071704,GO:0071840,GO:0090304,GO:0097159,GO:0099086,GO:0140013,GO:1901360,GO:1901363,GO:1903046,GO:1990391,GO:1990837;GO:0000003,GO:0000228,GO:0000280,GO:0000793,GO:0000794,GO:0000795,GO:0003674,GO:0003676,GO:0003677,GO:0003697,GO:0003824,GO:0005488,GO:0005575,GO:0005622,GO:0005623,GO:0005634,GO:0005694,GO:0005712,GO:0006139,GO:0006259,GO:0006281,GO:0006298,GO:0006310,GO:0006725,GO:0006807,GO:0006950,GO:0006974,GO:0006996,GO:0007049,GO:0007127,GO:0007131,GO:0008150,GO:0008152,GO:0009987,GO:0016043,GO:0016462,GO:0016787,GO:0016817,GO:0016818,GO:0016887,GO:0017111,GO:0022402,GO:0022414,GO:0031974,GO:0031981,GO:0032300,GO:0032991,GO:0033554,GO:0034641,GO:0035825,GO:0043170,GO:0043226,GO:0043227,GO:0043228,GO:0043229,GO:0043231,GO:0043232,GO:0043233,GO:0044237,GO:0044238,GO:0044260,GO:0044422,GO:0044424,GO:0044427,GO:0044428,GO:0044446,GO:0044454,GO:0044464,GO:0046483,GO:0048285,GO:0050896,GO:0051321,GO:0051716,GO:0061982,GO:0070013,GO:0071704,GO:0071840,GO:0090304,GO:0097159,GO:0099086,GO:0140013,GO:1901360,GO:1901363,GO:1903046,GO:1990391","ko:K08739","ko03430,map03430","L","mismatched DNA binding;MutL C terminal dimerisation domain"
"LOC101249163","OG0003394",1.66432954078481,0.00139701126134554,"4081.Solyc12g094650.1.1","","","","S","Domain of unknown function (DUF4220)"
"LOC101264799","OG0001282",-1.02938121346663,0.00139701126134554,"4081.Solyc03g062900.2.1","","ko:K18400","","",""
"LOC101263076","OG0005471",-1.15718247362074,0.00153626646802525,"4081.Solyc02g077630.2.1","","","","T","Belongs to the protein kinase superfamily. Ser Thr protein kinase family"
"LOC101257764","OG0000696",1.26798862282471,0.00154715363225353,"4081.Solyc04g080300.2.1","","","","S","At1g01500-like"
"LOC101260696","OG0001532",-1.78951624637568,0.00160308527681656,"4081.Solyc11g073010.1.1","GO:0000145,GO:0001505,GO:0003674,GO:0005488,GO:0005515,GO:0005543,GO:0005546,GO:0005575,GO:0005622,GO:0005623,GO:0005737,GO:0005938,GO:0006810,GO:0006836,GO:0006887,GO:0006903,GO:0006904,GO:0007154,GO:0007267,GO:0007268,GO:0007269,GO:0008013,GO:0008150,GO:0008289,GO:0009987,GO:0016079,GO:0016080,GO:0016081,GO:0016192,GO:0017156,GO:0022406,GO:0023052,GO:0023061,GO:0032940,GO:0032991,GO:0035091,GO:0043167,GO:0043168,GO:0044424,GO:0044444,GO:0044448,GO:0044464,GO:0045055,GO:0046903,GO:0046907,GO:0048278,GO:0048489,GO:0051179,GO:0051234,GO:0051640,GO:0051641,GO:0051648,GO:0051649,GO:0051650,GO:0051656,GO:0065007,GO:0065008,GO:0071944,GO:0097479,GO:0097480,GO:0098916,GO:0099003,GO:0099023,GO:0099504,GO:0099536,GO:0099537,GO:0099568,GO:0099643,GO:0140029,GO:0140056,GO:1901981,GO:1902936","ko:K07195","ko04910,map04910","U","Exo70 exocyst complex subunit"
"LOC101257513","OG0007324",-1.384545640179,0.00173816908788503,"4081.Solyc01g111230.2.1","","","","S","Dirigent proteins impart stereoselectivity on the phenoxy radical-coupling reaction, yielding optically active lignans from two molecules of coniferyl alcohol in the biosynthesis of lignans, flavonolignans, and alkaloids and thus plays a central role in plant secondary metabolism"
"LOC104645726","OG0011369",-1.4580313357214,0.00174829455953305,"4081.Solyc01g005590.2.1","","","","",""
"LOC101254071","OG0003740",1.10345141051056,0.00176666241794127,"4113.PGSC0003DMT400059103","","","","S","Probable zinc-ribbon domain"
"ABCG33","OG0000964",1.11388049252742,0.00184468568684252,"4081.Solyc01g101070.2.1","GO:0001101,GO:0003674,GO:0003824,GO:0005215,GO:0005575,GO:0005623,GO:0005886,GO:0005911,GO:0006810,GO:0006855,GO:0007275,GO:0008150,GO:0009506,GO:0009719,GO:0009725,GO:0009733,GO:0009914,GO:0009926,GO:0009987,GO:0010033,GO:0010243,GO:0010817,GO:0014070,GO:0015399,GO:0015405,GO:0015893,GO:0016020,GO:0016021,GO:0016462,GO:0016787,GO:0016817,GO:0016818,GO:0016887,GO:0017111,GO:0022622,GO:0022804,GO:0022857,GO:0030054,GO:0031224,GO:0032501,GO:0032502,GO:0032870,GO:0042221,GO:0042493,GO:0042623,GO:0042626,GO:0043492,GO:0044425,GO:0044464,GO:0048364,GO:0048731,GO:0048856,GO:0050896,GO:0051179,GO:0051234,GO:0051716,GO:0055044,GO:0055085,GO:0060918,GO:0065007,GO:0065008,GO:0070887,GO:0071229,GO:0071310,GO:0071365,GO:0071366,GO:0071407,GO:0071417,GO:0071495,GO:0071944,GO:0080026,GO:0099402,GO:1901698,GO:1901699,GO:1901700,GO:1901701","","","Q","Belongs to the ABC transporter superfamily. ABCG family. PDR (TC 3.A.1.205) subfamily"
"LOC101246713","OG0002049",-2.57567276426593,0.00184780113588817,"4081.Solyc05g005170.2.1","GO:0003674,GO:0003824,GO:0004553,GO:0004650,GO:0005575,GO:0005618,GO:0005623,GO:0008150,GO:0009664,GO:0009825,GO:0009827,GO:0009831,GO:0009987,GO:0016043,GO:0016049,GO:0016787,GO:0016798,GO:0030312,GO:0040007,GO:0042545,GO:0042547,GO:0044464,GO:0045229,GO:0071554,GO:0071555,GO:0071669,GO:0071840,GO:0071944","ko:K01213","ko00040,ko01100,map00040,map01100","G","Glycosyl hydrolases family 28"
"LOC101260892","OG0005085",1.94754654716844,0.00184780113588817,"4081.Solyc02g081560.1.1","","","","",""
"LOC101264890","OG0011035",-1.03793406670626,0.00184780113588817,"4113.PGSC0003DMT400054599","GO:0000902,GO:0005575,GO:0005623,GO:0005886,GO:0008150,GO:0009653,GO:0009719,GO:0009725,GO:0009741,GO:0009826,GO:0009987,GO:0010033,GO:0014070,GO:0016020,GO:0016043,GO:0016049,GO:0032502,GO:0032989,GO:0033993,GO:0040007,GO:0042221,GO:0044464,GO:0048589,GO:0048856,GO:0048869,GO:0050896,GO:0060560,GO:0071840,GO:0071944,GO:1901700","","","T","Carbohydrate-binding protein of the ER"
"LOC101265702","OG0005608",-1.55238663344982,0.00194238117132757,"4081.Solyc02g065050.1.1","","","","O","Belongs to the peptidase A1 family"
"LOC101266483","OG0004355",-1.57018993218654,0.00197886597738356,"4081.Solyc11g068720.1.1","","","","",""
"LOC101246149","OG0011134",2.09846490807642,0.00201734734177543,"4081.Solyc06g072330.2.1","","ko:K09539","","O","DnaJ molecular chaperone homology domain"
"LOC101261024","OG0001109",1.69492923722355,0.0020189662539589,"4081.Solyc04g082500.2.1","","ko:K04733","ko04010,ko04064,ko04620,ko04621,ko04624,ko04722,ko05133,ko05140,ko05142,ko05145,ko05152,ko05162,ko05164,map04010,map04064,map04620,map04621,map04624,map04722,map05133,map05140,map05142,map05145,map05152,map05162,map05164","T","Serine threonine-protein kinase"
"LOC101246384","OG0005093",-1.18328031576977,0.00202500372145215,"4081.Solyc01g105680.2.1","GO:0005575,GO:0005623,GO:0005886,GO:0006464,GO:0006807,GO:0008150,GO:0008152,GO:0009314,GO:0009416,GO:0009605,GO:0009606,GO:0009628,GO:0009637,GO:0009638,GO:0009987,GO:0016020,GO:0016567,GO:0019538,GO:0032446,GO:0036211,GO:0043170,GO:0043412,GO:0044237,GO:0044238,GO:0044260,GO:0044267,GO:0044464,GO:0050896,GO:0070647,GO:0071704,GO:0071944,GO:1901564","","","S","NPH3 family"
"LOC101257576","OG0011769",-1.47888120187406,0.00213079514907399,"4113.PGSC0003DMT400051829","GO:0003674,GO:0003779,GO:0005488,GO:0005515,GO:0005575,GO:0005622,GO:0005623,GO:0005737,GO:0005856,GO:0005884,GO:0006996,GO:0007010,GO:0007015,GO:0008092,GO:0008150,GO:0009987,GO:0015629,GO:0016043,GO:0022607,GO:0030029,GO:0030036,GO:0032432,GO:0043226,GO:0043228,GO:0043229,GO:0043232,GO:0044085,GO:0044422,GO:0044424,GO:0044430,GO:0044446,GO:0044464,GO:0044877,GO:0051015,GO:0051017,GO:0051639,GO:0051764,GO:0061572,GO:0071840,GO:0097435,GO:0099080,GO:0099081,GO:0099512,GO:0099513","ko:K17275,ko:K17276","","Z","Calponin homology domain"
"PLDb2","OG0004898",1.15665610803293,0.00214190406344776,"4081.Solyc01g091910.2.1","GO:0002376,GO:0003674,GO:0003824,GO:0004620,GO:0004630,GO:0005488,GO:0005543,GO:0005546,GO:0005575,GO:0005911,GO:0006950,GO:0006952,GO:0006955,GO:0008081,GO:0008150,GO:0008289,GO:0009506,GO:0009605,GO:0009607,GO:0009617,GO:0009814,GO:0009816,GO:0010035,GO:0010038,GO:0016298,GO:0016787,GO:0016788,GO:0030054,GO:0035091,GO:0042221,GO:0042578,GO:0042742,GO:0043167,GO:0043168,GO:0043207,GO:0045087,GO:0046686,GO:0050896,GO:0051704,GO:0051707,GO:0055044,GO:0098542,GO:1901981,GO:1902936","ko:K01115","ko00564,ko00565,ko01100,ko01110,ko04014,ko04024,ko04071,ko04072,ko04144,ko04666,ko04724,ko04912,ko05231,map00564,map00565,map01100,map01110,map04014,map04024,map04071,map04072,map04144,map04666,map04724,map04912,map05231","I","Phospholipase d"
"ABCC5","OG0000893",1.50235895078108,0.00218125140828671,"4098.XP_009629048.1","","ko:K05666","ko01523,ko01524,ko02010,ko04976,map01523,map01524,map02010,map04976","Q","ABC transporter C family member 3-like"
"LOC101253258","OG0001353",1.75690003264039,0.00224388272983546,"4081.Solyc12g013960.1.1","","","","S","Protein of unknown function (DUF688)"
"LOC101249625",NA,2.41440714354278,0.00225881295784508,"4081.Solyc03g115930.1.1","","ko:K02183","ko04014,ko04015,ko04016,ko04020,ko04022,ko04024,ko04070,ko04114,ko04218,ko04261,ko04270,ko04371,ko04626,ko04713,ko04720,ko04722,ko04728,ko04740,ko04744,ko04745,ko04750,ko04910,ko04912,ko04915,ko04916,ko04921,ko04922,ko04924,ko04925,ko04970,ko04971,ko05010,ko05031,ko05034,ko05133,ko05152,ko05167,ko05200,ko05214,ko05418,map04014,map04015,map04016,map04020,map04022,map04024,map04070,map04114,map04218,map04261,map04270,map04371,map04626,map04713,map04720,map04722,map04728,map04740,map04744,map04745,map04750,map04910,map04912,map04915,map04916,map04921,map04922,map04924,map04925,map04970,map04971,map05010,map05031,map05034,map05133,map05152,map05167,map05200,map05214,map05418","T","EF-hand domain"
"LOC101267940","OG0003083",-1.05321826317927,0.00225881295784508,"4081.Solyc01g102330.2.1","","","","S","Carbohydrate esterase, sialic acid-specific acetylesterase"
"LOC101266471","OG0000273",5.67248748659428,0.00238141337984234,"4081.Solyc02g090970.1.1","GO:0000226,GO:0001932,GO:0001934,GO:0003674,GO:0003824,GO:0004672,GO:0004674,GO:0005575,GO:0005576,GO:0005622,GO:0005623,GO:0005737,GO:0005938,GO:0006464,GO:0006468,GO:0006793,GO:0006796,GO:0006807,GO:0006950,GO:0006996,GO:0007010,GO:0007017,GO:0007154,GO:0007165,GO:0007346,GO:0008150,GO:0008152,GO:0009653,GO:0009893,GO:0009987,GO:0010562,GO:0010604,GO:0016043,GO:0016301,GO:0016310,GO:0016740,GO:0016772,GO:0016773,GO:0019220,GO:0019222,GO:0019538,GO:0023014,GO:0023052,GO:0030587,GO:0030865,GO:0031098,GO:0031122,GO:0031323,GO:0031325,GO:0031399,GO:0031401,GO:0032147,GO:0032268,GO:0032270,GO:0032502,GO:0033554,GO:0033674,GO:0035556,GO:0036211,GO:0042325,GO:0042327,GO:0043085,GO:0043170,GO:0043412,GO:0043549,GO:0043622,GO:0044093,GO:0044237,GO:0044238,GO:0044260,GO:0044267,GO:0044424,GO:0044444,GO:0044464,GO:0045859,GO:0045860,GO:0045937,GO:0046777,GO:0048046,GO:0048518,GO:0048522,GO:0048856,GO:0050789,GO:0050790,GO:0050794,GO:0050896,GO:0051171,GO:0051173,GO:0051174,GO:0051246,GO:0051247,GO:0051338,GO:0051347,GO:0051703,GO:0051704,GO:0051716,GO:0051726,GO:0060255,GO:0065007,GO:0065009,GO:0071704,GO:0071840,GO:0071944,GO:0080090,GO:0090702,GO:0097435,GO:0099120,GO:0099568,GO:0140096,GO:1901564","","","T","Mitogen-activated protein kinase kinase kinase"
"LOC778328",NA,-2.47776821506999,0.00238141337984234,"4081.Solyc08g078020.1.1","","","","S","arabinogalactan"
"LOC101268154","OG0006053",-1.77588952968496,0.00238141337984234,"4081.Solyc10g080690.1.1","","","","I","Lipolytic acyl hydrolase (LAH)"
"LOC101261669","OG0011077",1.37829572406013,0.00238141337984234,"218851.Aquca_015_00339.1","GO:0000003,GO:0000228,GO:0000280,GO:0000793,GO:0000794,GO:0000795,GO:0003674,GO:0003676,GO:0003677,GO:0003697,GO:0003824,GO:0005488,GO:0005575,GO:0005622,GO:0005623,GO:0005634,GO:0005694,GO:0005712,GO:0006139,GO:0006259,GO:0006281,GO:0006298,GO:0006310,GO:0006725,GO:0006807,GO:0006950,GO:0006974,GO:0006996,GO:0007049,GO:0007127,GO:0007131,GO:0008150,GO:0008152,GO:0009987,GO:0016043,GO:0016462,GO:0016787,GO:0016817,GO:0016818,GO:0016887,GO:0017111,GO:0022402,GO:0022414,GO:0031974,GO:0031981,GO:0032300,GO:0032991,GO:0033554,GO:0034641,GO:0035825,GO:0043170,GO:0043226,GO:0043227,GO:0043228,GO:0043229,GO:0043231,GO:0043232,GO:0043233,GO:0044237,GO:0044238,GO:0044260,GO:0044422,GO:0044424,GO:0044427,GO:0044428,GO:0044446,GO:0044454,GO:0044464,GO:0046483,GO:0048285,GO:0050896,GO:0051321,GO:0051716,GO:0061982,GO:0070013,GO:0071704,GO:0071840,GO:0090304,GO:0097159,GO:0099086,GO:0140013,GO:1901360,GO:1901363,GO:1903046,GO:1990391","ko:K08739","ko03430,map03430","L","DNA mismatch repair protein"
"LOC101258913","OG0010521",1.17957518145712,0.00238141337984234,"4081.Solyc02g078900.2.1","","ko:K17871","","C","Pyridine nucleotide-disulphide oxidoreductase"
"LOC101254891","OG0004804",1.08979024435642,0.0023924663184835,"4113.PGSC0003DMT400041356","","ko:K01187","ko00052,ko00500,ko01100,map00052,map00500,map01100","G","N-terminal barrel of NtMGAM and CtMGAM, maltase-glucoamylase"
"LOC138347313",NA,1.49518436419279,0.00240384300511577,NA,NA,NA,NA,NA,NA
"LOC101246409","OG0000209",1.06224147922999,0.00244163514564023,"4081.Solyc12g096830.1.1","GO:0000302,GO:0001101,GO:0003674,GO:0003824,GO:0005575,GO:0005622,GO:0005623,GO:0006082,GO:0006725,GO:0006807,GO:0006950,GO:0006970,GO:0006972,GO:0006979,GO:0007154,GO:0007275,GO:0008150,GO:0008152,GO:0008194,GO:0009414,GO:0009415,GO:0009605,GO:0009628,GO:0009636,GO:0009651,GO:0009653,GO:0009719,GO:0009725,GO:0009737,GO:0009850,GO:0009987,GO:0009991,GO:0010016,GO:0010033,GO:0010035,GO:0010817,GO:0016740,GO:0016757,GO:0016758,GO:0019752,GO:0031668,GO:0032501,GO:0032502,GO:0032870,GO:0033554,GO:0033993,GO:0034599,GO:0034614,GO:0034641,GO:0035251,GO:0035690,GO:0042221,GO:0042430,GO:0042445,GO:0042493,GO:0042538,GO:0042542,GO:0042631,GO:0043226,GO:0043227,GO:0043229,GO:0043231,GO:0043436,GO:0044237,GO:0044281,GO:0044424,GO:0044464,GO:0046483,GO:0046527,GO:0046677,GO:0048367,GO:0048731,GO:0048856,GO:0050896,GO:0051716,GO:0052638,GO:0065007,GO:0065008,GO:0070301,GO:0070887,GO:0071214,GO:0071215,GO:0071229,GO:0071236,GO:0071310,GO:0071396,GO:0071462,GO:0071470,GO:0071472,GO:0071474,GO:0071475,GO:0071495,GO:0071496,GO:0071704,GO:0080024,GO:0080043,GO:0080044,GO:0080167,GO:0097237,GO:0097305,GO:0097306,GO:0104004,GO:1901360,GO:1901564,GO:1901700,GO:1901701","ko:K11820,ko:K13691","ko00380,ko00966,ko01110,ko01210,map00380,map00966,map01110,map01210","CG","Belongs to the UDP-glycosyltransferase family"
"LOC101246125","OG0007897",-2.26472029472407,0.00244205938939437,"4081.Solyc04g008850.1.1","GO:0003674,GO:0003824,GO:0004175,GO:0004190,GO:0006508,GO:0006807,GO:0008150,GO:0008152,GO:0008233,GO:0009056,GO:0009057,GO:0016787,GO:0019538,GO:0030163,GO:0043170,GO:0044238,GO:0070001,GO:0070011,GO:0071704,GO:0140096,GO:1901564,GO:1901565,GO:1901575","","","O","Eukaryotic aspartyl protease"
"LOC101246301","OG0007382",-1.50592911855824,0.00244205938939437,"4081.Solyc02g085830.2.1","","ko:K19476","ko04144,map04144","Z","Regulator of Vps4 activity in the MVB pathway"
"LOC101266736","OG0008429",2.87855315991418,0.00244560329071079,"4081.Solyc07g018010.2.1","GO:0003674,GO:0003700,GO:0006355,GO:0008150,GO:0009889,GO:0010468,GO:0010556,GO:0019219,GO:0019222,GO:0031323,GO:0031326,GO:0050789,GO:0050794,GO:0051171,GO:0051252,GO:0060255,GO:0065007,GO:0080090,GO:0140110,GO:1903506,GO:2000112,GO:2001141","","","K","helix loop helix domain"
"GAME1","OG0000316",-1.45997378106738,0.00245597125227495,"4081.Solyc07g043490.1.1","GO:0003674,GO:0003824,GO:0005575,GO:0005622,GO:0005623,GO:0008194,GO:0016740,GO:0016757,GO:0016758,GO:0035251,GO:0043226,GO:0043227,GO:0043229,GO:0043231,GO:0044424,GO:0044464,GO:0046527,GO:0080043,GO:0080044","ko:K00699,ko:K18822","ko00040,ko00053,ko00140,ko00830,ko00860,ko00980,ko00982,ko00983,ko01100,ko01110,ko05204,map00040,map00053,map00140,map00830,map00860,map00980,map00982,map00983,map01100,map01110,map05204","G","Belongs to the UDP-glycosyltransferase family"
"LOC101244314","OG0013745",1.12815271648421,0.00245597125227495,"4081.Solyc01g058260.2.1","GO:0003674,GO:0003824,GO:0004652,GO:0005575,GO:0005622,GO:0005623,GO:0005634,GO:0005737,GO:0006139,GO:0006378,GO:0006396,GO:0006397,GO:0006725,GO:0006807,GO:0008150,GO:0008152,GO:0009987,GO:0010467,GO:0016070,GO:0016071,GO:0016740,GO:0016772,GO:0016779,GO:0031123,GO:0031124,GO:0034641,GO:0043170,GO:0043226,GO:0043227,GO:0043229,GO:0043231,GO:0043631,GO:0044237,GO:0044238,GO:0044424,GO:0044464,GO:0046483,GO:0070566,GO:0071704,GO:0090304,GO:1901360","ko:K14376","ko03015,map03015","P","poly(A) polymerase"
"LOC101264466","OG0008498",-1.50936580817738,0.00254613534379159,"4081.Solyc10g009410.1.1","GO:0003674,GO:0003824,GO:0004175,GO:0004190,GO:0005575,GO:0005618,GO:0005623,GO:0006508,GO:0006807,GO:0008150,GO:0008152,GO:0008233,GO:0009056,GO:0009057,GO:0009505,GO:0009628,GO:0016020,GO:0016787,GO:0019538,GO:0030163,GO:0030312,GO:0043170,GO:0044238,GO:0044464,GO:0050896,GO:0070001,GO:0070011,GO:0071704,GO:0071944,GO:0080167,GO:0140096,GO:1901564,GO:1901565,GO:1901575","ko:K01379,ko:K01382","ko04071,ko04140,ko04142,ko04210,ko04915,ko05152,map04071,map04140,map04142,map04210,map04915,map05152","O","Protein ASPARTIC PROTEASE IN GUARD CELL 2-like"
"LOC101247821","OG0005513",1.00114038912013,0.00257548964966872,"4081.Solyc05g012500.2.1","GO:0001067,GO:0001101,GO:0003674,GO:0003676,GO:0003677,GO:0003700,GO:0005488,GO:0006355,GO:0006950,GO:0006970,GO:0008150,GO:0009414,GO:0009415,GO:0009628,GO:0009651,GO:0009889,GO:0010035,GO:0010468,GO:0010556,GO:0019219,GO:0019222,GO:0031323,GO:0031326,GO:0042221,GO:0043565,GO:0044212,GO:0050789,GO:0050794,GO:0050896,GO:0051171,GO:0051252,GO:0060255,GO:0065007,GO:0080090,GO:0097159,GO:0140110,GO:1901363,GO:1901700,GO:1903506,GO:2000112,GO:2001141","","","K","DNA binding domain"
"LOC101251636","OG0000309",-1.0689226625845,0.00259163972510559,"4081.Solyc10g084290.1.1","GO:0000226,GO:0005575,GO:0005622,GO:0005623,GO:0005634,GO:0005737,GO:0005856,GO:0005874,GO:0006996,GO:0007010,GO:0007017,GO:0008150,GO:0009507,GO:0009536,GO:0009664,GO:0009987,GO:0015630,GO:0016043,GO:0030865,GO:0031122,GO:0043226,GO:0043227,GO:0043228,GO:0043229,GO:0043231,GO:0043232,GO:0043622,GO:0044422,GO:0044424,GO:0044430,GO:0044444,GO:0044446,GO:0044464,GO:0045229,GO:0071554,GO:0071555,GO:0071669,GO:0071840,GO:0097435,GO:0099080,GO:0099081,GO:0099512,GO:0099513","ko:K10352","ko04530,map04530","S","Interactor of constitutive active ROPs 2, chloroplastic-like isoform X1"
"LOC101255990","OG0002331",-1.18859775666114,0.00267379058620166,"4081.Solyc05g005760.2.1","","","","S","NHL repeat"
"LOC101267810","OG0003574",-2.05675924409677,0.00274207496765798,"4081.Solyc05g050880.2.1","","ko:K00430","ko00940,ko01100,ko01110,map00940,map01100,map01110","Q","Belongs to the peroxidase family. Classical plant (class III) peroxidase subfamily"
"LOC138341836",NA,1.53386450868222,0.00287439298830587,NA,NA,NA,NA,NA,NA
"EREB","OG0001108",2.23444362173609,0.00291904765681057,"4081.Solyc09g089930.1.1","","ko:K14516","ko04016,ko04075,map04016,map04075","K","DNA-binding domain in plant proteins such as APETALA2 and EREBPs"
"LOC101244162","OG0001621",-1.44990801942015,0.00297905881522822,"4081.Solyc03g044100.2.1","GO:0005575,GO:0005622,GO:0005623,GO:0005737,GO:0006950,GO:0006970,GO:0008150,GO:0009628,GO:0009651,GO:0044424,GO:0044464,GO:0050896","ko:K00430","ko00940,ko01100,ko01110,map00940,map01100,map01110","Q","Removal of H(2)O(2), oxidation of toxic reductants, biosynthesis and degradation of lignin, suberization, auxin catabolism, response to environmental stresses such as wounding, pathogen attack and oxidative stress"
"LOC101248287","OG0008030",1.25622139017456,0.00297905881522822,"4113.PGSC0003DMT400046727","GO:0003674,GO:0003824,GO:0005215,GO:0005575,GO:0005622,GO:0005623,GO:0006810,GO:0006869,GO:0008150,GO:0010876,GO:0015399,GO:0015405,GO:0016462,GO:0016787,GO:0016817,GO:0016818,GO:0016887,GO:0017111,GO:0022804,GO:0022857,GO:0033036,GO:0042623,GO:0042626,GO:0043226,GO:0043227,GO:0043229,GO:0043231,GO:0043492,GO:0044424,GO:0044464,GO:0051179,GO:0051234,GO:0055085,GO:0071702","","","I","ABC transporter A family member"
"LOC100147721","OG0001503",-1.23361807538793,0.00297905881522822,"4081.Solyc07g049460.2.1","GO:0000003,GO:0003006,GO:0003674,GO:0003824,GO:0007275,GO:0008150,GO:0008152,GO:0009791,GO:0010035,GO:0010038,GO:0010228,GO:0016491,GO:0016722,GO:0022414,GO:0032501,GO:0032502,GO:0042221,GO:0046688,GO:0048608,GO:0048731,GO:0048856,GO:0050896,GO:0055114,GO:0061458","ko:K05909","","Q","Lignin degradation and detoxification of lignin-derived products"
"LOC101244634","OG0002234",-1.20523287629324,0.00297905881522822,"4113.PGSC0003DMT400003642","GO:0005575,GO:0005622,GO:0005623,GO:0005737,GO:0005773,GO:0005886,GO:0016020,GO:0031224,GO:0031225,GO:0031226,GO:0043226,GO:0043227,GO:0043229,GO:0043231,GO:0044424,GO:0044425,GO:0044444,GO:0044459,GO:0044464,GO:0046658,GO:0071944","","","S","Plastocyanin-like domain"
"LOC101253559","OG0013377",1.0238871066608,0.00300292189478715,"4081.Solyc03g005130.1.1","GO:0003674,GO:0003824,GO:0004672,GO:0004674,GO:0005488,GO:0005515,GO:0005516,GO:0005575,GO:0005623,GO:0005886,GO:0006464,GO:0006468,GO:0006793,GO:0006796,GO:0006807,GO:0008150,GO:0008152,GO:0009987,GO:0016020,GO:0016301,GO:0016310,GO:0016740,GO:0016772,GO:0016773,GO:0019538,GO:0036211,GO:0043170,GO:0043412,GO:0044237,GO:0044238,GO:0044260,GO:0044267,GO:0044464,GO:0071704,GO:0071944,GO:0140096,GO:1901564","","","T","Epidermal growth factor-like domain."
"LOC101267537",NA,-2.27692451350171,0.00301373234233435,NA,NA,NA,NA,NA,NA
"LOC101264805","OG0007140",1.99032090470138,0.00315452411748729,"4081.Solyc12g099400.1.1","","","","",""
"LOC101256867","OG0010614",1.65638363724075,0.00316112652334018,"4081.Solyc04g056340.2.1","GO:0003674,GO:0003824,GO:0004721,GO:0004725,GO:0005575,GO:0005622,GO:0005623,GO:0005634,GO:0005737,GO:0006464,GO:0006470,GO:0006793,GO:0006796,GO:0006807,GO:0008150,GO:0008152,GO:0009987,GO:0016311,GO:0016787,GO:0016788,GO:0016791,GO:0019538,GO:0035335,GO:0036211,GO:0042578,GO:0043170,GO:0043226,GO:0043227,GO:0043229,GO:0043231,GO:0043412,GO:0044237,GO:0044238,GO:0044260,GO:0044267,GO:0044424,GO:0044464,GO:0071704,GO:0140096,GO:1901564","ko:K18045","","V","tyrosine-protein phosphatase At1g05000"
"LOC101260837","OG0005897",-1.25380433179929,0.003193068875457,"4081.Solyc07g053290.2.1","","","","K","helix loop helix domain"
"LOC101253102","OG0002572",1.00080497813358,0.00327606724457707,"4081.Solyc07g041830.2.1","","","","K","RNA binding"
"LOC101262372","OG0007435",2.00273144631031,0.00333181278797607,"4081.Solyc11g006720.1.1","","","","K","SANT  SWI3, ADA2, N-CoR and TFIIIB'' DNA-binding domains"
"LOC101248133","OG0010461",1.32302348924711,0.00335318557278346,"4113.PGSC0003DMT400074566","","","","T","EF-hand domain pair"
"LOC101260795","OG0011303",-1.15035152794103,0.0033831432932323,"4081.Solyc12g008530.1.1","GO:0005575,GO:0005618,GO:0005622,GO:0005623,GO:0005737,GO:0030312,GO:0044424,GO:0044464,GO:0071944","ko:K01051","ko00040,ko01100,map00040,map01100","G","Pectinesterase"
"IAA26","OG0003140",1.208273085042,0.0034098179181506,"4081.Solyc03g121060.2.1","GO:0003674,GO:0003700,GO:0006355,GO:0006417,GO:0008150,GO:0009719,GO:0009725,GO:0009733,GO:0009889,GO:0010033,GO:0010468,GO:0010556,GO:0010608,GO:0019219,GO:0019222,GO:0031323,GO:0031326,GO:0032268,GO:0034248,GO:0042221,GO:0050789,GO:0050794,GO:0050896,GO:0051171,GO:0051246,GO:0051252,GO:0060255,GO:0065007,GO:0080090,GO:0140110,GO:1903506,GO:2000112,GO:2001141","ko:K14484","ko04075,map04075","K","Aux IAA proteins are short-lived transcriptional factors that function as repressors of early auxin response genes at low auxin concentrations"
"NAP1","OG0005264",2.02012598154326,0.00343902629448661,"4081.Solyc05g007770.2.1","GO:0000003,GO:0003006,GO:0003674,GO:0003700,GO:0005575,GO:0005622,GO:0005623,GO:0005634,GO:0006355,GO:0007275,GO:0007568,GO:0008150,GO:0009790,GO:0009791,GO:0009793,GO:0009825,GO:0009835,GO:0009889,GO:0009908,GO:0009987,GO:0010150,GO:0010154,GO:0010468,GO:0010556,GO:0016049,GO:0019219,GO:0019222,GO:0021700,GO:0022414,GO:0031323,GO:0031326,GO:0032501,GO:0032502,GO:0040007,GO:0043226,GO:0043227,GO:0043229,GO:0043231,GO:0044424,GO:0044464,GO:0048316,GO:0048366,GO:0048367,GO:0048608,GO:0048731,GO:0048827,GO:0048856,GO:0050789,GO:0050794,GO:0051171,GO:0051252,GO:0060255,GO:0061458,GO:0065007,GO:0071695,GO:0080090,GO:0090567,GO:0090693,GO:0099402,GO:0140110,GO:1903506,GO:2000112,GO:2001141","","","K","No apical meristem (NAM) protein"
"CNGC15","OG0002281",1.13212648622286,0.0035169298674918,"4081.Solyc03g098210.2.1","GO:0003674,GO:0005215,GO:0005216,GO:0005244,GO:0005249,GO:0005261,GO:0005267,GO:0005575,GO:0005623,GO:0005886,GO:0005887,GO:0006810,GO:0006811,GO:0006812,GO:0006813,GO:0008150,GO:0008324,GO:0009605,GO:0009607,GO:0009624,GO:0009987,GO:0015075,GO:0015077,GO:0015079,GO:0015267,GO:0015318,GO:0015672,GO:0016020,GO:0016021,GO:0022803,GO:0022832,GO:0022836,GO:0022838,GO:0022839,GO:0022843,GO:0022857,GO:0022890,GO:0030001,GO:0031224,GO:0031226,GO:0034220,GO:0042391,GO:0043207,GO:0044425,GO:0044459,GO:0044464,GO:0046873,GO:0050896,GO:0051179,GO:0051234,GO:0051704,GO:0051707,GO:0055085,GO:0065007,GO:0065008,GO:0071804,GO:0071805,GO:0071944,GO:0098655,GO:0098660,GO:0098662","ko:K05391","ko04626,map04626","PT","cyclic nucleotide-gated ion channel 20, chloroplastic"
"AOS","OG0011129",3.50972850900355,0.00355247995952657,"4081.Solyc04g079730.1.1","GO:0001101,GO:0001676,GO:0003674,GO:0003824,GO:0004497,GO:0005488,GO:0005575,GO:0005622,GO:0005623,GO:0005737,GO:0005739,GO:0006082,GO:0006629,GO:0006631,GO:0006690,GO:0006950,GO:0006952,GO:0008144,GO:0008150,GO:0008152,GO:0008202,GO:0009058,GO:0009507,GO:0009526,GO:0009532,GO:0009534,GO:0009535,GO:0009536,GO:0009570,GO:0009579,GO:0009605,GO:0009607,GO:0009611,GO:0009620,GO:0009694,GO:0009695,GO:0009719,GO:0009725,GO:0009753,GO:0009941,GO:0009978,GO:0009987,GO:0010033,GO:0010287,GO:0010817,GO:0016020,GO:0016053,GO:0016125,GO:0016491,GO:0016829,GO:0016835,GO:0016836,GO:0019369,GO:0019373,GO:0019752,GO:0019825,GO:0031407,GO:0031967,GO:0031975,GO:0031976,GO:0031984,GO:0032787,GO:0033559,GO:0034357,GO:0036094,GO:0042221,GO:0042445,GO:0042446,GO:0042651,GO:0043207,GO:0043226,GO:0043227,GO:0043229,GO:0043231,GO:0043436,GO:0044237,GO:0044238,GO:0044249,GO:0044255,GO:0044281,GO:0044283,GO:0044422,GO:0044424,GO:0044434,GO:0044435,GO:0044436,GO:0044444,GO:0044446,GO:0044464,GO:0046394,GO:0050832,GO:0050896,GO:0051704,GO:0051707,GO:0055035,GO:0055114,GO:0065007,GO:0065008,GO:0071704,GO:0072330,GO:0098542,GO:1901360,GO:1901568,GO:1901576,GO:1901615,GO:1901700","ko:K01723","ko00592,ko01100,ko01110,map00592,map01100,map01110","Q","Belongs to the cytochrome P450 family"
"LOC101254450",NA,1.42547087934833,0.00356751196463597,"4081.Solyc02g090560.2.1","","ko:K01537","","P","Autoinhibited calcium ATPase"
"LOC101264625","OG0000512",1.37257904754332,0.00374280502577296,"4081.Solyc05g007470.2.1","","ko:K08900","","O","Belongs to the AAA ATPase family"
"LOC101266377","OG0003068",-1.16771624416715,0.00391945824800804,"4096.XP_009788053.1","","","","S","Protein of unknown function (DUF3339)"
"LOC101243998","OG0010296",1.17711550148499,0.00396064558624611,"4081.Solyc05g050800.2.1","","","","G","Histidine phosphatase superfamily (branch 1)"
"LOC101268316","OG0007815",1.37339665505385,0.0039611279473193,"4113.PGSC0003DMT400019522","GO:0003674,GO:0003824,GO:0004620,GO:0004806,GO:0005575,GO:0005622,GO:0005623,GO:0005737,GO:0008970,GO:0009507,GO:0009536,GO:0016298,GO:0016787,GO:0016788,GO:0043226,GO:0043227,GO:0043229,GO:0043231,GO:0044424,GO:0044444,GO:0044464,GO:0047714,GO:0052689","","","I","Lipase (class 3)"
"LOC101245582","OG0003789",1.00617600248732,0.0039611279473193,"4113.PGSC0003DMT400022116","GO:0000139,GO:0000271,GO:0000902,GO:0001101,GO:0003674,GO:0003824,GO:0005575,GO:0005622,GO:0005623,GO:0005737,GO:0005768,GO:0005794,GO:0005802,GO:0005975,GO:0005976,GO:0005996,GO:0006004,GO:0006073,GO:0007154,GO:0007165,GO:0008150,GO:0008152,GO:0009058,GO:0009059,GO:0009250,GO:0009653,GO:0009719,GO:0009725,GO:0009751,GO:0009826,GO:0009863,GO:0009969,GO:0009987,GO:0010033,GO:0010256,GO:0010383,GO:0010410,GO:0010411,GO:0012505,GO:0014070,GO:0016020,GO:0016021,GO:0016043,GO:0016049,GO:0016051,GO:0016740,GO:0016757,GO:0019318,GO:0019319,GO:0023052,GO:0030173,GO:0031090,GO:0031224,GO:0031228,GO:0031300,GO:0031301,GO:0031410,GO:0031982,GO:0031984,GO:0032502,GO:0032870,GO:0032989,GO:0033692,GO:0034637,GO:0034645,GO:0035690,GO:0040007,GO:0042221,GO:0042353,GO:0042493,GO:0043170,GO:0043226,GO:0043227,GO:0043229,GO:0043231,GO:0044036,GO:0044042,GO:0044237,GO:0044238,GO:0044249,GO:0044260,GO:0044262,GO:0044264,GO:0044281,GO:0044283,GO:0044422,GO:0044424,GO:0044425,GO:0044431,GO:0044444,GO:0044446,GO:0044464,GO:0046364,GO:0046677,GO:0048589,GO:0048856,GO:0048869,GO:0050789,GO:0050794,GO:0050896,GO:0051716,GO:0060560,GO:0065007,GO:0070887,GO:0071229,GO:0071236,GO:0071310,GO:0071407,GO:0071446,GO:0071495,GO:0071554,GO:0071704,GO:0071840,GO:0097708,GO:0098588,GO:0098791,GO:1901576,GO:1901700,GO:1901701","ko:K20888","","GMW","Exostosin family"
"LOC101245952","OG0009873",-1.53296715035969,0.00397430116792421,"4113.PGSC0003DMT400065326","GO:0005575,GO:0005622,GO:0005623,GO:0005886,GO:0008150,GO:0010336,GO:0016020,GO:0031982,GO:0042592,GO:0043226,GO:0043227,GO:0043229,GO:0044424,GO:0044464,GO:0048878,GO:0050801,GO:0055081,GO:0055088,GO:0065007,GO:0065008,GO:0071944,GO:0097708","ko:K14638","","E","POT family"
"LOC101260824","OG0016801",-1.27425158149713,0.00416597583146788,"4081.Solyc06g050350.2.1","","","","S","Weak chloroplast movement under blue light"
"LOC101264894","OG0008882",1.20254295616321,0.00417617894545935,"4081.Solyc03g007920.2.1","GO:0003674,GO:0003824,GO:0005575,GO:0005623,GO:0005886,GO:0006464,GO:0006807,GO:0008150,GO:0008152,GO:0009987,GO:0016020,GO:0016603,GO:0016740,GO:0016746,GO:0016755,GO:0017186,GO:0018193,GO:0018199,GO:0019538,GO:0036211,GO:0043170,GO:0043412,GO:0044237,GO:0044238,GO:0044260,GO:0044267,GO:0044464,GO:0071704,GO:0071944,GO:0140096,GO:1901564","","","G","Glutamine cyclotransferase"
"LOC101260634","OG0000253",-1.56728488895008,0.00421204859951541,"4096.XP_009789094.1","","ko:K18195","","S","Rhamnogalacturonate lyase"
"LOC101262972","OG0006281",-1.40822832094658,0.00427727662984569,"4113.PGSC0003DMT400052053","","","","S","Pollen proteins Ole e I like"
"LOC101255332","OG0000578",-1.45695614109968,0.00445382821361933,"4081.Solyc01g079980.2.1","","","","O","Belongs to the peptidase A1 family"
"LOC101268695","OG0000508",1.67347199374853,0.00478732143421805,"4081.Solyc06g064620.2.1","GO:0003674,GO:0003824,GO:0004553,GO:0004564,GO:0005575,GO:0005618,GO:0005622,GO:0005623,GO:0005737,GO:0005773,GO:0005886,GO:0006950,GO:0006952,GO:0008150,GO:0009605,GO:0009607,GO:0009611,GO:0009620,GO:0009628,GO:0016020,GO:0016787,GO:0016798,GO:0030312,GO:0043207,GO:0043226,GO:0043227,GO:0043229,GO:0043231,GO:0044424,GO:0044444,GO:0044464,GO:0050832,GO:0050896,GO:0051704,GO:0051707,GO:0071944,GO:0080167,GO:0098542","ko:K01193,ko:K20849","ko00052,ko00500,ko01100,map00052,map00500,map01100","G","Belongs to the glycosyl hydrolase 32 family"
"LOC101261779","OG0003649",-1.19745378255612,0.00481771321196749,"4081.Solyc11g066360.1.1","","","","S","Protein of unknown function (DUF1635)"
"LOC101255645","OG0012077",-1.21884651822022,0.00482028785733892,"4113.PGSC0003DMT400045321","GO:0001101,GO:0002376,GO:0003674,GO:0003676,GO:0003723,GO:0003727,GO:0003729,GO:0005488,GO:0005575,GO:0005622,GO:0005623,GO:0005737,GO:0006950,GO:0006952,GO:0006955,GO:0008150,GO:0008187,GO:0008266,GO:0009266,GO:0009409,GO:0009507,GO:0009526,GO:0009532,GO:0009534,GO:0009535,GO:0009536,GO:0009570,GO:0009579,GO:0009628,GO:0009631,GO:0009719,GO:0009725,GO:0009737,GO:0009892,GO:0009894,GO:0009895,GO:0009941,GO:0010033,GO:0010319,GO:0010468,GO:0010605,GO:0010608,GO:0016020,GO:0019219,GO:0019222,GO:0031323,GO:0031324,GO:0031329,GO:0031330,GO:0031967,GO:0031975,GO:0031976,GO:0031984,GO:0033993,GO:0034357,GO:0042221,GO:0042651,GO:0043226,GO:0043227,GO:0043229,GO:0043231,GO:0043487,GO:0043489,GO:0044422,GO:0044424,GO:0044434,GO:0044435,GO:0044436,GO:0044444,GO:0044446,GO:0044464,GO:0045087,GO:0045934,GO:0048519,GO:0048523,GO:0050789,GO:0050794,GO:0050896,GO:0051171,GO:0051172,GO:0051252,GO:0051253,GO:0055035,GO:0060255,GO:0065007,GO:0065008,GO:0080090,GO:0097159,GO:0097305,GO:1901363,GO:1901700,GO:1902369","ko:K11294","ko05130,map05130","A","kDa ribonucleoprotein"
"CHI1","OG0001228",-2.20352208639744,0.00485432193342055,"4081.Solyc05g010320.2.1","GO:0000325,GO:0003674,GO:0003824,GO:0005575,GO:0005622,GO:0005623,GO:0005634,GO:0005737,GO:0005773,GO:0005774,GO:0005783,GO:0005789,GO:0008150,GO:0008152,GO:0009058,GO:0009314,GO:0009411,GO:0009416,GO:0009628,GO:0009705,GO:0009719,GO:0009725,GO:0009733,GO:0009812,GO:0009813,GO:0010033,GO:0010224,GO:0012505,GO:0016020,GO:0016853,GO:0016872,GO:0019898,GO:0031090,GO:0031312,GO:0031984,GO:0042175,GO:0042221,GO:0042406,GO:0043226,GO:0043227,GO:0043229,GO:0043231,GO:0044422,GO:0044424,GO:0044425,GO:0044432,GO:0044437,GO:0044444,GO:0044446,GO:0044464,GO:0045430,GO:0050896,GO:0071704,GO:0080167,GO:0098588,GO:0098805,GO:0098827,GO:1901576","ko:K01859","ko00941,ko01100,ko01110,map00941,map01100,map01110","S","Chalcone-flavanone isomerase"
"LOC101256687","OG0000005",1.26813715036202,0.00488391333502659,"4081.Solyc07g008590.1.1","GO:0006950,GO:0006952,GO:0008150,GO:0009605,GO:0009607,GO:0009620,GO:0043207,GO:0050832,GO:0050896,GO:0051704,GO:0051707,GO:0098542","ko:K13466","ko04626,map04626","S","Leucine rich repeat N-terminal domain"
"LOC101259711","OG0002356",-1.57215894664383,0.00495525041839032,"4081.Solyc03g007700.1.1","","","","S","membrane-associated kinase regulator"
"LOC101260928","OG0000415",1.27666915587349,0.00501984997257441,"4081.Solyc04g025650.2.1","GO:0005575,GO:0005622,GO:0005623,GO:0005737,GO:0005783,GO:0008150,GO:0009605,GO:0009607,GO:0009620,GO:0012505,GO:0043207,GO:0043226,GO:0043227,GO:0043229,GO:0043231,GO:0044424,GO:0044444,GO:0044464,GO:0050896,GO:0051704,GO:0051707","","","C","FAD dependent oxidoreductase"
"LOC101261799","OG0000313",4.4196468755712,0.00505848069771654,"4081.Solyc03g119590.1.1","","","","",""
"LOC101254400","OG0000801",1.43050245902673,0.00511417906388761,"4081.Solyc07g006800.1.1","GO:0000003,GO:0003006,GO:0003674,GO:0003824,GO:0006464,GO:0006486,GO:0006725,GO:0006807,GO:0007275,GO:0008150,GO:0008152,GO:0008194,GO:0009058,GO:0009059,GO:0009100,GO:0009101,GO:0009308,GO:0009653,GO:0009690,GO:0009791,GO:0009888,GO:0009889,GO:0009908,GO:0009965,GO:0009966,GO:0009987,GO:0010015,GO:0010016,GO:0010073,GO:0010075,GO:0010083,GO:0010154,GO:0010380,GO:0010646,GO:0010817,GO:0016740,GO:0016757,GO:0016758,GO:0016763,GO:0019222,GO:0019538,GO:0022414,GO:0022622,GO:0023051,GO:0031323,GO:0031326,GO:0032501,GO:0032502,GO:0034645,GO:0034754,GO:0035251,GO:0035252,GO:0036211,GO:0040008,GO:0042285,GO:0042445,GO:0043170,GO:0043412,GO:0043413,GO:0044237,GO:0044238,GO:0044249,GO:0044260,GO:0044267,GO:0045926,GO:0046483,GO:0046527,GO:0048316,GO:0048364,GO:0048366,GO:0048367,GO:0048439,GO:0048507,GO:0048509,GO:0048519,GO:0048583,GO:0048608,GO:0048638,GO:0048731,GO:0048827,GO:0048831,GO:0048856,GO:0050403,GO:0050404,GO:0050502,GO:0050789,GO:0050793,GO:0050794,GO:0051171,GO:0051193,GO:0051239,GO:0061458,GO:0065007,GO:0065008,GO:0070085,GO:0071704,GO:0080036,GO:0090056,GO:0090567,GO:0090698,GO:0099402,GO:1901135,GO:1901137,GO:1901401,GO:1901463,GO:1901564,GO:1901566,GO:1901576,GO:1905392,GO:1905613,GO:2000026","ko:K13495","ko00908,map00908","CG","UDP-glucoronosyl and UDP-glucosyl transferase"
"Fad7","OG0001456",1.69557263915518,0.00518831202608711,"4081.Solyc06g051400.2.1","GO:0003674,GO:0003824,GO:0005575,GO:0005622,GO:0005623,GO:0005737,GO:0006082,GO:0006629,GO:0006631,GO:0006633,GO:0006950,GO:0008150,GO:0008152,GO:0008610,GO:0009058,GO:0009266,GO:0009409,GO:0009507,GO:0009526,GO:0009536,GO:0009628,GO:0009941,GO:0009987,GO:0016020,GO:0016053,GO:0016491,GO:0016705,GO:0019752,GO:0031090,GO:0031967,GO:0031975,GO:0032787,GO:0042170,GO:0042389,GO:0043226,GO:0043227,GO:0043229,GO:0043231,GO:0043436,GO:0044237,GO:0044238,GO:0044249,GO:0044255,GO:0044281,GO:0044283,GO:0044422,GO:0044424,GO:0044434,GO:0044435,GO:0044444,GO:0044446,GO:0044464,GO:0046394,GO:0050896,GO:0055114,GO:0071704,GO:0072330,GO:1901576","ko:K10257","","I","Omega-3 fatty acid desaturase"
"LOC101260016","OG0000860",1.18536317379693,0.00518831202608711,"4081.Solyc12g008500.1.1","","ko:K00924","","T","receptor-like protein kinase"
"LOC101259371","OG0001575",1.0490416020601,0.00518831202608711,"4081.Solyc01g096200.2.1","GO:0005575,GO:0005623,GO:0005886,GO:0016020,GO:0044464,GO:0071944","","","S","Modified RING finger domain"
"THIC","OG0003863",1.00624152672791,0.00531223003840507,"4081.Solyc06g006080.2.1","GO:0003674,GO:0003824,GO:0005488,GO:0005515,GO:0005575,GO:0005622,GO:0005623,GO:0005737,GO:0006725,GO:0006766,GO:0006767,GO:0006772,GO:0006790,GO:0006807,GO:0007584,GO:0008150,GO:0008152,GO:0009058,GO:0009110,GO:0009228,GO:0009507,GO:0009532,GO:0009536,GO:0009570,GO:0009605,GO:0009987,GO:0009991,GO:0010033,GO:0010243,GO:0010266,GO:0014070,GO:0016462,GO:0016787,GO:0016817,GO:0016818,GO:0017144,GO:0018130,GO:0019144,GO:0019438,GO:0019904,GO:0031667,GO:0033273,GO:0034641,GO:0042221,GO:0042364,GO:0042493,GO:0042723,GO:0042724,GO:0043226,GO:0043227,GO:0043229,GO:0043231,GO:0044237,GO:0044249,GO:0044271,GO:0044272,GO:0044281,GO:0044283,GO:0044422,GO:0044424,GO:0044434,GO:0044435,GO:0044444,GO:0044446,GO:0044464,GO:0046483,GO:0048037,GO:0050896,GO:0051536,GO:0051540,GO:0071704,GO:0072527,GO:0072528,GO:0080041,GO:1901360,GO:1901362,GO:1901564,GO:1901566,GO:1901576,GO:1901698","ko:K03147","ko00730,ko01100,map00730,map01100","H","Radical SAM ThiC family"
"LOC101259838","OG0009560",1.11162310037827,0.00537645121493732,"4081.Solyc04g077860.2.1","GO:0001763,GO:0006629,GO:0006714,GO:0006720,GO:0006721,GO:0007275,GO:0008150,GO:0008152,GO:0008299,GO:0008610,GO:0009058,GO:0009653,GO:0009719,GO:0009725,GO:0009987,GO:0010016,GO:0010033,GO:0010223,GO:0010346,GO:0010817,GO:0014070,GO:0016106,GO:0016114,GO:0018130,GO:0032501,GO:0032502,GO:0032870,GO:0033993,GO:0042221,GO:0042445,GO:0042446,GO:0044237,GO:0044238,GO:0044249,GO:0044255,GO:0046483,GO:0048367,GO:0048646,GO:0048731,GO:0048856,GO:0050896,GO:0051716,GO:0065007,GO:0065008,GO:0070887,GO:0071310,GO:0071396,GO:0071407,GO:0071495,GO:0071704,GO:1901334,GO:1901336,GO:1901360,GO:1901362,GO:1901576,GO:1901600,GO:1901601,GO:1901700,GO:1901701,GO:1902347,GO:1902348,GO:1905393","","","S","Alpha/beta hydrolase family"
"LOC101244940","OG0000487",-1.00429761368062,0.00537645121493732,"4081.Solyc03g121440.2.1","","ko:K04733","ko04010,ko04064,ko04620,ko04621,ko04624,ko04722,ko05133,ko05140,ko05142,ko05145,ko05152,ko05162,ko05164,map04010,map04064,map04620,map04621,map04624,map04722,map05133,map05140,map05142,map05145,map05152,map05162,map05164","T","Protein kinase domain"
"LOC100301981","OG0004487",1.02658850647983,0.00565289419034772,"4081.Solyc03g043950.2.1;4098.XP_009630407.1","","ko:K14682","ko00220,ko01100,ko01110,ko01130,ko01210,ko01230,map00220,map01100,map01110,map01130,map01210,map01230","E","Amino-acid acetyltransferase;amino-acid acetyltransferase NAGS1, chloroplastic isoform X1"
"matriochka","OG0005071",-2.41241578294254,0.00569880312562491,"4081.Solyc02g087970.1.1","GO:0000003,GO:0003006,GO:0003674,GO:0003676,GO:0003677,GO:0005488,GO:0005515,GO:0005575,GO:0005622,GO:0005623,GO:0005634,GO:0005737,GO:0007275,GO:0008150,GO:0009791,GO:0009888,GO:0009908,GO:0010022,GO:0010073,GO:0010582,GO:0022414,GO:0032501,GO:0032502,GO:0035670,GO:0042802,GO:0042803,GO:0043226,GO:0043227,GO:0043229,GO:0043231,GO:0044424,GO:0044464,GO:0046983,GO:0048367,GO:0048437,GO:0048438,GO:0048440,GO:0048467,GO:0048507,GO:0048608,GO:0048731,GO:0048827,GO:0048856,GO:0061458,GO:0090567,GO:0097159,GO:0099402,GO:1901363","","","S","Mini zinc finger protein"
"LOC101250294","OG0001617",-1.03400280303585,0.00569880312562491,"4081.Solyc04g015360.2.1","GO:0000976,GO:0000977,GO:0000981,GO:0001012,GO:0001067,GO:0001085,GO:0001228,GO:0003674,GO:0003676,GO:0003677,GO:0003682,GO:0003690,GO:0003700,GO:0005488,GO:0005515,GO:0005575,GO:0005622,GO:0005623,GO:0005634,GO:0005667,GO:0006139,GO:0006351,GO:0006355,GO:0006357,GO:0006366,GO:0006725,GO:0006807,GO:0007275,GO:0007623,GO:0008134,GO:0008150,GO:0008152,GO:0009058,GO:0009059,GO:0009314,GO:0009416,GO:0009628,GO:0009791,GO:0009845,GO:0009889,GO:0009891,GO:0009893,GO:0009987,GO:0010467,GO:0010468,GO:0010556,GO:0010557,GO:0010604,GO:0010628,GO:0016070,GO:0018130,GO:0019219,GO:0019222,GO:0019438,GO:0030154,GO:0031323,GO:0031325,GO:0031326,GO:0031328,GO:0032501,GO:0032502,GO:0032774,GO:0032991,GO:0034641,GO:0034645,GO:0034654,GO:0043170,GO:0043226,GO:0043227,GO:0043229,GO:0043231,GO:0043565,GO:0044212,GO:0044237,GO:0044238,GO:0044249,GO:0044260,GO:0044271,GO:0044424,GO:0044464,GO:0045893,GO:0045935,GO:0045944,GO:0046483,GO:0048511,GO:0048518,GO:0048522,GO:0048856,GO:0048869,GO:0050789,GO:0050794,GO:0050896,GO:0051171,GO:0051173,GO:0051252,GO:0051254,GO:0060255,GO:0065007,GO:0071704,GO:0080090,GO:0090304,GO:0090351,GO:0097159,GO:0097659,GO:0140110,GO:1901360,GO:1901362,GO:1901363,GO:1901576,GO:1902680,GO:1903506,GO:1903508,GO:1990837,GO:2000112,GO:2001141","","","K","Transcriptional activator that specifically binds 5'- GATA-3' or 5'-GAT-3' motifs within gene promoters"
"LOC101247078","OG0000066",-2.1392727252166,0.00588547826731059,"4081.Solyc10g050880.1.1","GO:0003674,GO:0003824,GO:0005575,GO:0005622,GO:0005623,GO:0005737,GO:0005829,GO:0008150,GO:0008152,GO:0009056,GO:0016787,GO:0016788,GO:0044424,GO:0044444,GO:0044464,GO:0052689","","","V","alpha/beta hydrolase fold"
"LOC101264636","OG0010760",-1.05945478414878,0.00589678672620505,"4081.Solyc06g065920.2.1;4113.PGSC0003DMT400067223","","ko:K01102","","T","phosphatase 2c"
"LOC101257961","OG0006725",-1.11721462385433,0.00658756012541701,"4081.Solyc05g008290.2.1","GO:0003674,GO:0003824,GO:0005575,GO:0005618,GO:0005622,GO:0005623,GO:0005737,GO:0005783,GO:0005794,GO:0005829,GO:0006950,GO:0007154,GO:0008150,GO:0008152,GO:0009267,GO:0009605,GO:0009628,GO:0009888,GO:0009987,GO:0009991,GO:0010073,GO:0012505,GO:0016020,GO:0016036,GO:0016491,GO:0016679,GO:0016682,GO:0016722,GO:0030312,GO:0031667,GO:0031668,GO:0031669,GO:0032501,GO:0032502,GO:0033554,GO:0042594,GO:0043226,GO:0043227,GO:0043229,GO:0043231,GO:0044424,GO:0044444,GO:0044464,GO:0048507,GO:0048856,GO:0050896,GO:0051716,GO:0052716,GO:0055114,GO:0071496,GO:0071944,GO:0080167","","","Q","Multicopper oxidase"
"ABCC2","OG0000444",1.13232649472799,0.00662982436190553,"4081.Solyc03g007530.2.1","GO:0000325,GO:0003674,GO:0003824,GO:0005215,GO:0005575,GO:0005622,GO:0005623,GO:0005737,GO:0005773,GO:0005774,GO:0006810,GO:0008150,GO:0015399,GO:0015405,GO:0016020,GO:0016462,GO:0016787,GO:0016817,GO:0016818,GO:0016887,GO:0017111,GO:0022804,GO:0022857,GO:0031090,GO:0042623,GO:0042626,GO:0043226,GO:0043227,GO:0043229,GO:0043231,GO:0043492,GO:0044422,GO:0044424,GO:0044437,GO:0044444,GO:0044446,GO:0044464,GO:0051179,GO:0051234,GO:0055085,GO:0098588,GO:0098805","ko:K05666","ko01523,ko01524,ko02010,ko04976,map01523,map01524,map02010,map04976","Q","ABC transporter C family member 10-like"
"LOC101257025","OG0001109",1.10807314037408,0.00666480914617051,"4081.Solyc01g112220.2.1","GO:0003674,GO:0003824,GO:0004672,GO:0004674,GO:0004675,GO:0004888,GO:0005575,GO:0005623,GO:0005886,GO:0006464,GO:0006468,GO:0006793,GO:0006796,GO:0006807,GO:0007154,GO:0007165,GO:0007166,GO:0007167,GO:0007178,GO:0008150,GO:0008152,GO:0009987,GO:0016020,GO:0016301,GO:0016310,GO:0016740,GO:0016772,GO:0016773,GO:0019199,GO:0019538,GO:0023052,GO:0036211,GO:0038023,GO:0043170,GO:0043412,GO:0044237,GO:0044238,GO:0044260,GO:0044267,GO:0044464,GO:0050789,GO:0050794,GO:0050896,GO:0051716,GO:0060089,GO:0065007,GO:0071704,GO:0071944,GO:0140096,GO:1901564","","","T","Serine threonine-protein kinase Cx32"
"LOC101256971","OG0007827",-1.31824668283952,0.00677450722299304,"4081.Solyc05g009470.2.1","GO:0000272,GO:0003674,GO:0003824,GO:0004553,GO:0005575,GO:0005576,GO:0005618,GO:0005622,GO:0005623,GO:0005737,GO:0005911,GO:0005975,GO:0005976,GO:0006073,GO:0008150,GO:0008152,GO:0009044,GO:0009056,GO:0009057,GO:0009505,GO:0009506,GO:0009507,GO:0009536,GO:0009987,GO:0010035,GO:0010038,GO:0010383,GO:0010410,GO:0010411,GO:0016052,GO:0016787,GO:0016798,GO:0030054,GO:0030312,GO:0042221,GO:0043170,GO:0043226,GO:0043227,GO:0043229,GO:0043231,GO:0044036,GO:0044042,GO:0044237,GO:0044238,GO:0044260,GO:0044262,GO:0044264,GO:0044424,GO:0044444,GO:0044464,GO:0045491,GO:0045493,GO:0046556,GO:0046686,GO:0048046,GO:0050896,GO:0055044,GO:0071554,GO:0071704,GO:0071944,GO:0080176,GO:0097599,GO:1901575","ko:K01187,ko:K15925","ko00052,ko00500,ko01100,map00052,map00500,map01100","G","Belongs to the glycosyl hydrolase 31 family"
"LOC101253458","OG0030198",4.7035408247041,0.00698033968922545,"4081.Solyc12g017700.1.1","GO:0000003,GO:0000375,GO:0000377,GO:0000398,GO:0003006,GO:0003674,GO:0003676,GO:0003723,GO:0003724,GO:0003824,GO:0004004,GO:0004386,GO:0005488,GO:0005575,GO:0005622,GO:0005623,GO:0005634,GO:0005681,GO:0005737,GO:0006139,GO:0006396,GO:0006397,GO:0006725,GO:0006807,GO:0007275,GO:0008026,GO:0008150,GO:0008152,GO:0008186,GO:0008380,GO:0009790,GO:0009791,GO:0009793,GO:0009892,GO:0009987,GO:0010154,GO:0010467,GO:0010468,GO:0010605,GO:0010608,GO:0010629,GO:0016020,GO:0016070,GO:0016071,GO:0016441,GO:0016458,GO:0016462,GO:0016787,GO:0016817,GO:0016818,GO:0016887,GO:0017111,GO:0019222,GO:0022414,GO:0031047,GO:0032501,GO:0032502,GO:0032991,GO:0034641,GO:0035194,GO:0040029,GO:0042623,GO:0043170,GO:0043226,GO:0043227,GO:0043229,GO:0043231,GO:0044237,GO:0044238,GO:0044422,GO:0044424,GO:0044428,GO:0044446,GO:0044464,GO:0046483,GO:0048316,GO:0048519,GO:0048608,GO:0048731,GO:0048856,GO:0050789,GO:0060255,GO:0061458,GO:0065007,GO:0070035,GO:0071704,GO:0090304,GO:0097159,GO:0140098,GO:1901360,GO:1901363,GO:1990904","ko:K12813","ko03040,map03040","A","ATP-dependent RNA helicase"
"LOC104645721","OG0000747",1.53638080151537,0.00698033968922545,"4081.Solyc02g082660.2.1","GO:0000003,GO:0000228,GO:0000280,GO:0000793,GO:0000794,GO:0000795,GO:0003674,GO:0003676,GO:0003677,GO:0003697,GO:0003824,GO:0005488,GO:0005575,GO:0005622,GO:0005623,GO:0005634,GO:0005694,GO:0005712,GO:0006139,GO:0006259,GO:0006281,GO:0006298,GO:0006310,GO:0006725,GO:0006807,GO:0006950,GO:0006974,GO:0006996,GO:0007049,GO:0007127,GO:0007131,GO:0008150,GO:0008152,GO:0009987,GO:0016043,GO:0016462,GO:0016787,GO:0016817,GO:0016818,GO:0016887,GO:0017111,GO:0022402,GO:0022414,GO:0031974,GO:0031981,GO:0032300,GO:0032991,GO:0033554,GO:0034641,GO:0035825,GO:0043170,GO:0043226,GO:0043227,GO:0043228,GO:0043229,GO:0043231,GO:0043232,GO:0043233,GO:0044237,GO:0044238,GO:0044260,GO:0044422,GO:0044424,GO:0044427,GO:0044428,GO:0044446,GO:0044454,GO:0044464,GO:0046483,GO:0048285,GO:0050896,GO:0051321,GO:0051716,GO:0061982,GO:0070013,GO:0071704,GO:0071840,GO:0090304,GO:0097159,GO:0099086,GO:0140013,GO:1901360,GO:1901363,GO:1903046,GO:1990391","ko:K08739","ko03430,map03430","L","MutL C terminal dimerisation domain"
"LOC101247280","OG0009790",1.20894596706264,0.00698033968922545,"4081.Solyc02g083310.2.1","","ko:K08999","","S","Bifunctional nuclease"
"LOC101264425","OG0005512",-1.30244683935717,0.00701540466545188,"4081.Solyc05g052280.2.1","","ko:K00430","ko00940,ko01100,ko01110,map00940,map01100,map01110","Q","Belongs to the peroxidase family"
"LOC101259784","OG0004182",-1.4620880671117,0.00702390506532315,"4081.Solyc09g074780.2.1","","","","S","Zinc finger protein"
"LOC101262285","OG0011792",-1.03248327179893,0.00711618035145671,"4081.Solyc12g008600.1.1","","","","S","Protein of unknown function (DUF1005)"
"LOC101259743","OG0011647",-1.00209045518006,0.00712598570209357,"4081.Solyc05g007150.2.1","GO:0000139,GO:0003674,GO:0005215,GO:0005338,GO:0005459,GO:0005460,GO:0005575,GO:0005622,GO:0005623,GO:0005737,GO:0005783,GO:0005789,GO:0005794,GO:0006810,GO:0006811,GO:0006820,GO:0006950,GO:0006986,GO:0007154,GO:0007165,GO:0007275,GO:0008150,GO:0008509,GO:0008514,GO:0009553,GO:0009555,GO:0009987,GO:0010033,GO:0012505,GO:0015075,GO:0015165,GO:0015711,GO:0015780,GO:0015786,GO:0015931,GO:0015932,GO:0016020,GO:0016021,GO:0022857,GO:0023052,GO:0030173,GO:0030176,GO:0030968,GO:0031090,GO:0031224,GO:0031227,GO:0031228,GO:0031300,GO:0031301,GO:0031984,GO:0032501,GO:0032502,GO:0033554,GO:0034220,GO:0034620,GO:0034976,GO:0035966,GO:0035967,GO:0042175,GO:0042221,GO:0043226,GO:0043227,GO:0043229,GO:0043231,GO:0044422,GO:0044424,GO:0044425,GO:0044431,GO:0044432,GO:0044444,GO:0044446,GO:0044464,GO:0048229,GO:0048856,GO:0050789,GO:0050794,GO:0050896,GO:0051179,GO:0051234,GO:0051716,GO:0055085,GO:0065007,GO:0070887,GO:0071310,GO:0071702,GO:0071705,GO:0072334,GO:0090481,GO:0098588,GO:0098656,GO:0098791,GO:0098827,GO:1901264,GO:1901505","ko:K15275","","P","UAA transporter family"
"LOC101253978","OG0005060",1.12727179937858,0.00717022496209329,"4081.Solyc03g044910.1.1","GO:0000038,GO:0001101,GO:0003674,GO:0003824,GO:0004312,GO:0005575,GO:0005622,GO:0005623,GO:0005737,GO:0005783,GO:0005789,GO:0006082,GO:0006629,GO:0006631,GO:0006633,GO:0006643,GO:0006665,GO:0006807,GO:0008150,GO:0008152,GO:0008610,GO:0009058,GO:0009719,GO:0009725,GO:0009737,GO:0009922,GO:0009987,GO:0010033,GO:0012505,GO:0016020,GO:0016021,GO:0016053,GO:0016740,GO:0016746,GO:0016747,GO:0019367,GO:0019368,GO:0019752,GO:0030148,GO:0030176,GO:0030497,GO:0031224,GO:0031227,GO:0031984,GO:0032787,GO:0032870,GO:0033993,GO:0034625,GO:0034626,GO:0042175,GO:0042221,GO:0042761,GO:0043226,GO:0043227,GO:0043229,GO:0043231,GO:0043436,GO:0044237,GO:0044238,GO:0044249,GO:0044255,GO:0044281,GO:0044283,GO:0044422,GO:0044424,GO:0044425,GO:0044432,GO:0044444,GO:0044446,GO:0044464,GO:0046394,GO:0046467,GO:0050896,GO:0051716,GO:0070887,GO:0071215,GO:0071229,GO:0071310,GO:0071396,GO:0071495,GO:0071704,GO:0072330,GO:0097305,GO:0097306,GO:0098827,GO:1901564,GO:1901566,GO:1901576,GO:1901700,GO:1901701","","","I","GNS1/SUR4 family"
"LOC101249056","OG0007547",-1.33559111417632,0.00721391154153091,"4081.Solyc12g055840.1.1","GO:0001871,GO:0003674,GO:0003824,GO:0004553,GO:0005488,GO:0005575,GO:0005618,GO:0005623,GO:0005886,GO:0007154,GO:0008150,GO:0008422,GO:0009505,GO:0009987,GO:0015926,GO:0016020,GO:0016787,GO:0016798,GO:0030246,GO:0030247,GO:0030312,GO:0031224,GO:0031225,GO:0031226,GO:0042973,GO:0044425,GO:0044459,GO:0044464,GO:0046658,GO:0071944","","","G","glucan endo-1,3-beta-glucosidase"
"TBG3","OG0001792",-1.07890587291422,0.00723534663767334,"4081.Solyc03g121540.2.1","GO:0003674,GO:0003824,GO:0004553,GO:0004565,GO:0005575,GO:0005618,GO:0005622,GO:0005623,GO:0005737,GO:0005773,GO:0015925,GO:0016787,GO:0016798,GO:0030312,GO:0043226,GO:0043227,GO:0043229,GO:0043231,GO:0044424,GO:0044444,GO:0044464,GO:0071944","","","G","Beta-galactosidase"
"LOC101256870","OG0001236",1.19606957500164,0.00743505421326513,"4081.Solyc04g072020.2.1","GO:0003674,GO:0003824,GO:0004103,GO:0004305,GO:0005575,GO:0005622,GO:0005623,GO:0005737,GO:0005829,GO:0006629,GO:0006644,GO:0006646,GO:0006650,GO:0006656,GO:0006657,GO:0006793,GO:0006796,GO:0006807,GO:0006950,GO:0008150,GO:0008152,GO:0008610,GO:0008654,GO:0009058,GO:0009611,GO:0009987,GO:0016301,GO:0016310,GO:0016740,GO:0016772,GO:0016773,GO:0019637,GO:0044237,GO:0044238,GO:0044249,GO:0044255,GO:0044424,GO:0044444,GO:0044464,GO:0045017,GO:0046337,GO:0046470,GO:0046474,GO:0046486,GO:0050896,GO:0071704,GO:0090407,GO:0097164,GO:1901564,GO:1901566,GO:1901576","ko:K14156","ko00564,ko01100,ko05231,map00564,map01100,map05231","M","Choline/ethanolamine kinase"
"LOC101251024","OG0000110",-1.21112589181556,0.00745807848101832,"4081.Solyc09g005400.2.1","GO:0005575,GO:0005622,GO:0005623,GO:0005737,GO:0009507,GO:0009536,GO:0043226,GO:0043227,GO:0043229,GO:0043231,GO:0044424,GO:0044444,GO:0044464","","","S","Major latex"
"RDRP","OG0000581",1.10657411882283,0.00753209225230651,"4081.Solyc05g007510.2.1","GO:0001101,GO:0006139,GO:0006396,GO:0006725,GO:0006807,GO:0008150,GO:0008152,GO:0009058,GO:0009605,GO:0009607,GO:0009615,GO:0009719,GO:0009725,GO:0009751,GO:0009892,GO:0009987,GO:0010025,GO:0010033,GO:0010166,GO:0010467,GO:0010468,GO:0010605,GO:0010608,GO:0010629,GO:0014070,GO:0016070,GO:0016246,GO:0016441,GO:0016458,GO:0019222,GO:0030422,GO:0031047,GO:0031050,GO:0034641,GO:0035194,GO:0040029,GO:0042221,GO:0042493,GO:0043170,GO:0043207,GO:0043331,GO:0044237,GO:0044238,GO:0046483,GO:0046677,GO:0048518,GO:0048519,GO:0048522,GO:0050789,GO:0050794,GO:0050896,GO:0051704,GO:0051707,GO:0051716,GO:0060147,GO:0060148,GO:0060255,GO:0060968,GO:0065007,GO:0070887,GO:0070918,GO:0071310,GO:0071359,GO:0071407,GO:0071704,GO:0090304,GO:1901360,GO:1901568,GO:1901570,GO:1901576,GO:1901698,GO:1901699,GO:1901700","ko:K11699","","H","Probably involved in the RNA silencing pathway and required for the generation of small interfering RNAs (siRNAs)"
"LOC101252907","OG0004379",5.74108283967923,0.00759561407365952,"4081.Solyc08g036640.2.1","GO:0003674,GO:0003712,GO:0003714,GO:0005575,GO:0005622,GO:0005623,GO:0005634,GO:0006950,GO:0008150,GO:0009611,GO:0009889,GO:0009890,GO:0009892,GO:0009966,GO:0010556,GO:0010558,GO:0010605,GO:0010646,GO:0019219,GO:0019222,GO:0023051,GO:0031323,GO:0031324,GO:0031326,GO:0031327,GO:0031347,GO:0043226,GO:0043227,GO:0043229,GO:0043231,GO:0044424,GO:0044464,GO:0045934,GO:0048519,GO:0048523,GO:0048583,GO:0050789,GO:0050794,GO:0050896,GO:0051171,GO:0051172,GO:0051252,GO:0051253,GO:0060255,GO:0065007,GO:0080090,GO:0080134,GO:0140110,GO:1902679,GO:1903506,GO:1903507,GO:2000022,GO:2001141","","","S","TIFY 5A-like"
"LOC101253243","OG0001447",1.35448308445193,0.00797354188014193,"4081.Solyc10g085420.1.1","GO:0001101,GO:0006950,GO:0006952,GO:0008150,GO:0009605,GO:0009607,GO:0009620,GO:0009719,GO:0009725,GO:0009751,GO:0010033,GO:0014070,GO:0042221,GO:0042493,GO:0043207,GO:0046677,GO:0050832,GO:0050896,GO:0051704,GO:0051707,GO:0098542,GO:1901700","","","S","LURP-one-related"
"LOC101254964","OG0012468",1.20221707126578,0.00807822318169172,"4081.Solyc02g071930.1.1","GO:0003674,GO:0003824,GO:0004721,GO:0006464,GO:0006470,GO:0006793,GO:0006796,GO:0006807,GO:0008150,GO:0008152,GO:0009987,GO:0016311,GO:0016787,GO:0016788,GO:0016791,GO:0019538,GO:0036211,GO:0042578,GO:0043170,GO:0043412,GO:0044237,GO:0044238,GO:0044260,GO:0044267,GO:0071704,GO:0140096,GO:1901564","ko:K15731,ko:K17616","","K","catalytic domain of ctd-like phosphatases"
"LOC101264880","OG0004127",1.04329166810639,0.00813003746217447,"4081.Solyc02g088630.2.1","GO:0000003,GO:0000271,GO:0000902,GO:0000904,GO:0003006,GO:0003674,GO:0003824,GO:0005575,GO:0005622,GO:0005623,GO:0005737,GO:0005794,GO:0005975,GO:0005976,GO:0007275,GO:0008150,GO:0008152,GO:0008194,GO:0009058,GO:0009059,GO:0009555,GO:0009653,GO:0009664,GO:0009826,GO:0009832,GO:0009856,GO:0009860,GO:0009932,GO:0009987,GO:0010383,GO:0010393,GO:0012505,GO:0016043,GO:0016049,GO:0016051,GO:0016740,GO:0016757,GO:0016758,GO:0017144,GO:0022414,GO:0030154,GO:0032501,GO:0032502,GO:0032989,GO:0033692,GO:0034637,GO:0034645,GO:0040007,GO:0042546,GO:0042995,GO:0043170,GO:0043226,GO:0043227,GO:0043229,GO:0043231,GO:0044036,GO:0044038,GO:0044085,GO:0044237,GO:0044238,GO:0044249,GO:0044260,GO:0044262,GO:0044264,GO:0044424,GO:0044444,GO:0044464,GO:0044706,GO:0045229,GO:0045488,GO:0045489,GO:0047262,GO:0048229,GO:0048468,GO:0048588,GO:0048589,GO:0048856,GO:0048868,GO:0048869,GO:0051704,GO:0052325,GO:0052546,GO:0060560,GO:0070589,GO:0070592,GO:0071554,GO:0071555,GO:0071669,GO:0071704,GO:0071840,GO:0090406,GO:0120025,GO:1901576","ko:K13648,ko:K20867","ko00520,map00520","G","Belongs to the glycosyltransferase 8 family"
"LOC101265598","OG0007120",2.70791258039809,0.00835890377441725,"4081.Solyc10g081570.1.1","","","","",""
"LOC101055571","OG0000749",1.02768869294478,0.00838902173278615,"4081.Solyc01g105230.2.1","GO:0000981,GO:0000982,GO:0001077,GO:0001101,GO:0001228,GO:0003674,GO:0003676,GO:0003677,GO:0003700,GO:0005488,GO:0005515,GO:0005516,GO:0005575,GO:0005622,GO:0005623,GO:0005634,GO:0006139,GO:0006351,GO:0006355,GO:0006357,GO:0006366,GO:0006725,GO:0006807,GO:0006950,GO:0008150,GO:0008152,GO:0009058,GO:0009059,GO:0009266,GO:0009409,GO:0009414,GO:0009415,GO:0009628,GO:0009719,GO:0009725,GO:0009733,GO:0009889,GO:0009891,GO:0009893,GO:0009987,GO:0010033,GO:0010035,GO:0010038,GO:0010044,GO:0010467,GO:0010468,GO:0010556,GO:0010557,GO:0010604,GO:0010628,GO:0016070,GO:0018130,GO:0019219,GO:0019222,GO:0019438,GO:0031323,GO:0031325,GO:0031326,GO:0031328,GO:0032774,GO:0034641,GO:0034645,GO:0034654,GO:0042221,GO:0043170,GO:0043226,GO:0043227,GO:0043229,GO:0043231,GO:0043565,GO:0044237,GO:0044238,GO:0044249,GO:0044260,GO:0044271,GO:0044424,GO:0044464,GO:0045893,GO:0045935,GO:0045944,GO:0046483,GO:0048518,GO:0048522,GO:0050789,GO:0050794,GO:0050826,GO:0050896,GO:0051171,GO:0051173,GO:0051252,GO:0051254,GO:0051716,GO:0060255,GO:0065007,GO:0070887,GO:0071241,GO:0071248,GO:0071275,GO:0071704,GO:0080090,GO:0090304,GO:0097159,GO:0097659,GO:0140110,GO:1901360,GO:1901362,GO:1901363,GO:1901576,GO:1901700,GO:1902680,GO:1903506,GO:1903508,GO:2000112,GO:2001141","ko:K21596","","S","Calmodulin-binding transcription"
"exp9","OG0000663",-1.64398812705423,0.00887498503526398,"4113.PGSC0003DMT400011243","","","","S","Rare lipoprotein A (RlpA)-like double-psi beta-barrel"
"LOC104649441","OG0000081",-1.40060866596189,0.00896036728885877,"4081.Solyc09g098770.1.1","","ko:K20556","","Q","Cytochrome p450"
"LOC101245233",NA,2.24229309128201,0.00898948239225927,"4081.Solyc03g093890.2.1","GO:0000981,GO:0000988,GO:0000989,GO:0001067,GO:0001076,GO:0001134,GO:0001135,GO:0003674,GO:0003676,GO:0003677,GO:0003700,GO:0005488,GO:0005575,GO:0005622,GO:0005623,GO:0005634,GO:0006355,GO:0006357,GO:0006950,GO:0008150,GO:0009266,GO:0009409,GO:0009628,GO:0009889,GO:0009891,GO:0009893,GO:0009987,GO:0010468,GO:0010556,GO:0010557,GO:0010604,GO:0010628,GO:0019219,GO:0019222,GO:0030154,GO:0031323,GO:0031325,GO:0031326,GO:0031328,GO:0032502,GO:0043226,GO:0043227,GO:0043229,GO:0043231,GO:0043565,GO:0044212,GO:0044424,GO:0044464,GO:0045893,GO:0045935,GO:0048518,GO:0048522,GO:0048869,GO:0050789,GO:0050794,GO:0050896,GO:0051171,GO:0051173,GO:0051252,GO:0051254,GO:0060255,GO:0065007,GO:0080090,GO:0097159,GO:0140110,GO:1901363,GO:1902680,GO:1903506,GO:1903508,GO:2000112,GO:2001141","ko:K09422","","K","Myb-related protein"
"LOC101244962","OG0030111",1.118578561441,0.00898948239225927,"4081.Solyc06g073580.2.1","","","","Q","Belongs to the iron ascorbate-dependent oxidoreductase family"
"LOC101264284","OG0004758",2.23937764910389,0.00901605800532611,"4081.Solyc11g005860.1.1","","","","J","Aminotransferase class-V"
"LOC101256015","OG0000579",-1.27168505054826,0.00922342591394444,"4081.Solyc07g052240.2.1","","","","Q","Multicopper oxidase"
"LOC101249562","OG0011620",-1.59141626898544,0.0092366516580598,"4081.Solyc07g056250.2.1","","","","G","GDSL esterase lipase"
"LOC101263355","OG0003202",1.51157522186536,0.00939717565289788,"4113.PGSC0003DMT400015853","","ko:K19366","ko04144,map04144","S","Senescence-associated protein"
"LOC101265303","OG0001897",1.08998577445843,0.00939717565289788,"4081.Solyc02g062800.2.1","","","","S","F-Box protein"
"LOC101256391","OG0010691",-1.50170943097183,0.00953799646524159,"4081.Solyc06g082070.2.1","","","","S","PMR5 N terminal Domain"
"LOC101265846","OG0009074",-1.29529797617565,0.00953799646524159,"4081.Solyc08g007430.1.1","GO:0001101,GO:0003674,GO:0005215,GO:0005575,GO:0005623,GO:0005886,GO:0006810,GO:0006811,GO:0006820,GO:0006950,GO:0008150,GO:0008509,GO:0009414,GO:0009415,GO:0009628,GO:0010035,GO:0010167,GO:0015075,GO:0015103,GO:0015112,GO:0015318,GO:0015698,GO:0015706,GO:0016020,GO:0022857,GO:0034220,GO:0042221,GO:0044464,GO:0050896,GO:0051179,GO:0051234,GO:0055085,GO:0071705,GO:0071944,GO:0098656,GO:1901698,GO:1901700","ko:K14638","","P","Protein NRT1 PTR FAMILY 6.3-like"
"TCP3","OG0001233",-1.51516333192596,0.0097873088581107,"4081.Solyc12g014140.1.1","GO:0000003,GO:0003006,GO:0003674,GO:0003676,GO:0003677,GO:0003700,GO:0005488,GO:0006355,GO:0007275,GO:0008150,GO:0009653,GO:0009719,GO:0009725,GO:0009733,GO:0009790,GO:0009791,GO:0009793,GO:0009889,GO:0009965,GO:0009987,GO:0010016,GO:0010033,GO:0010154,GO:0010468,GO:0010556,GO:0019219,GO:0019222,GO:0022414,GO:0030154,GO:0031323,GO:0031326,GO:0032501,GO:0032502,GO:0040034,GO:0042221,GO:0045962,GO:0048316,GO:0048366,GO:0048367,GO:0048598,GO:0048608,GO:0048731,GO:0048825,GO:0048826,GO:0048827,GO:0048856,GO:0048869,GO:0050789,GO:0050793,GO:0050794,GO:0050896,GO:0051171,GO:0051252,GO:0060255,GO:0061458,GO:0065007,GO:0080090,GO:0090698,GO:0097159,GO:0099402,GO:0140110,GO:1901363,GO:1903506,GO:1905392,GO:2000112,GO:2001141","","","K","Transcription factor"
"LOC101258147","OG0000038",1.0943636606341,0.00986033860536127,"4113.PGSC0003DMT400075885","","","","T","late blight resistance protein homolog"
"LOC101266922","OG0002983",-1.02134425508177,0.00986761154407068,"4081.Solyc03g116170.2.1","GO:0000724,GO:0000725,GO:0003674,GO:0005488,GO:0005515,GO:0005575,GO:0005622,GO:0005623,GO:0005634,GO:0005737,GO:0005829,GO:0006139,GO:0006259,GO:0006281,GO:0006302,GO:0006310,GO:0006725,GO:0006807,GO:0006950,GO:0006974,GO:0008150,GO:0008152,GO:0009987,GO:0010035,GO:0010038,GO:0016444,GO:0033554,GO:0034641,GO:0042221,GO:0042393,GO:0043170,GO:0043226,GO:0043227,GO:0043229,GO:0043231,GO:0044237,GO:0044238,GO:0044260,GO:0044424,GO:0044444,GO:0044464,GO:0046483,GO:0046686,GO:0050896,GO:0051716,GO:0071704,GO:0090304,GO:1901360","ko:K11290","","L","Belongs to the nucleosome assembly protein (NAP) family"
"LOC101258252",NA,4.04625589895732,0.00989526092661596,"4081.Solyc04g072070.2.1","GO:0001101,GO:0003674,GO:0003700,GO:0006355,GO:0006950,GO:0006952,GO:0007154,GO:0007165,GO:0008150,GO:0009605,GO:0009607,GO:0009617,GO:0009620,GO:0009719,GO:0009725,GO:0009753,GO:0009755,GO:0009867,GO:0009889,GO:0009987,GO:0010033,GO:0010468,GO:0010556,GO:0019219,GO:0019222,GO:0023052,GO:0031323,GO:0031326,GO:0032870,GO:0042221,GO:0042742,GO:0043207,GO:0050789,GO:0050794,GO:0050832,GO:0050896,GO:0051171,GO:0051252,GO:0051704,GO:0051707,GO:0051716,GO:0060255,GO:0065007,GO:0070887,GO:0071229,GO:0071310,GO:0071395,GO:0071495,GO:0080090,GO:0098542,GO:0140110,GO:1901700,GO:1901701,GO:1903506,GO:2000112,GO:2001141","","","K","WRKY transcription factor"
"LOC101243926","OG0008317",1.72519291799878,0.0101578212916549,"4081.Solyc01g068490.2.1","GO:0005575,GO:0005623,GO:0005886,GO:0016020,GO:0044464,GO:0071944","ko:K08332","","S","Armadillo repeat-containing protein"
"PIN6","OG0014744",-2.18833742739419,0.0102350486546066,"4081.Solyc06g059730.1.1","GO:0003674,GO:0005215,GO:0005575,GO:0005622,GO:0005623,GO:0005737,GO:0005783,GO:0005886,GO:0006810,GO:0007275,GO:0008150,GO:0009653,GO:0009888,GO:0009914,GO:0009926,GO:0009966,GO:0009968,GO:0009987,GO:0010015,GO:0010053,GO:0010054,GO:0010104,GO:0010105,GO:0010252,GO:0010315,GO:0010329,GO:0010540,GO:0010646,GO:0010648,GO:0010817,GO:0010928,GO:0012505,GO:0015562,GO:0016020,GO:0016049,GO:0021700,GO:0022622,GO:0022857,GO:0023051,GO:0023057,GO:0030154,GO:0032501,GO:0032502,GO:0040007,GO:0042592,GO:0043226,GO:0043227,GO:0043229,GO:0043231,GO:0044424,GO:0044444,GO:0044464,GO:0048364,GO:0048468,GO:0048469,GO:0048519,GO:0048523,GO:0048580,GO:0048581,GO:0048583,GO:0048585,GO:0048588,GO:0048589,GO:0048731,GO:0048764,GO:0048765,GO:0048767,GO:0048856,GO:0048869,GO:0048878,GO:0050789,GO:0050793,GO:0050794,GO:0051093,GO:0051179,GO:0051234,GO:0051239,GO:0051241,GO:0055085,GO:0060560,GO:0060918,GO:0065007,GO:0065008,GO:0070297,GO:0070298,GO:0071695,GO:0071944,GO:0080147,GO:0080161,GO:0090558,GO:0090627,GO:0099402,GO:1901332,GO:1902531,GO:1902532,GO:1905392,GO:2000023,GO:2000026,GO:2000069,GO:2000280","ko:K13947","","P","May act as a component of the auxin efflux carrier"
"LOC100301920","OG0001215",1.26667351109324,0.0102639073464767,"4081.Solyc06g007120.2.1","","ko:K05857","ko00562,ko01100,ko04020,ko04070,ko04919,ko04933,map00562,map01100,map04020,map04070,map04919,map04933","I","Phospholipase C, catalytic domain (part); domain X"
"LOC101245851","OG0010102",1.40109765501903,0.0102799038707204,"4081.Solyc06g074670.2.1","GO:0000166,GO:0003674,GO:0003824,GO:0005488,GO:0005575,GO:0005576,GO:0005622,GO:0005623,GO:0005737,GO:0005829,GO:0006139,GO:0006725,GO:0006807,GO:0008150,GO:0008152,GO:0009058,GO:0009225,GO:0009226,GO:0009987,GO:0016829,GO:0016830,GO:0016831,GO:0018130,GO:0019438,GO:0034641,GO:0034654,GO:0036094,GO:0044237,GO:0044238,GO:0044249,GO:0044271,GO:0044281,GO:0044424,GO:0044444,GO:0044464,GO:0046483,GO:0048037,GO:0048040,GO:0048046,GO:0050662,GO:0051287,GO:0055086,GO:0071704,GO:0097159,GO:1901135,GO:1901137,GO:1901265,GO:1901360,GO:1901362,GO:1901363,GO:1901576","ko:K12449","ko00520,ko01100,map00520,map01100","GM","UDP-D-apiose UDP-D-xylose synthase"
"LOC101268644","OG0006914",5.29117107048181,0.0104366175751051,"4081.Solyc11g069880.1.1","","","","S","Kiwellin-like"
"LOC101260427","OG0001439",-1.18380407628612,0.0104366175751051,"4113.PGSC0003DMT400079207","GO:0005575,GO:0005618,GO:0005622,GO:0005623,GO:0005737,GO:0005794,GO:0008150,GO:0009505,GO:0009719,GO:0009725,GO:0009741,GO:0010033,GO:0012505,GO:0014070,GO:0030312,GO:0033993,GO:0042221,GO:0043226,GO:0043227,GO:0043229,GO:0043231,GO:0044424,GO:0044444,GO:0044464,GO:0050896,GO:0071944,GO:1901700","","","L","Phi-1 protein"
"LOC101256393","OG0002770",-1.1561743051117,0.0104366175751051,"4081.Solyc07g008560.2.1","GO:0003674,GO:0003824,GO:0003993,GO:0006793,GO:0006796,GO:0008150,GO:0008152,GO:0009987,GO:0016311,GO:0016787,GO:0016788,GO:0016791,GO:0042578,GO:0044237","ko:K22390","","G","Iron/zinc purple acid phosphatase-like protein C"
"LOC101248819","OG0000066",1.01429765027478,0.0104366175751051,"4081.Solyc01g108530.2.1","GO:0003674,GO:0003824,GO:0005575,GO:0005622,GO:0005623,GO:0005737,GO:0005829,GO:0008150,GO:0008152,GO:0009056,GO:0016787,GO:0016788,GO:0044424,GO:0044444,GO:0044464,GO:0052689","","","V","alpha/beta hydrolase fold"
"LOC101253546","OG0006247",1.52399092810927,0.0105888563382274,"4081.Solyc10g086710.1.1","","","","S","PAR1 protein"
"LOC101246341","OG0004008",2.44104236489152,0.0110167341121171,"4081.Solyc04g074950.2.1","","","","E","Serine hydrolase (FSH1)"
"LOC101252813","OG0002061;OG0009495",1.0626837388687,0.0110922810508047,"3988.XP_002520768.1;4081.Solyc09g064930.2.1;4081.Solyc09g064940.2.1","","","","S","Phenazine biosynthesis-like domain-containing protein 1;R3H-associated N-terminal domain"
"LOC101261180","OG0007343",2.43244452238821,0.0112475149668507,"4081.Solyc02g093420.2.1","","","","K","No apical meristem (NAM) protein"
"LOC101259034","OG0001323",-1.27773147092685,0.011297720836462,"4081.Solyc03g121970.1.1","GO:0005575,GO:0005623,GO:0005886,GO:0006810,GO:0008150,GO:0009605,GO:0009606,GO:0009628,GO:0009629,GO:0009630,GO:0009719,GO:0009725,GO:0009733,GO:0009914,GO:0009966,GO:0009967,GO:0010033,GO:0010646,GO:0010647,GO:0010817,GO:0010928,GO:0010929,GO:0016020,GO:0023051,GO:0023056,GO:0040008,GO:0042221,GO:0044464,GO:0048518,GO:0048522,GO:0048580,GO:0048583,GO:0048584,GO:0048638,GO:0050789,GO:0050793,GO:0050794,GO:0050896,GO:0051179,GO:0051234,GO:0051239,GO:0060918,GO:0065007,GO:0065008,GO:0071944,GO:0080050,GO:0080113,GO:2000026,GO:2000241","","","S","Protein BIG GRAIN 1-like"
"CYP707A2","OG0012886",-1.15884842561084,0.0113875958904675,"4081.Solyc08g005610.2.1","GO:0001101,GO:0003674,GO:0003824,GO:0004497,GO:0006066,GO:0006082,GO:0006629,GO:0006694,GO:0006714,GO:0006720,GO:0006721,GO:0006950,GO:0007275,GO:0008150,GO:0008152,GO:0008202,GO:0008300,GO:0008610,GO:0009056,GO:0009058,GO:0009314,GO:0009414,GO:0009415,GO:0009416,GO:0009628,GO:0009639,GO:0009687,GO:0009987,GO:0010035,GO:0010268,GO:0010295,GO:0010817,GO:0016042,GO:0016054,GO:0016107,GO:0016115,GO:0016125,GO:0016128,GO:0016129,GO:0016131,GO:0016132,GO:0016491,GO:0016705,GO:0016709,GO:0019752,GO:0032501,GO:0032502,GO:0032787,GO:0042221,GO:0042445,GO:0042446,GO:0042592,GO:0043288,GO:0043290,GO:0043436,GO:0044237,GO:0044238,GO:0044242,GO:0044248,GO:0044255,GO:0044281,GO:0044282,GO:0046164,GO:0046345,GO:0046395,GO:0048856,GO:0048878,GO:0050896,GO:0055088,GO:0055114,GO:0065007,GO:0065008,GO:0071704,GO:0072329,GO:1901360,GO:1901362,GO:1901575,GO:1901576,GO:1901615,GO:1901616,GO:1901617,GO:1901700,GO:1902644","ko:K09843","ko00906,map00906","Q","Belongs to the cytochrome P450 family"
"NRC4a","OG0000038",1.02193150467527,0.0116829796600898,"4081.Solyc04g007070.2.1","","","","T","late blight resistance protein homolog"
"LOC101265375",NA,1.38161649508602,0.0118276014311557,NA,NA,NA,NA,NA,NA
"LOC101261203",NA,1.3727666653993,0.0118328997346222,NA,NA,NA,NA,NA,NA
"LOC101252861","OG0000579",-1.08374774879714,0.0119279858734982,"4081.Solyc12g094460.1.1","","","","Q","Multicopper oxidase"
"LOC101253711","OG0000474",-1.32281073405384,0.0119766789617795,"4081.Solyc09g010990.2.1","GO:0003674,GO:0003824,GO:0006725,GO:0008150,GO:0008152,GO:0009058,GO:0009698,GO:0009699,GO:0009808,GO:0009809,GO:0009987,GO:0016491,GO:0016722,GO:0019438,GO:0019748,GO:0044237,GO:0044249,GO:0044550,GO:0055114,GO:0071704,GO:1901360,GO:1901362,GO:1901576","ko:K05909","","Q","Lignin degradation and detoxification of lignin-derived products"
"PORK1","OG0006341",1.54874968508816,0.0121926911987378,"4081.Solyc03g123860.2.1","GO:0001101,GO:0001653,GO:0002376,GO:0003674,GO:0003824,GO:0004383,GO:0004672,GO:0004888,GO:0005488,GO:0005575,GO:0005576,GO:0005623,GO:0005886,GO:0005911,GO:0006139,GO:0006163,GO:0006164,GO:0006182,GO:0006464,GO:0006468,GO:0006725,GO:0006753,GO:0006793,GO:0006796,GO:0006807,GO:0006950,GO:0006952,GO:0006955,GO:0007154,GO:0007165,GO:0008150,GO:0008152,GO:0009058,GO:0009117,GO:0009150,GO:0009152,GO:0009165,GO:0009187,GO:0009190,GO:0009259,GO:0009260,GO:0009506,GO:0009605,GO:0009607,GO:0009611,GO:0009617,GO:0009719,GO:0009725,GO:0009753,GO:0009975,GO:0009987,GO:0010033,GO:0016020,GO:0016301,GO:0016310,GO:0016740,GO:0016772,GO:0016773,GO:0016829,GO:0016849,GO:0018130,GO:0019199,GO:0019438,GO:0019538,GO:0019637,GO:0019693,GO:0023052,GO:0030054,GO:0033218,GO:0034641,GO:0034654,GO:0036211,GO:0038023,GO:0042221,GO:0042277,GO:0042742,GO:0043170,GO:0043207,GO:0043412,GO:0044237,GO:0044238,GO:0044249,GO:0044260,GO:0044267,GO:0044271,GO:0044281,GO:0044464,GO:0045087,GO:0046068,GO:0046390,GO:0046483,GO:0050789,GO:0050794,GO:0050896,GO:0051704,GO:0051707,GO:0051716,GO:0052652,GO:0055044,GO:0055086,GO:0060089,GO:0065007,GO:0071704,GO:0071944,GO:0072521,GO:0072522,GO:0090407,GO:0098542,GO:0140096,GO:1901135,GO:1901137,GO:1901293,GO:1901360,GO:1901362,GO:1901564,GO:1901566,GO:1901576,GO:1901700","","","T","Belongs to the protein kinase superfamily. Ser Thr protein kinase family"
"LOC101244686","OG0000018",-2.0542902202786,0.0122180451232441,"4081.Solyc07g063720.1.1","","","","G","G-type lectin S-receptor-like serine threonine-protein kinase At4g27290"
"XTH1",NA,-1.34262451973869,0.0122180451232441,"4081.Solyc01g099630.2.1","","ko:K08235","","G","Catalyzes xyloglucan endohydrolysis (XEH) and or endotransglycosylation (XET). Cleaves and religates xyloglucan polymers, an essential constituent of the primary cell wall, and thereby participates in cell wall construction of growing tissues"
"ERF-H2","OG0003609",-1.710142677776,0.0123760856282082,"4081.Solyc06g068360.2.1","","","","K","DNA-binding domain in plant proteins such as APETALA2 and EREBPs"
"LOC101247711","OG0002571",1.00020069189206,0.0123988584829547,"4081.Solyc03g116590.2.1","","","","S","Embryo-specific protein 3, (ATS3)"
"LOC101254849","OG0000088",-1.49126630885717,0.0124716152444769,"4081.Solyc10g045240.1.1","GO:0003674,GO:0003824,GO:0004553,GO:0008150,GO:0008152,GO:0008422,GO:0015926,GO:0016787,GO:0016798,GO:0071704,GO:1901135,GO:1901657","ko:K01188,ko:K22279","ko00460,ko00500,ko00940,ko01100,ko01110,map00460,map00500,map00940,map01100,map01110","G","Belongs to the glycosyl hydrolase 1 family"
"LOC101249175","OG0002723",-1.21172494983472,0.0124716152444769,"4081.Solyc05g054120.1.1","GO:0002020,GO:0003674,GO:0004857,GO:0004866,GO:0004869,GO:0005488,GO:0005515,GO:0005575,GO:0005618,GO:0005623,GO:0006950,GO:0008150,GO:0009266,GO:0009408,GO:0009628,GO:0009892,GO:0009987,GO:0010029,GO:0010030,GO:0010466,GO:0010605,GO:0010951,GO:0019222,GO:0019899,GO:0030162,GO:0030234,GO:0030312,GO:0030414,GO:0031323,GO:0031324,GO:0032268,GO:0032269,GO:0033554,GO:0034605,GO:0043086,GO:0044092,GO:0044464,GO:0045861,GO:0048518,GO:0048519,GO:0048523,GO:0048580,GO:0048582,GO:0050789,GO:0050790,GO:0050793,GO:0050794,GO:0050896,GO:0051094,GO:0051171,GO:0051172,GO:0051239,GO:0051240,GO:0051246,GO:0051248,GO:0051336,GO:0051346,GO:0051716,GO:0052547,GO:0052548,GO:0060255,GO:0061134,GO:0061135,GO:0065007,GO:0065009,GO:0071944,GO:0080090,GO:0098772,GO:1900140,GO:2000026,GO:2000116,GO:2000117","ko:K13899","ko04970,map04970","G","Cysteine proteinase inhibitor"
"LOC101262133","OG0001571",1.04690259287271,0.0126218336433401,"4081.Solyc07g065080.2.1","GO:0003674,GO:0003779,GO:0005488,GO:0005515,GO:0005575,GO:0005622,GO:0005623,GO:0005737,GO:0005773,GO:0005856,GO:0005884,GO:0006996,GO:0007010,GO:0007015,GO:0007623,GO:0008092,GO:0008150,GO:0009987,GO:0015629,GO:0016043,GO:0022607,GO:0030029,GO:0030036,GO:0032432,GO:0043226,GO:0043227,GO:0043228,GO:0043229,GO:0043231,GO:0043232,GO:0044085,GO:0044422,GO:0044424,GO:0044430,GO:0044444,GO:0044446,GO:0044464,GO:0044877,GO:0048511,GO:0051015,GO:0051017,GO:0051639,GO:0051764,GO:0061572,GO:0071840,GO:0097435,GO:0099080,GO:0099081,GO:0099512,GO:0099513","ko:K17275","","Z","Calponin homology domain"
"LOC101246264","OG0001298",-1.24475728026017,0.0129744826895016,"4081.Solyc07g053890.2.1","","","","S","O-acyltransferase WSD1-like"
"LOC101252458","OG0010835",-2.05495025828878,0.0129985070399196,"4081.Solyc02g081270.2.1;4113.PGSC0003DMT400043098","GO:0001067,GO:0003674,GO:0003676,GO:0003677,GO:0003700,GO:0005488,GO:0005575,GO:0005622,GO:0005623,GO:0005634,GO:0005737,GO:0006355,GO:0008150,GO:0009314,GO:0009416,GO:0009628,GO:0009642,GO:0009644,GO:0009889,GO:0009891,GO:0009893,GO:0009962,GO:0009987,GO:0010468,GO:0010556,GO:0010557,GO:0010604,GO:0010628,GO:0016043,GO:0019219,GO:0019222,GO:0022411,GO:0030154,GO:0031323,GO:0031325,GO:0031326,GO:0031328,GO:0032502,GO:0043226,GO:0043227,GO:0043229,GO:0043231,GO:0044212,GO:0044424,GO:0044464,GO:0045893,GO:0045935,GO:0048518,GO:0048522,GO:0048869,GO:0050789,GO:0050794,GO:0050896,GO:0051171,GO:0051173,GO:0051252,GO:0051254,GO:0060255,GO:0065007,GO:0071840,GO:0080090,GO:0090601,GO:0090602,GO:0090603,GO:0097159,GO:0140110,GO:1901363,GO:1902680,GO:1903506,GO:1903508,GO:2000112,GO:2001141","","","K","No apical meristem (NAM) protein"
"LOC101248036","OG0003117",-1.56005210702976,0.0130587306039647,"4081.Solyc09g008840.2.1","GO:0003674,GO:0003824,GO:0004743,GO:0005575,GO:0005622,GO:0005623,GO:0005737,GO:0005829,GO:0005975,GO:0006082,GO:0006090,GO:0006091,GO:0006096,GO:0006139,GO:0006163,GO:0006164,GO:0006165,GO:0006725,GO:0006732,GO:0006733,GO:0006753,GO:0006754,GO:0006757,GO:0006793,GO:0006796,GO:0006807,GO:0008150,GO:0008152,GO:0009056,GO:0009058,GO:0009108,GO:0009117,GO:0009123,GO:0009124,GO:0009126,GO:0009127,GO:0009132,GO:0009135,GO:0009141,GO:0009142,GO:0009144,GO:0009145,GO:0009150,GO:0009152,GO:0009156,GO:0009161,GO:0009165,GO:0009166,GO:0009167,GO:0009168,GO:0009179,GO:0009185,GO:0009199,GO:0009201,GO:0009205,GO:0009206,GO:0009259,GO:0009260,GO:0009987,GO:0016052,GO:0016053,GO:0016310,GO:0016740,GO:0016772,GO:0016773,GO:0017144,GO:0018130,GO:0019359,GO:0019362,GO:0019363,GO:0019438,GO:0019439,GO:0019637,GO:0019693,GO:0019752,GO:0032787,GO:0034404,GO:0034641,GO:0034654,GO:0034655,GO:0042866,GO:0043436,GO:0044237,GO:0044238,GO:0044248,GO:0044249,GO:0044270,GO:0044271,GO:0044281,GO:0044283,GO:0044424,GO:0044444,GO:0044464,GO:0046031,GO:0046034,GO:0046390,GO:0046394,GO:0046434,GO:0046483,GO:0046496,GO:0046700,GO:0046939,GO:0051186,GO:0051188,GO:0055086,GO:0071704,GO:0072330,GO:0072521,GO:0072522,GO:0072524,GO:0072525,GO:0090407,GO:1901135,GO:1901137,GO:1901292,GO:1901293,GO:1901360,GO:1901361,GO:1901362,GO:1901564,GO:1901566,GO:1901575,GO:1901576","ko:K00873","ko00010,ko00230,ko00620,ko01100,ko01110,ko01120,ko01130,ko01200,ko01230,ko04922,ko04930,ko05165,ko05203,ko05230,map00010,map00230,map00620,map01100,map01110,map01120,map01130,map01200,map01230,map04922,map04930,map05165,map05203,map05230","G","Pyruvate kinase, alpha/beta domain"
"LOC101248351","OG0007740",-1.18492903102906,0.0132763033358304,"4081.Solyc02g082040.2.1","","ko:K09422","","K","Myb-like DNA-binding domain"
"Ve1","OG0000058",2.58856152219524,0.0136390676162097,"4081.Solyc09g005090.1.1","GO:0008150,GO:0009888,GO:0010073,GO:0032501,GO:0032502,GO:0048507,GO:0048856","","","S","disease resistance protein"
"LOC101255805","OG0002541",1.02668273047594,0.0136936329812261,"4081.Solyc07g007370.2.1","GO:0005575,GO:0005622,GO:0005623,GO:0005634,GO:0005730,GO:0005737,GO:0005829,GO:0006464,GO:0006508,GO:0006511,GO:0006807,GO:0008150,GO:0008152,GO:0009056,GO:0009057,GO:0009893,GO:0009894,GO:0009896,GO:0009987,GO:0010604,GO:0016567,GO:0019222,GO:0019538,GO:0019941,GO:0030162,GO:0030163,GO:0031323,GO:0031325,GO:0031329,GO:0031331,GO:0031974,GO:0031981,GO:0032268,GO:0032270,GO:0032434,GO:0032436,GO:0032446,GO:0036211,GO:0042176,GO:0043170,GO:0043226,GO:0043227,GO:0043228,GO:0043229,GO:0043231,GO:0043232,GO:0043233,GO:0043412,GO:0043632,GO:0044237,GO:0044238,GO:0044248,GO:0044257,GO:0044260,GO:0044265,GO:0044267,GO:0044422,GO:0044424,GO:0044428,GO:0044444,GO:0044446,GO:0044464,GO:0045732,GO:0045862,GO:0048518,GO:0048522,GO:0050789,GO:0050794,GO:0051171,GO:0051173,GO:0051246,GO:0051247,GO:0051603,GO:0060255,GO:0061136,GO:0065007,GO:0070013,GO:0070647,GO:0071704,GO:0080090,GO:1901564,GO:1901565,GO:1901575,GO:1901800,GO:1903050,GO:1903052,GO:1903362,GO:1903364,GO:2000058,GO:2000060","","","OT","Ubiquitin associated domain"
"LOC138347370","OG0002594",4.49880428628024,0.0137674083088825,"4081.Solyc03g116520.1.1","","","","S","Cotton fibre expressed protein"
"LOC101244958","OG0003784",-2.04220530436322,0.0137674083088825,"4081.Solyc05g046010.2.1","GO:0001101,GO:0003674,GO:0003824,GO:0004601,GO:0005575,GO:0005618,GO:0005622,GO:0005623,GO:0005634,GO:0005737,GO:0005783,GO:0005911,GO:0006950,GO:0006970,GO:0006972,GO:0008150,GO:0008152,GO:0009266,GO:0009269,GO:0009409,GO:0009414,GO:0009415,GO:0009505,GO:0009506,GO:0009628,GO:0009636,GO:0009651,GO:0009664,GO:0009987,GO:0010035,GO:0012505,GO:0016043,GO:0016209,GO:0016491,GO:0016684,GO:0030054,GO:0030312,GO:0042221,GO:0042538,GO:0043226,GO:0043227,GO:0043229,GO:0043231,GO:0044424,GO:0044444,GO:0044464,GO:0045229,GO:0050896,GO:0051716,GO:0055044,GO:0055114,GO:0070887,GO:0071554,GO:0071555,GO:0071669,GO:0071840,GO:0071944,GO:0097237,GO:0098754,GO:0098869,GO:1901700,GO:1990748","ko:K00430","ko00940,ko01100,ko01110,map00940,map01100,map01110","Q","Belongs to the peroxidase family. Classical plant (class III) peroxidase subfamily"
"LOC101265960","OG0003260",3.07750106829476,0.0140042910979487,"4081.Solyc01g081620.2.1","","","","S","Vacuolar protein sorting-associated protein 62"
"EXP12","OG0001786",-2.03277407453672,0.0140042910979487,"4113.PGSC0003DMT400047428","GO:0005575,GO:0005618,GO:0005623,GO:0006949,GO:0008150,GO:0009653,GO:0009987,GO:0016020,GO:0030312,GO:0032502,GO:0044464,GO:0048646,GO:0048856,GO:0071944","ko:K20628","","S","Rare lipoprotein A (RlpA)-like double-psi beta-barrel"
"LOC101258487","OG0012096",1.15182370093696,0.0140042910979487,"4081.Solyc01g087870.2.1","GO:0003674,GO:0003824,GO:0004360,GO:0006002,GO:0006040,GO:0006047,GO:0006139,GO:0006464,GO:0006486,GO:0006487,GO:0006725,GO:0006793,GO:0006796,GO:0006807,GO:0008150,GO:0008152,GO:0008483,GO:0009058,GO:0009059,GO:0009100,GO:0009101,GO:0009225,GO:0009987,GO:0016740,GO:0016769,GO:0019538,GO:0019637,GO:0034641,GO:0034645,GO:0036211,GO:0043170,GO:0043412,GO:0043413,GO:0044237,GO:0044238,GO:0044249,GO:0044260,GO:0044267,GO:0044281,GO:0046483,GO:0055086,GO:0070085,GO:0070548,GO:0071704,GO:1901135,GO:1901137,GO:1901360,GO:1901564,GO:1901566,GO:1901576","ko:K00820","ko00250,ko00520,ko01100,ko01130,ko04931,map00250,map00520,map01100,map01130,map04931","M","SIS domain"
"LOC101247067","OG0007338",-1.07159115540291,0.0140042910979487,"4113.PGSC0003DMT400053017","GO:0000166,GO:0000959,GO:0001101,GO:0003674,GO:0003676,GO:0003677,GO:0003690,GO:0003697,GO:0003723,GO:0005488,GO:0005507,GO:0005524,GO:0005575,GO:0005622,GO:0005623,GO:0005737,GO:0005739,GO:0006139,GO:0006355,GO:0006725,GO:0006807,GO:0006950,GO:0006970,GO:0007275,GO:0008144,GO:0008150,GO:0008152,GO:0009266,GO:0009409,GO:0009414,GO:0009415,GO:0009451,GO:0009628,GO:0009631,GO:0009651,GO:0009791,GO:0009845,GO:0009889,GO:0009890,GO:0009892,GO:0009987,GO:0010035,GO:0010468,GO:0010556,GO:0010558,GO:0010605,GO:0010629,GO:0016070,GO:0017076,GO:0019219,GO:0019222,GO:0030554,GO:0031323,GO:0031324,GO:0031326,GO:0031327,GO:0031554,GO:0032501,GO:0032502,GO:0032553,GO:0032555,GO:0032559,GO:0034336,GO:0034641,GO:0035639,GO:0036094,GO:0042221,GO:0043167,GO:0043168,GO:0043169,GO:0043170,GO:0043226,GO:0043227,GO:0043229,GO:0043231,GO:0043242,GO:0043244,GO:0043412,GO:0044237,GO:0044238,GO:0044424,GO:0044444,GO:0044464,GO:0045892,GO:0045934,GO:0046483,GO:0046872,GO:0046914,GO:0048519,GO:0048523,GO:0048856,GO:0050789,GO:0050794,GO:0050896,GO:0051128,GO:0051129,GO:0051171,GO:0051172,GO:0051252,GO:0051253,GO:0060255,GO:0060567,GO:0065007,GO:0071704,GO:0080090,GO:0090304,GO:0090351,GO:0097159,GO:0097367,GO:1900864,GO:1901265,GO:1901360,GO:1901363,GO:1901700,GO:1902679,GO:1903506,GO:1903507,GO:2000112,GO:2000113,GO:2001141","","","A","RNA recognition motif"
"LOC101259392","OG0005441",-1.0062025657619,0.0140140611104266,"4081.Solyc11g006490.1.1","","","","S","basic region leucin zipper"
"EXPB2","OG0005152",-2.42234919707256,0.0140246775323234,"4081.Solyc03g093390.2.1","","ko:K20628","","S","Belongs to the expansin family"
"LOC101261742","OG0000525",-1.41851601976086,0.0140246775323234,"4081.Solyc09g065430.2.1","","","","O","Plant lipid transfer protein / seed storage protein / trypsin-alpha amylase inhibitor domain family"
"LOC101245637","OG0011340",-1.12932132245867,0.0141179760664991,"4081.Solyc04g015600.2.1","GO:0005575,GO:0005623,GO:0005886,GO:0016020,GO:0044464,GO:0071944","","","T","Leucine-rich repeat receptor-like tyrosine-protein kinase At2g41820"
"LOC101248565","OG0003403",1.045560229547,0.0142853955536875,"4113.PGSC0003DMT400063241","GO:0003674,GO:0003824,GO:0004672,GO:0005575,GO:0005622,GO:0005623,GO:0005737,GO:0006464,GO:0006468,GO:0006793,GO:0006796,GO:0006807,GO:0007154,GO:0007165,GO:0008150,GO:0008152,GO:0009987,GO:0016301,GO:0016310,GO:0016740,GO:0016772,GO:0016773,GO:0019538,GO:0023052,GO:0035556,GO:0036211,GO:0043170,GO:0043412,GO:0044237,GO:0044238,GO:0044260,GO:0044267,GO:0044424,GO:0044464,GO:0050789,GO:0050794,GO:0050896,GO:0051716,GO:0065007,GO:0071704,GO:0140096,GO:1901564","","","T","Serine threonine-protein kinase"
"LOC101249694","OG0001616",2.68413027127948,0.0143550158929429,"4081.Solyc02g090490.2.1","GO:0003674,GO:0003824,GO:0004620,GO:0005575,GO:0005622,GO:0005623,GO:0005737,GO:0016020,GO:0016298,GO:0016787,GO:0016788,GO:0044424,GO:0044464,GO:0047372,GO:0052689","","","G","Lipolytic acyl hydrolase (LAH)"
"LOC101263542","OG0003964",1.58368480399982,0.0143550158929429,"4081.Solyc01g079260.2.1","GO:0003674,GO:0003700,GO:0006355,GO:0008150,GO:0009605,GO:0009607,GO:0009624,GO:0009719,GO:0009725,GO:0009733,GO:0009889,GO:0010033,GO:0010468,GO:0010556,GO:0019219,GO:0019222,GO:0031323,GO:0031326,GO:0042221,GO:0043207,GO:0050789,GO:0050794,GO:0050896,GO:0051171,GO:0051252,GO:0051704,GO:0051707,GO:0060255,GO:0065007,GO:0080090,GO:0140110,GO:1903506,GO:2000112,GO:2001141","","","K","WRKY transcription factor"
"LOC101266668","OG0009829",-1.34739233413425,0.0146074124850991,"4081.Solyc09g075350.2.1","GO:0003674,GO:0003824,GO:0004857,GO:0005575,GO:0005623,GO:0006950,GO:0006952,GO:0008150,GO:0009605,GO:0009607,GO:0009617,GO:0016787,GO:0016788,GO:0030234,GO:0030599,GO:0042742,GO:0043086,GO:0043207,GO:0044092,GO:0044464,GO:0046910,GO:0050790,GO:0050829,GO:0050896,GO:0051704,GO:0051707,GO:0052689,GO:0065007,GO:0065009,GO:0071944,GO:0098542,GO:0098772","ko:K01051","ko00040,ko01100,map00040,map01100","G","Plant invertase/pectin methylesterase inhibitor"
"LOC101243873","OG0014415",2.77418861898493,0.0146382621555855,"4081.Solyc03g117050.2.1","GO:0003674,GO:0005215,GO:0005575,GO:0005623,GO:0005886,GO:0005887,GO:0006810,GO:0006811,GO:0006820,GO:0006855,GO:0007154,GO:0008150,GO:0008509,GO:0008643,GO:0009605,GO:0009987,GO:0009991,GO:0010036,GO:0015075,GO:0015103,GO:0015144,GO:0015166,GO:0015168,GO:0015204,GO:0015238,GO:0015318,GO:0015698,GO:0015791,GO:0015793,GO:0015840,GO:0015850,GO:0015893,GO:0016020,GO:0016021,GO:0019755,GO:0022804,GO:0022857,GO:0031224,GO:0031226,GO:0031667,GO:0031668,GO:0031669,GO:0034219,GO:0034220,GO:0035445,GO:0042221,GO:0042493,GO:0042886,GO:0042887,GO:0044425,GO:0044459,GO:0044464,GO:0046713,GO:0046715,GO:0050896,GO:0051179,GO:0051234,GO:0051716,GO:0055085,GO:0070887,GO:0071496,GO:0071702,GO:0071705,GO:0071918,GO:0071944,GO:0080029,GO:0098656,GO:0098660,GO:0098661,GO:1901618","ko:K09874","","P","Belongs to the MIP aquaporin (TC 1.A.8) family"
"LOC101263795",NA,1.76391801626887,0.0146707508279966,"4081.Solyc12g042980.1.1","","","","Q","2OG-Fe(II) oxygenase superfamily"
"U1.3",NA,-1.51874098319999,0.0146707508279966,NA,NA,NA,NA,NA,NA
"LOC101259818","OG0003205",-1.4011697500957,0.0146707508279966,"4081.Solyc03g083060.2.1","","ko:K10352","ko04530,map04530","",""
"CEL8","OG0006749",-1.38434108260589,0.0146707508279966,"4081.Solyc08g082250.2.1","","ko:K01179","ko00500,ko01100,map00500,map01100","G","Glycosyl hydrolase family 9"
"LOC101245657","OG0009907",1.01264273948877,0.0148649079004955,"4081.Solyc06g009330.2.1","","ko:K05389","","P","Potassium channel"
"LOC101266706",NA,-1.67995419575923,0.014927712531047,NA,NA,NA,NA,NA,NA
"LOC101262509",NA,-1.14209917429708,0.0150757229084162,"4081.Solyc04g054990.2.1","GO:0001101,GO:0005575,GO:0005622,GO:0005623,GO:0005737,GO:0005773,GO:0005774,GO:0005783,GO:0005886,GO:0006950,GO:0006970,GO:0008150,GO:0009266,GO:0009409,GO:0009414,GO:0009415,GO:0009507,GO:0009534,GO:0009535,GO:0009536,GO:0009579,GO:0009628,GO:0009651,GO:0010035,GO:0012505,GO:0016020,GO:0031090,GO:0031976,GO:0031984,GO:0034357,GO:0042221,GO:0042651,GO:0043226,GO:0043227,GO:0043229,GO:0043231,GO:0044422,GO:0044424,GO:0044434,GO:0044435,GO:0044436,GO:0044437,GO:0044444,GO:0044446,GO:0044464,GO:0050896,GO:0055035,GO:0071944,GO:0098588,GO:0098805,GO:1901700","","","S","Embryo-specific protein 3, (ATS3)"
"LOC101250465","OG0004281",-1.80216012980329,0.01539438883729,"4081.Solyc02g089250.2.1","","","","S","Pollen proteins Ole e I like"
"LOC101261288","OG0004638",-1.00497527260402,0.015446650758078,"4081.Solyc02g077710.1.1","","","","",""
"LOC101264199","OG0000296",3.22052920866094,0.0155496284464612,"4081.Solyc03g117270.1.1","","","","S","F-box protein At5g07610-like"
"LOC104646384",NA,2.04430377021326,0.0155547401178131,NA,NA,NA,NA,NA,NA
"LOC101251277","OG0000147",-1.73408424321651,0.0155583427879003,"4081.Solyc04g083140.1.1","GO:0003674,GO:0003824,GO:0004497,GO:0005575,GO:0008150,GO:0008152,GO:0009058,GO:0016020,GO:0016491,GO:0016705,GO:0016709,GO:0019748,GO:0044550,GO:0055114","ko:K00512,ko:K07418,ko:K15472","ko00140,ko00590,ko00591,ko00909,ko01100,ko01110,ko04212,ko04726,ko04750,ko04913,ko04917,ko04927,ko04934,map00140,map00590,map00591,map00909,map01100,map01110,map04212,map04726,map04750,map04913,map04917,map04927,map04934","Q","Belongs to the cytochrome P450 family"
"LOC101267579","OG0006249",1.08334845975069,0.0155583427879003,"4081.Solyc11g073080.1.1;4098.XP_009627872.1","GO:0000166,GO:0003674,GO:0003676,GO:0003677,GO:0005488,GO:0005515,GO:0005575,GO:0005622,GO:0005623,GO:0005634,GO:0005694,GO:0008150,GO:0008327,GO:0009628,GO:0009893,GO:0010369,GO:0010604,GO:0019219,GO:0019222,GO:0019899,GO:0031323,GO:0031325,GO:0036094,GO:0043226,GO:0043227,GO:0043228,GO:0043229,GO:0043231,GO:0043232,GO:0043565,GO:0044422,GO:0044424,GO:0044427,GO:0044446,GO:0044464,GO:0045935,GO:0048518,GO:0048522,GO:0050789,GO:0050794,GO:0050896,GO:0051052,GO:0051054,GO:0051171,GO:0051173,GO:0060255,GO:0065007,GO:0080090,GO:0080167,GO:0097159,GO:0098687,GO:1901265,GO:1901363,GO:1901535,GO:1901537","","","BK","Methyl-CpG binding domain"
"LOC101245896","OG0000162",3.56583110195086,0.0156225356760672,"4081.Solyc10g051020.1.1","","ko:K07428,ko:K10717,ko:K20660","ko00908,ko01100,ko01110,ko04726,map00908,map01100,map01110,map04726","Q","Belongs to the cytochrome P450 family"
"LOC101266893","OG0001027",2.08335082401661,0.0156446759974875,"4081.Solyc11g010410.1.1","","","","Q","2OG-Fe(II) oxygenase superfamily"
"LOC101267915","OG0014202",-1.33479158262137,0.0160759999422443,"4081.Solyc08g067300.1.1","GO:0003674,GO:0003824,GO:0004842,GO:0006464,GO:0006508,GO:0006511,GO:0006807,GO:0008150,GO:0008152,GO:0009056,GO:0009057,GO:0009987,GO:0010498,GO:0016567,GO:0016740,GO:0019538,GO:0019787,GO:0019941,GO:0030163,GO:0031146,GO:0032446,GO:0036211,GO:0043161,GO:0043170,GO:0043412,GO:0043632,GO:0044237,GO:0044238,GO:0044248,GO:0044257,GO:0044260,GO:0044265,GO:0044267,GO:0051603,GO:0070647,GO:0071704,GO:0140096,GO:1901564,GO:1901565,GO:1901575","","","S","A Receptor for Ubiquitination Targets"
"LOC101246796","OG0002197",-1.52775595014376,0.0160888939613582,"4081.Solyc12g005790.1.1","","ko:K00430","ko00940,ko01100,ko01110,map00940,map01100,map01110","Q","Belongs to the peroxidase family. Classical plant (class III) peroxidase subfamily"
"LOC101250098","OG0001483",-1.29881759578727,0.0160888939613582,"4081.Solyc12g087860.1.1","","ko:K10664","","O","RING-H2 finger protein"
"LOC544313","OG0008271",1.26418358543835,0.0160888939613582,"4081.Solyc03g098240.2.1","GO:0005575,GO:0005911,GO:0009506,GO:0030054,GO:0055044","ko:K01580","ko00250,ko00410,ko00430,ko00650,ko01100,ko01110,ko01120,ko02024,ko04727,ko04940,map00250,map00410,map00430,map00650,map01100,map01110,map01120,map02024,map04727,map04940","E","Glutamate decarboxylase"
"LOC101259210","OG0012367",1.30274727408663,0.0161698808918171,"4081.Solyc02g077840.1.1","GO:0000160,GO:0003674,GO:0003700,GO:0006355,GO:0007154,GO:0007165,GO:0008150,GO:0009719,GO:0009723,GO:0009725,GO:0009755,GO:0009873,GO:0009889,GO:0009987,GO:0010033,GO:0010468,GO:0010556,GO:0019219,GO:0019222,GO:0023052,GO:0031323,GO:0031326,GO:0032870,GO:0035556,GO:0042221,GO:0050789,GO:0050794,GO:0050896,GO:0051171,GO:0051252,GO:0051716,GO:0060255,GO:0065007,GO:0070887,GO:0071310,GO:0071369,GO:0071495,GO:0080090,GO:0140110,GO:1903506,GO:2000112,GO:2001141","","","K","DNA-binding domain in plant proteins such as APETALA2 and EREBPs"
"LOC101246812","OG0001639",2.92248510261134,0.0162320885239713,"4081.Solyc03g116890.2.1","","","","K","WRKY transcription factor"
"LOC101259290","OG0006577",-2.11191977147066,0.0162320885239713,"4081.Solyc01g098720.2.1","","","","K","helix loop helix domain"
"LOC101255625","OG0000578",1.14708599684226,0.0162320885239713,"4081.Solyc01g080020.2.1","GO:0003674,GO:0003824,GO:0004175,GO:0004190,GO:0005488,GO:0005515,GO:0006508,GO:0006807,GO:0008150,GO:0008152,GO:0008233,GO:0009056,GO:0009057,GO:0016787,GO:0019538,GO:0030163,GO:0042802,GO:0043170,GO:0044238,GO:0070001,GO:0070011,GO:0071704,GO:0140096,GO:1901564,GO:1901565,GO:1901575","","","O","Xylanase inhibitor C-terminal"
"LOC101261343","OG0005431",-1.13167062946854,0.0162320885239713,"4081.Solyc07g065880.2.1","","ko:K10406","","Z","Belongs to the TRAFAC class myosin-kinesin ATPase superfamily. Kinesin family"
"LOC101255806","OG0002770",-1.06959059972676,0.0163926685389573,"4081.Solyc07g008560.2.1","GO:0003674,GO:0003824,GO:0003993,GO:0006793,GO:0006796,GO:0008150,GO:0008152,GO:0009987,GO:0016311,GO:0016787,GO:0016788,GO:0016791,GO:0042578,GO:0044237","ko:K22390","","G","Iron/zinc purple acid phosphatase-like protein C"
"LOC101266865","OG0014836",1.5757756903269,0.0164366542454908,"4081.Solyc09g065770.1.1","GO:0000813,GO:0005575,GO:0005622,GO:0005623,GO:0005737,GO:0005768,GO:0010008,GO:0012505,GO:0016020,GO:0031090,GO:0031410,GO:0031982,GO:0032991,GO:0036452,GO:0043226,GO:0043227,GO:0043229,GO:0044422,GO:0044424,GO:0044425,GO:0044433,GO:0044440,GO:0044444,GO:0044446,GO:0044464,GO:0097708,GO:0098588,GO:0098796,GO:0098805","ko:K12183","ko04144,map04144","U","UEV domain"
"LOC101246680","OG0014151",1.12782025373193,0.016460203709453,"4081.Solyc02g093020.2.1","","","","S","Plant protein of unknown function"
"LOC101247798",NA,1.49737319357745,0.0164712560477482,NA,NA,NA,NA,NA,NA
"PLDa2","OG0002395",1.01218173574074,0.0165913447573709,"4081.Solyc08g066790.2.1","","ko:K01115","ko00564,ko00565,ko01100,ko01110,ko04014,ko04024,ko04071,ko04072,ko04144,ko04666,ko04724,ko04912,ko05231,map00564,map00565,map01100,map01110,map04014,map04024,map04071,map04072,map04144,map04666,map04724,map04912,map05231","I","Hydrolyzes glycerol-phospholipids at the terminal phosphodiesteric bond"
"LOC101260872","OG0018108",1.30985938820694,0.0166043433514825,"102107.XP_008244671.1","","ko:K06689","ko04013,ko04120,ko04141,ko04624,map04013,map04120,map04141,map04624","O","Belongs to the ubiquitin-conjugating enzyme family"
"MT2","OG0001895",1.0304649898598,0.0167693526226004,"4096.XP_009763442.1","","","","S","Metallothionein-like protein type 2"
"LOC101256601","OG0002403",-1.07209858966873,0.0172148748514496,"4081.Solyc06g083080.2.1","","","","",""
"LOC101250654","OG0001261",1.73301500817525,0.0172594814710747,"4113.PGSC0003DMT400031457","","","","S","BEST Arabidopsis thaliana protein match is"
"LOC101266043","OG0010343",-1.53812254642469,0.0172594814710747,"4081.Solyc07g054170.2.1","GO:0005575,GO:0005618,GO:0005623,GO:0005911,GO:0006949,GO:0008150,GO:0009506,GO:0009653,GO:0009987,GO:0016020,GO:0030054,GO:0030312,GO:0032502,GO:0044464,GO:0048646,GO:0048856,GO:0055044,GO:0071944","ko:K20628","","S","Belongs to the expansin family"
"LOC101256961","OG0002296",1.27492448059501,0.0172594814710747,"4081.Solyc03g115370.2.1","GO:0003674,GO:0005488,GO:0005509,GO:0043167,GO:0043169,GO:0046872","ko:K00901","ko00561,ko00564,ko01100,ko01110,ko04070,ko04072,ko05231,map00561,map00564,map01100,map01110,map04070,map04072,map05231","IT","Diacylglycerol kinase"
"LOC543878","OG0000922",-1.00932457279516,0.0172840176089842,"4081.Solyc08g080670.1.1","GO:0002376,GO:0005575,GO:0005622,GO:0005623,GO:0005737,GO:0006950,GO:0006952,GO:0006955,GO:0006970,GO:0008150,GO:0009605,GO:0009607,GO:0009617,GO:0009620,GO:0009628,GO:0009651,GO:0009814,GO:0009816,GO:0009817,GO:0042742,GO:0043207,GO:0044424,GO:0044464,GO:0045087,GO:0050832,GO:0050896,GO:0051704,GO:0051707,GO:0098542","","","O","Osmotin-like protein"
"LOC101267241","OG0004269",-1.64970496149438,0.017874642305837,"4081.Solyc06g050800.2.1","GO:0003333,GO:0003674,GO:0005215,GO:0005342,GO:0005575,GO:0005622,GO:0005623,GO:0005737,GO:0005773,GO:0005774,GO:0006810,GO:0006811,GO:0006820,GO:0006865,GO:0008150,GO:0008509,GO:0008514,GO:0015075,GO:0015171,GO:0015318,GO:0015711,GO:0015849,GO:0016020,GO:0022857,GO:0031090,GO:0034220,GO:0043226,GO:0043227,GO:0043229,GO:0043231,GO:0044422,GO:0044424,GO:0044437,GO:0044444,GO:0044446,GO:0044464,GO:0046942,GO:0046943,GO:0051179,GO:0051234,GO:0055085,GO:0071702,GO:0071705,GO:0098588,GO:0098656,GO:0098805,GO:1903825,GO:1905039","ko:K14993,ko:K14997","","E","Amino acid transporter"
"LOC101262603","OG0008670",-1.09091575075295,0.0179113588550034,"4081.Solyc12g098360.1.1","","","","H","Arginine methyltransferase involved in the assembly or stability of mitochondrial NADH ubiquinone oxidoreductase complex (complex I)"
"ABCG12","OG0001384",1.29211002782442,0.0179145104528462,"4096.XP_009760682.1","GO:0000003,GO:0001101,GO:0003002,GO:0003006,GO:0003674,GO:0003824,GO:0005215,GO:0005319,GO:0005342,GO:0005488,GO:0005515,GO:0005575,GO:0005623,GO:0005886,GO:0006810,GO:0006811,GO:0006820,GO:0006869,GO:0006950,GO:0006970,GO:0007275,GO:0007389,GO:0008028,GO:0008150,GO:0008509,GO:0008514,GO:0009611,GO:0009628,GO:0009651,GO:0009653,GO:0009719,GO:0009725,GO:0009737,GO:0009790,GO:0009791,GO:0009793,GO:0009897,GO:0009965,GO:0009986,GO:0010016,GO:0010033,GO:0010051,GO:0010154,GO:0010222,GO:0010588,GO:0010876,GO:0015075,GO:0015245,GO:0015318,GO:0015399,GO:0015405,GO:0015711,GO:0015718,GO:0015849,GO:0015908,GO:0016020,GO:0016021,GO:0016462,GO:0016787,GO:0016817,GO:0016818,GO:0016887,GO:0017111,GO:0022414,GO:0022804,GO:0022857,GO:0031224,GO:0032501,GO:0032502,GO:0033036,GO:0033993,GO:0034220,GO:0042221,GO:0042623,GO:0042626,GO:0042802,GO:0042803,GO:0043492,GO:0044425,GO:0044459,GO:0044464,GO:0046942,GO:0046943,GO:0046983,GO:0048316,GO:0048366,GO:0048367,GO:0048598,GO:0048608,GO:0048731,GO:0048825,GO:0048826,GO:0048827,GO:0048856,GO:0050896,GO:0051179,GO:0051234,GO:0055085,GO:0061458,GO:0071702,GO:0071944,GO:0080051,GO:0090698,GO:0097305,GO:0098552,GO:0098656,GO:0099402,GO:1901700,GO:1903825,GO:1905039,GO:1905392","","","Q","ABC transporter G family member 11-like"
"LOC101265627","OG0001899",-1.16025019535887,0.0181153428501627,"4081.Solyc03g118370.2.1","GO:0003674,GO:0003824,GO:0004180,GO:0004185,GO:0005575,GO:0005618,GO:0005623,GO:0005911,GO:0006508,GO:0006807,GO:0008150,GO:0008152,GO:0008233,GO:0008236,GO:0008238,GO:0009056,GO:0009057,GO:0009505,GO:0009506,GO:0009987,GO:0016787,GO:0017171,GO:0019538,GO:0030054,GO:0030163,GO:0030312,GO:0043170,GO:0044237,GO:0044238,GO:0044248,GO:0044257,GO:0044260,GO:0044265,GO:0044267,GO:0044464,GO:0051603,GO:0055044,GO:0070008,GO:0070011,GO:0071704,GO:0071944,GO:0140096,GO:1901564,GO:1901565,GO:1901575","ko:K16297","","O","Belongs to the peptidase S10 family"
"LOC101264780","OG0008179",4.05675548499271,0.0182150873531136,"4081.Solyc02g081360.2.1","GO:0003674,GO:0003824,GO:0005575,GO:0005622,GO:0005623,GO:0005737,GO:0005777,GO:0006082,GO:0006629,GO:0006631,GO:0006790,GO:0006807,GO:0008150,GO:0008152,GO:0009058,GO:0009987,GO:0016143,GO:0016144,GO:0016405,GO:0016874,GO:0016877,GO:0016878,GO:0018858,GO:0019605,GO:0019748,GO:0019752,GO:0019757,GO:0019758,GO:0019760,GO:0019761,GO:0032787,GO:0042579,GO:0043226,GO:0043227,GO:0043229,GO:0043231,GO:0043436,GO:0044237,GO:0044238,GO:0044249,GO:0044255,GO:0044272,GO:0044281,GO:0044424,GO:0044444,GO:0044464,GO:0044550,GO:0046459,GO:0047760,GO:0071704,GO:1901135,GO:1901137,GO:1901564,GO:1901566,GO:1901576,GO:1901657,GO:1901659","","","I","butyrate--CoA ligase AAE11, peroxisomal-like"
"LOC101249445","OG0011873",1.73574405838824,0.018297963877288,"4081.Solyc12g094640.1.1","","ko:K05298","ko00710,ko01100,ko01120,ko01200,map00710,map01100,map01120,map01200","G","Glyceraldehyde-3-phosphate dehydrogenase B"
"LOC101262919","OG0013488",-1.63448566777341,0.0183042616163752,"4081.Solyc05g047530.2.1","","ko:K00487","ko00130,ko00360,ko00940,ko00941,ko00945,ko01100,ko01110,ko01220,map00130,map00360,map00940,map00941,map00945,map01100,map01110,map01220","Q","Cytochrome p450"
"LOC101256762","OG0005796",2.10917727466061,0.0186602290152302,"4081.Solyc04g015070.2.1","GO:0003674,GO:0005096,GO:0005488,GO:0005543,GO:0005575,GO:0005622,GO:0005623,GO:0005634,GO:0005737,GO:0005773,GO:0005886,GO:0007275,GO:0008047,GO:0008150,GO:0008289,GO:0009555,GO:0009787,GO:0009789,GO:0009966,GO:0009967,GO:0010646,GO:0010647,GO:0016020,GO:0023051,GO:0023056,GO:0030234,GO:0030695,GO:0032501,GO:0032502,GO:0043085,GO:0043087,GO:0043167,GO:0043168,GO:0043226,GO:0043227,GO:0043229,GO:0043231,GO:0043547,GO:0044093,GO:0044424,GO:0044444,GO:0044464,GO:0048229,GO:0048518,GO:0048522,GO:0048583,GO:0048584,GO:0048856,GO:0050789,GO:0050790,GO:0050794,GO:0051336,GO:0051345,GO:0060589,GO:0065007,GO:0065009,GO:0071944,GO:0098772,GO:1901419,GO:1901421,GO:1905957,GO:1905959","","","S","Protein kinase C conserved region 2 (CalB)"
"LOC101254734","OG0010123",1.45130550573914,0.0186602290152302,"4081.Solyc01g096050.2.1","GO:0001067,GO:0001101,GO:0003674,GO:0003676,GO:0003677,GO:0003700,GO:0005488,GO:0005575,GO:0005622,GO:0005623,GO:0005634,GO:0005737,GO:0006355,GO:0006950,GO:0008150,GO:0009611,GO:0009719,GO:0009725,GO:0009737,GO:0009889,GO:0009892,GO:0010033,GO:0010468,GO:0010556,GO:0010605,GO:0010629,GO:0019219,GO:0019222,GO:0031323,GO:0031326,GO:0033993,GO:0042221,GO:0043226,GO:0043227,GO:0043229,GO:0043231,GO:0044212,GO:0044424,GO:0044464,GO:0048519,GO:0050789,GO:0050794,GO:0050896,GO:0051171,GO:0051252,GO:0060255,GO:0065007,GO:0080090,GO:0097159,GO:0097305,GO:0140110,GO:1901363,GO:1901700,GO:1903506,GO:2000112,GO:2001141","","","K","Transcription factor bHLH13-like"
"LOC101254105","OG0003510",1.10071614774175,0.0186602290152302,"4081.Solyc06g071620.2.1","GO:0005575,GO:0005911,GO:0009506,GO:0030054,GO:0055044","ko:K12854","ko03040,map03040","A","U5 small nuclear ribonucleoprotein 200 kDa"
"LOC101243897",NA,-1.90498466808081,0.0187973860238033,"4081.Solyc06g053380.2.1","","ko:K01183","ko00520,ko01100,map00520,map01100","S","chitinase"
"LOC101245593","OG0000779",1.91255105280898,0.0188991185723476,"4081.Solyc01g104820.2.1","","","","S","VIT family"
"LOC101263636","OG0011188",-1.78020234195026,0.0192352959120844,"4081.Solyc01g005010.2.1","","","","",""
"WRKY3",NA,1.24520594316448,0.019261419816169,"4081.Solyc02g088340.2.1","","","","K","WRKY transcription factor 3"
"LOC101251136","OG0004162",4.72220594541781,0.0194461236485358,"4081.Solyc10g074440.1.1","","ko:K01183,ko:K20547","ko00520,ko01100,ko04016,map00520,map01100,map04016","O","endochitinase"
"TPRP-F1",NA,-1.21227411924849,0.0194461236485358,"4113.PGSC0003DMT400035207","","","","S","Hydrophobic seed protein"
"LOC101249663","OG0001542",1.08366617333301,0.0194461236485358,"4081.Solyc07g062130.2.1","GO:0003674,GO:0003824,GO:0005575,GO:0005622,GO:0005623,GO:0005737,GO:0005829,GO:0005911,GO:0006139,GO:0006725,GO:0006793,GO:0006807,GO:0006810,GO:0008150,GO:0008152,GO:0009058,GO:0009225,GO:0009226,GO:0009506,GO:0009812,GO:0009813,GO:0009914,GO:0009966,GO:0009987,GO:0010253,GO:0010280,GO:0010315,GO:0010646,GO:0010817,GO:0010928,GO:0016829,GO:0016835,GO:0016836,GO:0018130,GO:0019438,GO:0023051,GO:0030054,GO:0030154,GO:0032502,GO:0033478,GO:0034641,GO:0034654,GO:0042127,GO:0042440,GO:0044237,GO:0044238,GO:0044249,GO:0044271,GO:0044281,GO:0044424,GO:0044444,GO:0044464,GO:0046148,GO:0046483,GO:0048583,GO:0048869,GO:0050377,GO:0050789,GO:0050794,GO:0051179,GO:0051234,GO:0051552,GO:0051553,GO:0051554,GO:0051555,GO:0055044,GO:0055086,GO:0060918,GO:0065007,GO:0065008,GO:0071704,GO:1901135,GO:1901137,GO:1901360,GO:1901362,GO:1901576,GO:1901615,GO:1901617","ko:K12450","ko00520,map00520","G","RmlD substrate binding domain"
"LOC101252896","OG0011557",-1.41500102279961,0.0198919688146684,"4081.Solyc06g082190.2.1","GO:0003674,GO:0003824,GO:0004672,GO:0004674,GO:0005575,GO:0005622,GO:0005623,GO:0005737,GO:0005829,GO:0006464,GO:0006468,GO:0006793,GO:0006796,GO:0006807,GO:0007154,GO:0007165,GO:0008150,GO:0008152,GO:0009987,GO:0016301,GO:0016310,GO:0016740,GO:0016772,GO:0016773,GO:0019538,GO:0023052,GO:0035556,GO:0036211,GO:0043170,GO:0043412,GO:0044237,GO:0044238,GO:0044260,GO:0044267,GO:0044424,GO:0044444,GO:0044464,GO:0050789,GO:0050794,GO:0050896,GO:0051716,GO:0065007,GO:0071704,GO:0140096,GO:1901564","","","T","LIM domain-containing serine threonine-protein kinase DDB_G0287001"
"LOC101253225","OG0010935",-1.10510877542354,0.0199258044468923,"4081.Solyc01g079880.2.1","","","","S","DUF3700"
"LOC101247696","OG0001261",-1.12365283512527,0.0200473704467778,"4081.Solyc03g006010.2.1","","","","S","BEST Arabidopsis thaliana protein match is"
"LOC101248706","OG0000598",1.25083329251031,0.0202319601489542,"4081.Solyc01g057770.2.1","GO:0003674,GO:0005215,GO:0005575,GO:0005622,GO:0005623,GO:0005737,GO:0005768,GO:0005773,GO:0005886,GO:0005887,GO:0006810,GO:0006811,GO:0006820,GO:0006873,GO:0006885,GO:0007275,GO:0008150,GO:0008509,GO:0009987,GO:0010036,GO:0012505,GO:0015075,GO:0016020,GO:0016021,GO:0019725,GO:0022622,GO:0022857,GO:0030003,GO:0030004,GO:0030641,GO:0031224,GO:0031226,GO:0031410,GO:0031982,GO:0032501,GO:0032502,GO:0034220,GO:0042221,GO:0042592,GO:0043226,GO:0043227,GO:0043229,GO:0043231,GO:0044424,GO:0044425,GO:0044444,GO:0044459,GO:0044464,GO:0048364,GO:0048731,GO:0048856,GO:0048878,GO:0050801,GO:0050896,GO:0051179,GO:0051234,GO:0051453,GO:0055067,GO:0055080,GO:0055082,GO:0055085,GO:0065007,GO:0065008,GO:0071944,GO:0097708,GO:0098656,GO:0098771,GO:0099402","","","P","HCO3- transporter family"
"PIP1-7","OG0006189",-1.83345863249234,0.0203048076340576,"4081.Solyc03g096290.2.1","GO:0003674,GO:0005215,GO:0005372,GO:0005575,GO:0005622,GO:0005623,GO:0005737,GO:0005829,GO:0005886,GO:0005887,GO:0006810,GO:0006811,GO:0006833,GO:0008150,GO:0009987,GO:0015250,GO:0015267,GO:0015318,GO:0016020,GO:0016021,GO:0016043,GO:0022607,GO:0022803,GO:0022838,GO:0022857,GO:0031224,GO:0031226,GO:0032991,GO:0034220,GO:0042044,GO:0043933,GO:0044085,GO:0044424,GO:0044425,GO:0044444,GO:0044459,GO:0044464,GO:0051179,GO:0051234,GO:0051259,GO:0051260,GO:0051262,GO:0051289,GO:0051290,GO:0051291,GO:0055085,GO:0065003,GO:0071840,GO:0071944","ko:K09872","","P","Belongs to the MIP aquaporin (TC 1.A.8) family"
"LOC101257434","OG0003845",-1.70823967581435,0.0203128857253799,"4081.Solyc02g065490.2.1","GO:0003674,GO:0003700,GO:0006355,GO:0007275,GO:0008150,GO:0009653,GO:0009889,GO:0009965,GO:0010016,GO:0010468,GO:0010556,GO:0019219,GO:0019222,GO:0031323,GO:0031326,GO:0032501,GO:0032502,GO:0048366,GO:0048367,GO:0048731,GO:0048827,GO:0048856,GO:0050789,GO:0050794,GO:0051171,GO:0051252,GO:0060255,GO:0065007,GO:0080090,GO:0099402,GO:0140110,GO:1903506,GO:1905392,GO:2000112,GO:2001141","","","K","homeodomain protein"
"LOC101257158","OG0009567",-1.22398425251814,0.0203506460123439,"4081.Solyc03g113900.2.1","GO:0000139,GO:0003674,GO:0003824,GO:0004553,GO:0004559,GO:0004571,GO:0005575,GO:0005622,GO:0005623,GO:0005737,GO:0005783,GO:0005794,GO:0006491,GO:0006508,GO:0006511,GO:0006807,GO:0006950,GO:0008150,GO:0008152,GO:0009056,GO:0009057,GO:0009100,GO:0009987,GO:0010033,GO:0010243,GO:0010498,GO:0012505,GO:0015923,GO:0015924,GO:0016020,GO:0016787,GO:0016798,GO:0019538,GO:0019941,GO:0030163,GO:0030433,GO:0031090,GO:0031984,GO:0033554,GO:0034976,GO:0036503,GO:0042221,GO:0043161,GO:0043170,GO:0043226,GO:0043227,GO:0043229,GO:0043231,GO:0043632,GO:0044237,GO:0044238,GO:0044248,GO:0044257,GO:0044260,GO:0044265,GO:0044267,GO:0044422,GO:0044424,GO:0044431,GO:0044444,GO:0044446,GO:0044464,GO:0050896,GO:0051603,GO:0051716,GO:0071704,GO:0098588,GO:0098791,GO:1901135,GO:1901564,GO:1901565,GO:1901575,GO:1901698","ko:K10084","ko04141,map04141","G","Belongs to the glycosyl hydrolase 47 family"
"GAME18","OG0001139",-1.55371832722416,0.0203856341863724,"4081.Solyc07g043500.1.1","","ko:K21354","","G","transferase activity, transferring hexosyl groups"
"LOC101252392","OG0002481",-1.89185903926818,0.0203857840696765,"4081.Solyc05g015880.2.1","GO:0005575,GO:0005622,GO:0005623,GO:0005634,GO:0005886,GO:0008150,GO:0010817,GO:0016020,GO:0032879,GO:0043226,GO:0043227,GO:0043229,GO:0043231,GO:0044424,GO:0044464,GO:0050789,GO:0051049,GO:0065007,GO:0065008,GO:0071944,GO:2000012","","","S","regulation of auxin polar transport"
"DCL2d","OG0001412",1.04937346878073,0.0204735159643568,"4081.Solyc11g008530.1.1","GO:0002252,GO:0002376,GO:0003674,GO:0003676,GO:0003723,GO:0003824,GO:0004518,GO:0004519,GO:0004521,GO:0004525,GO:0004540,GO:0005488,GO:0005575,GO:0005622,GO:0005623,GO:0005634,GO:0005737,GO:0006139,GO:0006259,GO:0006396,GO:0006725,GO:0006807,GO:0006950,GO:0006952,GO:0006955,GO:0008150,GO:0008152,GO:0009605,GO:0009607,GO:0009615,GO:0009616,GO:0009892,GO:0009987,GO:0010033,GO:0010216,GO:0010267,GO:0010467,GO:0010468,GO:0010605,GO:0010608,GO:0010629,GO:0014070,GO:0016070,GO:0016246,GO:0016441,GO:0016442,GO:0016458,GO:0016787,GO:0016788,GO:0016891,GO:0016893,GO:0019222,GO:0030422,GO:0031047,GO:0031050,GO:0031332,GO:0032296,GO:0032991,GO:0034641,GO:0035194,GO:0035821,GO:0040029,GO:0042221,GO:0043170,GO:0043207,GO:0043226,GO:0043227,GO:0043229,GO:0043231,GO:0043331,GO:0044003,GO:0044237,GO:0044238,GO:0044260,GO:0044403,GO:0044419,GO:0044424,GO:0044464,GO:0045087,GO:0046483,GO:0048519,GO:0050789,GO:0050896,GO:0051214,GO:0051607,GO:0051701,GO:0051704,GO:0051707,GO:0051716,GO:0051817,GO:0052018,GO:0052249,GO:0060255,GO:0065007,GO:0070887,GO:0070918,GO:0071310,GO:0071359,GO:0071407,GO:0071704,GO:0090304,GO:0090305,GO:0090501,GO:0090502,GO:0097159,GO:0098542,GO:0098586,GO:0140098,GO:1901360,GO:1901363,GO:1901698,GO:1901699,GO:1990904","ko:K11592","ko05206,map05206","A","Ribonuclease III domain"
"LOC101253040","OG0005002",1.10889952138305,0.0205225467761212,"4081.Solyc02g092750.2.1","","ko:K01102","","T","Sigma factor PP2C-like phosphatases"
"LOC101250009","OG0000128",1.06569256758711,0.0205225467761212,"4081.Solyc04g009860.2.1","","","","Q","Belongs to the iron ascorbate-dependent oxidoreductase family"
"LOC101253198","OG0005630",1.08261893516113,0.0205476627330547,"4081.Solyc06g063060.2.1","","","","S","Dormancy/auxin associated protein"
"LOC101245871","OG0013413",-1.12113258931965,0.0205519587527591,"4113.PGSC0003DMT400086906","GO:0005575,GO:0005622,GO:0005623,GO:0005737,GO:0006996,GO:0008150,GO:0009507,GO:0009526,GO:0009536,GO:0009657,GO:0009658,GO:0009941,GO:0009987,GO:0016043,GO:0031967,GO:0031975,GO:0043226,GO:0043227,GO:0043229,GO:0043231,GO:0044422,GO:0044424,GO:0044434,GO:0044435,GO:0044444,GO:0044446,GO:0044464,GO:0071840","","","S","Tetratricopeptide repeat"
"LOC101254582","OG0000397",1.15499542528266,0.0206495758478802,"4081.Solyc03g117680.2.1","","","","",""
"SLJAZ3","OG0001524",2.75814718761189,0.0208940506072539,"4081.Solyc03g122190.2.1","GO:0001101,GO:0003674,GO:0003712,GO:0003714,GO:0005575,GO:0005622,GO:0005623,GO:0005634,GO:0006950,GO:0008150,GO:0009611,GO:0009719,GO:0009725,GO:0009753,GO:0009889,GO:0009890,GO:0009892,GO:0009966,GO:0010033,GO:0010556,GO:0010558,GO:0010605,GO:0010646,GO:0019219,GO:0019222,GO:0023051,GO:0031323,GO:0031324,GO:0031326,GO:0031327,GO:0031347,GO:0042221,GO:0043226,GO:0043227,GO:0043229,GO:0043231,GO:0044424,GO:0044464,GO:0045934,GO:0048519,GO:0048523,GO:0048583,GO:0050789,GO:0050794,GO:0050896,GO:0051171,GO:0051172,GO:0051252,GO:0051253,GO:0060255,GO:0065007,GO:0080090,GO:0080134,GO:0140110,GO:1901700,GO:1902679,GO:1903506,GO:1903507,GO:2000022,GO:2001141","ko:K13464","ko04075,map04075","S","Divergent CCT motif"
"LOC101263549","OG0009318",-1.21097425466278,0.0209889635239317,"4081.Solyc10g009480.2.1","GO:0000293,GO:0003674,GO:0003824,GO:0008150,GO:0008152,GO:0016491,GO:0016722,GO:0016723,GO:0055114","","","T","Cytochrome b561 and DOMON domain-containing protein At3g61750-like"
"LOC101260391","OG0005614",1.14818713228625,0.0209889635239317,"4081.Solyc02g083850.2.1","GO:0001101,GO:0002831,GO:0002832,GO:0003674,GO:0003824,GO:0004672,GO:0004674,GO:0004683,GO:0004721,GO:0004722,GO:0005488,GO:0005515,GO:0005516,GO:0005575,GO:0005622,GO:0005623,GO:0005634,GO:0005737,GO:0005886,GO:0006464,GO:0006468,GO:0006470,GO:0006793,GO:0006796,GO:0006807,GO:0006950,GO:0006952,GO:0007154,GO:0007165,GO:0008150,GO:0008152,GO:0009605,GO:0009607,GO:0009620,GO:0009719,GO:0009725,GO:0009737,GO:0009738,GO:0009755,GO:0009931,GO:0009987,GO:0010033,GO:0010857,GO:0016020,GO:0016301,GO:0016310,GO:0016311,GO:0016740,GO:0016772,GO:0016773,GO:0016787,GO:0016788,GO:0016791,GO:0018105,GO:0018193,GO:0018209,GO:0019538,GO:0022603,GO:0023052,GO:0031347,GO:0031348,GO:0032101,GO:0032102,GO:0032870,GO:0033993,GO:0035556,GO:0036211,GO:0042221,GO:0042578,GO:0043170,GO:0043207,GO:0043226,GO:0043227,GO:0043229,GO:0043231,GO:0043412,GO:0043900,GO:0043901,GO:0044237,GO:0044238,GO:0044260,GO:0044267,GO:0044424,GO:0044464,GO:0046777,GO:0048519,GO:0048583,GO:0048585,GO:0048831,GO:0050789,GO:0050793,GO:0050794,GO:0050832,GO:0050896,GO:0051239,GO:0051704,GO:0051707,GO:0051716,GO:0060688,GO:0065007,GO:0070887,GO:0071215,GO:0071229,GO:0071310,GO:0071396,GO:0071495,GO:0071704,GO:0071944,GO:0080134,GO:0097305,GO:0097306,GO:0098542,GO:0140096,GO:1900424,GO:1900425,GO:1900618,GO:1901564,GO:1901700,GO:1901701,GO:1905428,GO:2000026,GO:2000032","ko:K13412","ko04626,ko05145,map04626,map05145","T","Calcium-dependent protein kinase"
"LOC101250569","OG0000273",2.47399316905142,0.0211728034717821,"4081.Solyc02g090980.1.1","GO:0000226,GO:0001932,GO:0001934,GO:0003674,GO:0003824,GO:0004672,GO:0004674,GO:0005575,GO:0005576,GO:0005622,GO:0005623,GO:0005737,GO:0005938,GO:0006464,GO:0006468,GO:0006793,GO:0006796,GO:0006807,GO:0006950,GO:0006996,GO:0007010,GO:0007017,GO:0007154,GO:0007165,GO:0007346,GO:0008150,GO:0008152,GO:0009653,GO:0009893,GO:0009987,GO:0010562,GO:0010604,GO:0016043,GO:0016301,GO:0016310,GO:0016740,GO:0016772,GO:0016773,GO:0019220,GO:0019222,GO:0019538,GO:0023014,GO:0023052,GO:0030587,GO:0030865,GO:0031098,GO:0031122,GO:0031323,GO:0031325,GO:0031399,GO:0031401,GO:0032147,GO:0032268,GO:0032270,GO:0032502,GO:0033554,GO:0033674,GO:0035556,GO:0036211,GO:0042325,GO:0042327,GO:0043085,GO:0043170,GO:0043412,GO:0043549,GO:0043622,GO:0044093,GO:0044237,GO:0044238,GO:0044260,GO:0044267,GO:0044424,GO:0044444,GO:0044464,GO:0045859,GO:0045860,GO:0045937,GO:0046777,GO:0048046,GO:0048518,GO:0048522,GO:0048856,GO:0050789,GO:0050790,GO:0050794,GO:0050896,GO:0051171,GO:0051173,GO:0051174,GO:0051246,GO:0051247,GO:0051338,GO:0051347,GO:0051703,GO:0051704,GO:0051716,GO:0051726,GO:0060255,GO:0065007,GO:0065009,GO:0071704,GO:0071840,GO:0071944,GO:0080090,GO:0090702,GO:0097435,GO:0099120,GO:0099568,GO:0140096,GO:1901564","","","T","Mitogen-activated protein kinase kinase kinase"
"LOC101247111","OG0000652",-1.12974813969843,0.0212258872341456,"4081.Solyc12g044420.1.1","","","","S","Cotton fibre expressed protein"
"AMT1-2","OG0003014",-1.30842902288447,0.021618263957708,"4081.Solyc04g050440.2.1","GO:0003674,GO:0005215,GO:0005575,GO:0005623,GO:0005886,GO:0005887,GO:0006810,GO:0006811,GO:0006812,GO:0008150,GO:0008324,GO:0008519,GO:0009605,GO:0009607,GO:0009624,GO:0015075,GO:0015695,GO:0015696,GO:0015837,GO:0015843,GO:0016020,GO:0016021,GO:0019755,GO:0022857,GO:0031224,GO:0031226,GO:0034220,GO:0043207,GO:0044425,GO:0044459,GO:0044464,GO:0050896,GO:0051179,GO:0051234,GO:0051704,GO:0051707,GO:0055085,GO:0071702,GO:0071705,GO:0071944,GO:0072488,GO:0098655","ko:K03320,ko:K07573","ko03018,map03018","P","Ammonium transporter"
"LOC101254060","OG0001869",-1.3717095490633,0.0218353356973117,"4081.Solyc11g069250.1.1","","","","S","Fasciclin-like arabinogalactan protein"
"LOC112941338","OG0030042",-1.29980391328917,0.0218353356973117,"4081.Solyc04g040130.1.1","GO:0003674,GO:0003824,GO:0004497,GO:0005575,GO:0005622,GO:0005623,GO:0005737,GO:0005783,GO:0005789,GO:0008150,GO:0008152,GO:0012505,GO:0016020,GO:0016021,GO:0016491,GO:0016705,GO:0016709,GO:0030176,GO:0031224,GO:0031227,GO:0031984,GO:0042175,GO:0043226,GO:0043227,GO:0043229,GO:0043231,GO:0044422,GO:0044424,GO:0044425,GO:0044432,GO:0044444,GO:0044446,GO:0044464,GO:0050183,GO:0055114,GO:0098827","ko:K10256,ko:K21704,ko:K21710,ko:K21736","ko01040,ko01212,map01040,map01212","I","acid desaturase"
"LOC101265986","OG0000625",1.34623520395581,0.0224422162854814,"4081.Solyc11g010380.1.1","GO:0003674,GO:0005215,GO:0006810,GO:0006855,GO:0008150,GO:0015238,GO:0015893,GO:0022857,GO:0042221,GO:0042493,GO:0050896,GO:0051179,GO:0051234,GO:0055085","ko:K03327","","V","MatE"
"LOC101268640","OG0005455",-1.21316507114667,0.0224422162854814,"4081.Solyc11g042820.1.1","GO:0005575,GO:0005623,GO:0005886,GO:0016020,GO:0044464,GO:0071944","ko:K14638","","E","POT family"
"LOC101249249","OG0000226",1.04416097699557,0.0224422162854814,"4113.PGSC0003DMT400028031","GO:0003674,GO:0004857,GO:0005575,GO:0005576,GO:0008150,GO:0009987,GO:0030234,GO:0043086,GO:0044092,GO:0046910,GO:0048046,GO:0050790,GO:0065007,GO:0065009,GO:0071554,GO:0071669,GO:0098772","","","S","Plant invertase/pectin methylesterase inhibitor"
"LOC101248628","OG0002408",1.93911994829608,0.0225202299884062,"4081.Solyc10g076660.1.1","GO:0003674,GO:0003824,GO:0005575,GO:0005622,GO:0005623,GO:0005737,GO:0005829,GO:0008150,GO:0009966,GO:0010646,GO:0016787,GO:0016810,GO:0023051,GO:0044424,GO:0044444,GO:0044464,GO:0048583,GO:0050789,GO:0050794,GO:0065007,GO:0120091,GO:2000022","","","Q","Belongs to the iron ascorbate-dependent oxidoreductase family"
"LOC101265208",NA,-1.17972062508854,0.0225868299776328,NA,NA,NA,NA,NA,NA
"LOC101252663","OG0001199",-2.06036580233872,0.0226367062008345,"4113.PGSC0003DMT400058172","","","","S","RING-type E3 ubiquitin transferase"
"LOC101259430",NA,2.24404564306875,0.0228613284444652,"4081.Solyc04g007000.1.1","GO:0000003,GO:0001067,GO:0003006,GO:0003674,GO:0003676,GO:0003677,GO:0003700,GO:0005488,GO:0005575,GO:0005622,GO:0005623,GO:0005634,GO:0006355,GO:0007275,GO:0008150,GO:0009314,GO:0009416,GO:0009628,GO:0009648,GO:0009719,GO:0009725,GO:0009741,GO:0009791,GO:0009889,GO:0009890,GO:0009892,GO:0009909,GO:0009910,GO:0010033,GO:0010228,GO:0010468,GO:0010556,GO:0010558,GO:0010605,GO:0010629,GO:0014070,GO:0019219,GO:0019222,GO:0022414,GO:0022622,GO:0031323,GO:0031324,GO:0031326,GO:0031327,GO:0032501,GO:0032502,GO:0033993,GO:0042221,GO:0043226,GO:0043227,GO:0043229,GO:0043231,GO:0043565,GO:0044212,GO:0044424,GO:0044464,GO:0045892,GO:0045934,GO:0048364,GO:0048366,GO:0048367,GO:0048519,GO:0048523,GO:0048527,GO:0048528,GO:0048573,GO:0048580,GO:0048581,GO:0048608,GO:0048731,GO:0048827,GO:0048831,GO:0048856,GO:0050789,GO:0050793,GO:0050794,GO:0050896,GO:0051093,GO:0051171,GO:0051172,GO:0051239,GO:0051241,GO:0051252,GO:0051253,GO:0060255,GO:0061458,GO:0065007,GO:0080090,GO:0090696,GO:0097159,GO:0099402,GO:0140110,GO:1901363,GO:1901700,GO:1902679,GO:1903506,GO:1903507,GO:2000026,GO:2000112,GO:2000113,GO:2000241,GO:2000242,GO:2001141","ko:K09287","","K","B3 DNA binding domain"
"LOC101264862","OG0011050",2.05659135888445,0.0228989985325677,"4081.Solyc01g097520.2.1","GO:0001101,GO:0003674,GO:0003676,GO:0003723,GO:0003729,GO:0005488,GO:0005575,GO:0005911,GO:0006950,GO:0006970,GO:0008150,GO:0009266,GO:0009408,GO:0009409,GO:0009414,GO:0009415,GO:0009506,GO:0009628,GO:0009651,GO:0009719,GO:0009725,GO:0009737,GO:0010033,GO:0010035,GO:0030054,GO:0033993,GO:0042221,GO:0050896,GO:0055044,GO:0097159,GO:0097305,GO:1901363,GO:1901700","ko:K17098","","U","Annexin D4-like"
"LOC101250536","OG0000451",1.21714887672666,0.0229464301832528,"4081.Solyc01g007990.2.1","GO:0000302,GO:0001101,GO:0003674,GO:0003824,GO:0004672,GO:0004674,GO:0005575,GO:0005623,GO:0005886,GO:0005911,GO:0006464,GO:0006468,GO:0006793,GO:0006796,GO:0006807,GO:0006950,GO:0006979,GO:0008150,GO:0008152,GO:0009506,GO:0009987,GO:0010035,GO:0010193,GO:0016020,GO:0016301,GO:0016310,GO:0016740,GO:0016772,GO:0016773,GO:0019538,GO:0030054,GO:0036211,GO:0042221,GO:0042493,GO:0043170,GO:0043412,GO:0044237,GO:0044238,GO:0044260,GO:0044267,GO:0044464,GO:0046677,GO:0046777,GO:0050896,GO:0055044,GO:0071704,GO:0071944,GO:0140096,GO:1901564,GO:1901700","","","T","Salt stress response/antifungal"
"LOC101262758","OG0007313",3.24915083049214,0.0231127176478741,"4113.PGSC0003DMT400010265","","ko:K14297","ko03013,ko05164,map03013,map05164","UY","Nucleoporin autopeptidase"
"LOC101246614","OG0005013",1.10136544355793,0.0231646944303449,"4081.Solyc01g010220.2.1","","","","S","gag-polypeptide of LTR copia-type"
"LOC101243889","OG0003074",-1.33840739338914,0.023509144294581,"4081.Solyc05g010010.1.1","","","","S","Protein of unknown function, DUF617"
"NML1","OG0002186",1.01456278425383,0.0237281834648985,"4081.Solyc02g069310.2.1","GO:0000151,GO:0002376,GO:0002682,GO:0002684,GO:0003674,GO:0005488,GO:0005515,GO:0005575,GO:0005622,GO:0005623,GO:0005634,GO:0005737,GO:0006508,GO:0006511,GO:0006807,GO:0006950,GO:0006952,GO:0006955,GO:0008144,GO:0008150,GO:0008152,GO:0009056,GO:0009057,GO:0009605,GO:0009607,GO:0009617,GO:0009620,GO:0009627,GO:0009814,GO:0009816,GO:0009817,GO:0009966,GO:0009987,GO:0010498,GO:0010646,GO:0019005,GO:0019222,GO:0019538,GO:0019899,GO:0019941,GO:0023051,GO:0030162,GO:0030163,GO:0031406,GO:0031461,GO:0031625,GO:0032991,GO:0033293,GO:0035821,GO:0036094,GO:0042562,GO:0042742,GO:0042802,GO:0043161,GO:0043167,GO:0043168,GO:0043170,GO:0043177,GO:0043207,GO:0043226,GO:0043227,GO:0043229,GO:0043231,GO:0043632,GO:0044003,GO:0044237,GO:0044238,GO:0044248,GO:0044257,GO:0044260,GO:0044265,GO:0044267,GO:0044389,GO:0044403,GO:0044419,GO:0044424,GO:0044464,GO:0045087,GO:0048518,GO:0048583,GO:0048584,GO:0050776,GO:0050778,GO:0050789,GO:0050794,GO:0050832,GO:0050896,GO:0051171,GO:0051246,GO:0051603,GO:0051701,GO:0051704,GO:0051707,GO:0051817,GO:0052031,GO:0052173,GO:0052200,GO:0052255,GO:0052552,GO:0052553,GO:0052555,GO:0052556,GO:0052558,GO:0052559,GO:0052564,GO:0052572,GO:0060255,GO:0065007,GO:0071704,GO:0075136,GO:0080090,GO:0080185,GO:0097159,GO:0098542,GO:1901149,GO:1901564,GO:1901565,GO:1901575,GO:1902494,GO:1990234,GO:2000022,GO:2000031,GO:2001023,GO:2001038","ko:K14508","ko04075,map04075","S","NPR1/NIM1 like defence protein C terminal"
"GAD3","OG0013947",-1.26252452049725,0.0239774854974423,"4081.Solyc01g005000.2.1","GO:0003674,GO:0003824,GO:0004351,GO:0005488,GO:0005515,GO:0005516,GO:0005575,GO:0005622,GO:0005623,GO:0005634,GO:0005737,GO:0005829,GO:0008150,GO:0010035,GO:0010038,GO:0016829,GO:0016830,GO:0016831,GO:0042221,GO:0043226,GO:0043227,GO:0043229,GO:0043231,GO:0044424,GO:0044444,GO:0044464,GO:0046686,GO:0050896","ko:K01580","ko00250,ko00410,ko00430,ko00650,ko01100,ko01110,ko01120,ko02024,ko04727,ko04940,map00250,map00410,map00430,map00650,map01100,map01110,map01120,map02024,map04727,map04940","E","Glutamate decarboxylase"
"LOC101266587","OG0003029",-1.02397126120526,0.0240058154630341,"4081.Solyc02g083540.2.1","GO:0003674,GO:0005215,GO:0005216,GO:0005261,GO:0005262,GO:0005575,GO:0005623,GO:0005886,GO:0005887,GO:0006810,GO:0006811,GO:0006812,GO:0006816,GO:0006950,GO:0006970,GO:0007154,GO:0007165,GO:0007231,GO:0007275,GO:0007610,GO:0007638,GO:0008150,GO:0008324,GO:0009605,GO:0009612,GO:0009628,GO:0009791,GO:0009987,GO:0015075,GO:0015085,GO:0015267,GO:0015318,GO:0016020,GO:0016021,GO:0022622,GO:0022803,GO:0022838,GO:0022857,GO:0022890,GO:0023052,GO:0030001,GO:0031224,GO:0031226,GO:0032501,GO:0032502,GO:0033500,GO:0033554,GO:0034220,GO:0042592,GO:0044425,GO:0044459,GO:0044464,GO:0046873,GO:0048364,GO:0048528,GO:0048731,GO:0048856,GO:0048878,GO:0050789,GO:0050794,GO:0050896,GO:0051179,GO:0051234,GO:0051716,GO:0055085,GO:0065007,GO:0065008,GO:0070588,GO:0070838,GO:0071214,GO:0071470,GO:0071944,GO:0072511,GO:0090696,GO:0098655,GO:0098660,GO:0098662,GO:0099402,GO:0104004","","","S","PLAC8 family"
"LOC101250269","OG0009853",-1.08460843443578,0.0242023336553461,"4113.PGSC0003DMT400042484","GO:0001871,GO:0003674,GO:0003824,GO:0004553,GO:0005488,GO:0005575,GO:0005623,GO:0005886,GO:0016020,GO:0016787,GO:0016798,GO:0030246,GO:0030247,GO:0031224,GO:0031225,GO:0031226,GO:0044425,GO:0044459,GO:0044464,GO:0046658,GO:0071944","ko:K19891","ko00500,map00500","G","Belongs to the glycosyl hydrolase 17 family"
"LOC101259546","OG0002195",1.34727588564039,0.0243302403861044,"4081.Solyc06g036310.2.1","","","","P","Heavy-metal-associated domain"
"LOC101251185","OG0013946",1.23336477072907,0.0243302403861044,"4081.Solyc05g054050.2.1","","ko:K01580","ko00250,ko00410,ko00430,ko00650,ko01100,ko01110,ko01120,ko02024,ko04727,ko04940,map00250,map00410,map00430,map00650,map01100,map01110,map01120,map02024,map04727,map04940","E","Belongs to the group II decarboxylase family"
"LOC101263386","OG0008552",-1.04435486431792,0.0243302403861044,"4081.Solyc03g093330.2.1","GO:0000003,GO:0001763,GO:0003006,GO:0005575,GO:0005623,GO:0005886,GO:0007275,GO:0008150,GO:0009653,GO:0009790,GO:0009791,GO:0009793,GO:0009888,GO:0009987,GO:0010016,GO:0010065,GO:0010067,GO:0010087,GO:0010089,GO:0010154,GO:0010223,GO:0010346,GO:0016020,GO:0022414,GO:0032501,GO:0032502,GO:0044464,GO:0048316,GO:0048367,GO:0048507,GO:0048508,GO:0048608,GO:0048646,GO:0048731,GO:0048856,GO:0051301,GO:0061458,GO:0071944,GO:1905393","","","T","Belongs to the protein kinase superfamily. Ser Thr protein kinase family"
"abz1",NA,1.81681238160845,0.0244232611451964,"4081.Solyc01g100460.2.1","GO:0003674,GO:0003676,GO:0003677,GO:0003700,GO:0005488,GO:0005515,GO:0005575,GO:0005622,GO:0005623,GO:0005634,GO:0006355,GO:0006950,GO:0006970,GO:0006971,GO:0007154,GO:0008150,GO:0009267,GO:0009605,GO:0009628,GO:0009889,GO:0009891,GO:0009893,GO:0009987,GO:0009991,GO:0010468,GO:0010556,GO:0010557,GO:0010604,GO:0010628,GO:0019219,GO:0019222,GO:0031323,GO:0031325,GO:0031326,GO:0031328,GO:0031667,GO:0031668,GO:0031669,GO:0033554,GO:0042594,GO:0043226,GO:0043227,GO:0043229,GO:0043231,GO:0043565,GO:0044424,GO:0044464,GO:0045893,GO:0045935,GO:0046982,GO:0046983,GO:0048518,GO:0048522,GO:0048580,GO:0048582,GO:0050789,GO:0050793,GO:0050794,GO:0050896,GO:0051094,GO:0051171,GO:0051173,GO:0051239,GO:0051240,GO:0051252,GO:0051254,GO:0051716,GO:0060255,GO:0065007,GO:0071496,GO:0080050,GO:0080090,GO:0097159,GO:0140110,GO:1901363,GO:1902680,GO:1903506,GO:1903508,GO:2000026,GO:2000034,GO:2000112,GO:2000241,GO:2000243,GO:2000693,GO:2001141","","","K","Anaerobic basic leucine zipper protein"
"LOC101265331","OG0011094",-1.19498182777283,0.0247736621581629,"4081.Solyc05g009820.2.1","GO:0000271,GO:0003674,GO:0003824,GO:0005575,GO:0005622,GO:0005623,GO:0005737,GO:0005794,GO:0005975,GO:0005976,GO:0008150,GO:0008152,GO:0008194,GO:0009058,GO:0009059,GO:0012505,GO:0016051,GO:0016740,GO:0016757,GO:0016758,GO:0043170,GO:0043226,GO:0043227,GO:0043229,GO:0043231,GO:0044238,GO:0044424,GO:0044444,GO:0044464,GO:0047262,GO:0071704,GO:1901576","","","G","Belongs to the glycosyltransferase 8 family"
"HT1","OG0002014",1.05042561925919,0.024887638872481,"4113.PGSC0003DMT400057709","GO:0003674,GO:0005215,GO:0005351,GO:0005355,GO:0005402,GO:0005575,GO:0005622,GO:0005623,GO:0005634,GO:0005737,GO:0005773,GO:0005886,GO:0005911,GO:0006810,GO:0006811,GO:0006812,GO:0008150,GO:0008324,GO:0008643,GO:0008645,GO:0009506,GO:0015075,GO:0015077,GO:0015078,GO:0015144,GO:0015145,GO:0015149,GO:0015291,GO:0015293,GO:0015294,GO:0015295,GO:0015318,GO:0015672,GO:0015749,GO:0016020,GO:0022804,GO:0022857,GO:0022890,GO:0030054,GO:0034219,GO:0034220,GO:0043226,GO:0043227,GO:0043229,GO:0043231,GO:0044424,GO:0044444,GO:0044464,GO:0046323,GO:0051119,GO:0051179,GO:0051234,GO:0055044,GO:0055085,GO:0071702,GO:0071944,GO:0098655,GO:0098660,GO:0098662,GO:1902600,GO:1904659","","","U","Belongs to the major facilitator superfamily. Sugar transporter (TC 2.A.1.1) family"
"LOC101261472","OG0001909",-1.22157423969408,0.0254584153924319,"4081.Solyc10g080450.1.1","","","","",""
"LOC112940370","OG0001429",-1.19335981445405,0.0254584153924319,"4098.XP_009603502.1","","","","S","alpha/beta hydrolase fold"
"LOC104649092",NA,1.71937178215154,0.0255787103782652,"4113.PGSC0003DMT400095626","","","","K","Transcription factor"
"LOC101244537","OG0015905",1.51698253212357,0.0257137943733647,"4081.Solyc02g014030.1.1","","","","T","Carbohydrate-binding protein of the ER"
"LOC101245600","OG0003380",1.66997499104542,0.0260055997222654,"4081.Solyc10g081770.1.1","","","","",""
"LOC101258571","OG0000097",1.82597570658224,0.0265801412083263,"4081.Solyc07g043170.2.1","GO:0001101,GO:0003674,GO:0003824,GO:0005575,GO:0005622,GO:0005623,GO:0005737,GO:0005829,GO:0006066,GO:0006082,GO:0006629,GO:0006714,GO:0006720,GO:0006721,GO:0006950,GO:0006970,GO:0008150,GO:0008152,GO:0008194,GO:0008300,GO:0009056,GO:0009628,GO:0009651,GO:0009687,GO:0009719,GO:0009725,GO:0009737,GO:0009987,GO:0010033,GO:0016020,GO:0016042,GO:0016054,GO:0016107,GO:0016115,GO:0016740,GO:0016757,GO:0016758,GO:0019752,GO:0032787,GO:0033993,GO:0035251,GO:0042221,GO:0043226,GO:0043227,GO:0043229,GO:0043231,GO:0043288,GO:0043290,GO:0043436,GO:0044237,GO:0044238,GO:0044242,GO:0044248,GO:0044255,GO:0044281,GO:0044282,GO:0044424,GO:0044444,GO:0044464,GO:0046164,GO:0046345,GO:0046395,GO:0046527,GO:0050896,GO:0071704,GO:0072329,GO:0080043,GO:0080044,GO:0080046,GO:0097305,GO:1901575,GO:1901615,GO:1901616,GO:1901700,GO:1902644","ko:K08237","","CG","Belongs to the UDP-glycosyltransferase family"
"LOC101244298","OG0002095",-1.44714083661451,0.0265801412083263,"4081.Solyc06g083580.2.1","","ko:K01728","ko00040,ko02024,map00040,map02024","G","Amb_all"
"LOC101268068","OG0002450",-1.10100963299222,0.0272913709643035,"4081.Solyc03g026110.2.1","","","","S","Protein of unknown function (DUF4005)"
"DNAJ","OG0001382",1.69318846350646,0.0277383034502021,"4081.Solyc04g081530.1.1","GO:0005575,GO:0005622,GO:0005623,GO:0005634,GO:0005737,GO:0009507,GO:0009536,GO:0043226,GO:0043227,GO:0043229,GO:0043231,GO:0044424,GO:0044444,GO:0044464","","","O","Chaperone protein dnaJ 11, chloroplastic-like"
"LOC101249038","OG0002051",-1.40156805382564,0.0277957694190904,"4081.Solyc02g078250.2.1","GO:0000902,GO:0003674,GO:0003824,GO:0005488,GO:0008150,GO:0009653,GO:0009719,GO:0009725,GO:0009733,GO:0009741,GO:0009826,GO:0009987,GO:0010033,GO:0014070,GO:0016043,GO:0016049,GO:0032501,GO:0032502,GO:0032989,GO:0033993,GO:0035264,GO:0040007,GO:0042221,GO:0048037,GO:0048589,GO:0048856,GO:0048869,GO:0050896,GO:0051536,GO:0051540,GO:0060560,GO:0071840,GO:1901700","","","S","Belongs to the Casparian strip membrane proteins (CASP) family"
"LOC101268463","OG0001049",1.66499451339377,0.0280796256398551,"4113.PGSC0003DMT400026254","GO:0000293,GO:0003674,GO:0003824,GO:0008150,GO:0008152,GO:0016491,GO:0016722,GO:0016723,GO:0055114","ko:K00521","","PQ","Ferric reduction oxidase"
"LOC101260885","OG0001752",1.37908169435416,0.0283331642030583,"4081.Solyc02g093430.2.1","GO:0000139,GO:0005575,GO:0005622,GO:0005623,GO:0005737,GO:0005794,GO:0012505,GO:0016020,GO:0031090,GO:0031984,GO:0043226,GO:0043227,GO:0043229,GO:0043231,GO:0044422,GO:0044424,GO:0044431,GO:0044444,GO:0044446,GO:0044464,GO:0098588,GO:0098791","ko:K00737","ko00510,ko01100,map00510,map01100","S","Glycosyltransferase family 17"
"LOC101263548","OG0005222",-1.25171430484179,0.0283830684361447,"4081.Solyc01g100080.2.1","","","","L","Single-stranded DNA-binding protein, mitochondrial"
"LOC101246688","OG0001795",1.07349252109481,0.0285473454648937,"4081.Solyc02g064680.2.1","","ko:K01537","","P","This magnesium-dependent enzyme catalyzes the hydrolysis of ATP coupled with the transport of calcium"
"LOC101246172","OG0017136",-2.09613926589847,0.0287759529803046,"4081.Solyc01g005500.2.1","","ko:K13070","ko00904,ko01110,map00904,map01110","Q","Enoyl-(Acyl carrier protein) reductase"
"LOC101267066","OG0010058",1.81406473465137,0.0287759529803046,"4081.Solyc01g106060.2.1","","ko:K22314","","F","Glutamine amidotransferase class-I"
"LOC101263204","OG0013511",1.82517047923221,0.0288027057539044,"4113.PGSC0003DMT400041043","GO:0005575,GO:0005623,GO:0005886,GO:0006950,GO:0006952,GO:0007154,GO:0007165,GO:0008150,GO:0009987,GO:0016020,GO:0023052,GO:0044464,GO:0050789,GO:0050794,GO:0050896,GO:0051716,GO:0065007,GO:0071944","ko:K13459,ko:K13460,ko:K20599","ko04016,ko04626,map04016,map04626","T","Belongs to the disease resistance NB-LRR family"
"LOC101266402","OG0003411",1.06589371447971,0.0290490522596008,"4081.Solyc03g093510.2.1","","","","S","Putative serine esterase (DUF676)"
"LOC101250473","OG0002887",-1.18160809693173,0.0293613582727127,"4081.Solyc02g063430.2.1","GO:0003674,GO:0003700,GO:0005575,GO:0005622,GO:0005623,GO:0005634,GO:0006082,GO:0006355,GO:0006629,GO:0006720,GO:0006721,GO:0008150,GO:0008152,GO:0008300,GO:0009056,GO:0009685,GO:0009889,GO:0009987,GO:0010371,GO:0010468,GO:0010556,GO:0010565,GO:0010817,GO:0016042,GO:0016054,GO:0016101,GO:0016103,GO:0016115,GO:0019216,GO:0019219,GO:0019222,GO:0019747,GO:0019752,GO:0031323,GO:0031326,GO:0032350,GO:0042445,GO:0042447,GO:0043226,GO:0043227,GO:0043229,GO:0043231,GO:0043436,GO:0043455,GO:0044237,GO:0044238,GO:0044242,GO:0044248,GO:0044255,GO:0044281,GO:0044282,GO:0044424,GO:0044464,GO:0045487,GO:0046395,GO:0046885,GO:0046890,GO:0050789,GO:0050794,GO:0051171,GO:0051252,GO:0060255,GO:0062012,GO:0065007,GO:0065008,GO:0071704,GO:0080090,GO:0140110,GO:1901575,GO:1903506,GO:2000112,GO:2001141","","","K","helix loop helix domain"
"LOC104645747","OG0008761",1.13327963086749,0.0296992958805969,"4081.Solyc02g084640.2.1","GO:0003674,GO:0003824,GO:0004029,GO:0005575,GO:0005622,GO:0005623,GO:0005737,GO:0005783,GO:0008150,GO:0008152,GO:0012505,GO:0016020,GO:0016491,GO:0016620,GO:0016903,GO:0043226,GO:0043227,GO:0043229,GO:0043231,GO:0044424,GO:0044444,GO:0044464,GO:0055114","ko:K00128","ko00010,ko00053,ko00071,ko00280,ko00310,ko00330,ko00340,ko00380,ko00410,ko00561,ko00620,ko00625,ko00903,ko00981,ko01100,ko01110,ko01120,ko01130,map00010,map00053,map00071,map00280,map00310,map00330,map00340,map00380,map00410,map00561,map00620,map00625,map00903,map00981,map01100,map01110,map01120,map01130","C","Belongs to the aldehyde dehydrogenase family"
"LOC101261332","OG0012719",-1.17264416085505,0.0297684025623828,"4081.Solyc05g051240.1.1","","","","O","Belongs to the peptidase A1 family"
"LOC101246133","OG0012351",1.20849698717642,0.0297979164534088,"4081.Solyc04g081910.2.1","GO:0001101,GO:0003674,GO:0003824,GO:0004672,GO:0004674,GO:0004683,GO:0005488,GO:0005515,GO:0005516,GO:0005575,GO:0005622,GO:0005623,GO:0005634,GO:0005737,GO:0005886,GO:0006464,GO:0006468,GO:0006793,GO:0006796,GO:0006807,GO:0006950,GO:0006952,GO:0007154,GO:0007165,GO:0008150,GO:0008152,GO:0009605,GO:0009607,GO:0009620,GO:0009719,GO:0009725,GO:0009737,GO:0009738,GO:0009755,GO:0009931,GO:0009987,GO:0010033,GO:0010857,GO:0016020,GO:0016301,GO:0016310,GO:0016740,GO:0016772,GO:0016773,GO:0018105,GO:0018193,GO:0018209,GO:0019538,GO:0023052,GO:0032870,GO:0033993,GO:0035556,GO:0036211,GO:0042221,GO:0043170,GO:0043207,GO:0043226,GO:0043227,GO:0043229,GO:0043231,GO:0043412,GO:0044237,GO:0044238,GO:0044260,GO:0044267,GO:0044424,GO:0044464,GO:0046777,GO:0047484,GO:0048518,GO:0048583,GO:0048584,GO:0050789,GO:0050794,GO:0050832,GO:0050896,GO:0051704,GO:0051707,GO:0051716,GO:0065007,GO:0070887,GO:0071215,GO:0071229,GO:0071310,GO:0071396,GO:0071495,GO:0071704,GO:0071944,GO:0080134,GO:0097305,GO:0097306,GO:0098542,GO:0140096,GO:1901000,GO:1901002,GO:1901564,GO:1901700,GO:1901701","ko:K06180,ko:K13412","ko04626,ko05145,map04626,map05145","T","Calcium-dependent protein kinase"
"LOC101262174","OG0000795",1.35903728823064,0.0298066674310292,"4081.Solyc11g045520.1.1","","ko:K06892","ko00940,ko01110,map00940,map01110","Q","2OG-Fe(II) oxygenase superfamily"
"LOC101257064","OG0000065",3.24911251930797,0.0302378992147631,"4081.Solyc04g014900.2.1","","ko:K04730,ko:K04733,ko:K13420","ko04010,ko04016,ko04064,ko04620,ko04621,ko04624,ko04626,ko04722,ko05133,ko05140,ko05142,ko05145,ko05152,ko05162,ko05164,ko05169,map04010,map04016,map04064,map04620,map04621,map04624,map04626,map04722,map05133,map05140,map05142,map05145,map05152,map05162,map05164,map05169","T","Serine-threonine protein kinase, plant-type"
"LOC101259605","OG0005997",1.2619918540587,0.0302378992147631,"4081.Solyc11g068440.1.1","GO:0001871,GO:0003674,GO:0003824,GO:0004553,GO:0005488,GO:0005575,GO:0005622,GO:0005623,GO:0005634,GO:0005737,GO:0005886,GO:0016020,GO:0016787,GO:0016798,GO:0030246,GO:0030247,GO:0031224,GO:0031225,GO:0031226,GO:0043226,GO:0043227,GO:0043229,GO:0043231,GO:0044424,GO:0044425,GO:0044459,GO:0044464,GO:0046658,GO:0071944","","","G","Belongs to the glycosyl hydrolase 17 family"
"LOC101250736","OG0001156",-1.54267289163076,0.0303175003669443,"4081.Solyc01g091230.2.1","GO:0003674,GO:0003824,GO:0004672,GO:0004674,GO:0004675,GO:0004888,GO:0005575,GO:0005623,GO:0005886,GO:0006464,GO:0006468,GO:0006793,GO:0006796,GO:0006807,GO:0007154,GO:0007165,GO:0007166,GO:0007167,GO:0007178,GO:0008150,GO:0008152,GO:0009987,GO:0016020,GO:0016301,GO:0016310,GO:0016740,GO:0016772,GO:0016773,GO:0019199,GO:0019538,GO:0023052,GO:0036211,GO:0038023,GO:0043170,GO:0043412,GO:0044237,GO:0044238,GO:0044260,GO:0044267,GO:0044464,GO:0050789,GO:0050794,GO:0050896,GO:0051716,GO:0060089,GO:0065007,GO:0071704,GO:0071944,GO:0140096,GO:1901564","","","T","Leucine rich repeat N-terminal domain"
"LOC101258706","OG0004664",-1.37225473173124,0.0305584545580686,"4113.PGSC0003DMT400008778","GO:0001101,GO:0002376,GO:0005575,GO:0005622,GO:0005623,GO:0005737,GO:0005739,GO:0006082,GO:0006725,GO:0006950,GO:0006952,GO:0006955,GO:0008150,GO:0008152,GO:0009058,GO:0009507,GO:0009526,GO:0009536,GO:0009605,GO:0009607,GO:0009617,GO:0009624,GO:0009696,GO:0009697,GO:0009719,GO:0009725,GO:0009751,GO:0009941,GO:0009987,GO:0010033,GO:0010817,GO:0014070,GO:0016053,GO:0016999,GO:0017000,GO:0017144,GO:0018958,GO:0019438,GO:0019752,GO:0031347,GO:0031348,GO:0031967,GO:0031975,GO:0032787,GO:0042221,GO:0042445,GO:0042446,GO:0042493,GO:0042537,GO:0042742,GO:0043207,GO:0043226,GO:0043227,GO:0043229,GO:0043231,GO:0043436,GO:0044237,GO:0044249,GO:0044281,GO:0044283,GO:0044422,GO:0044424,GO:0044434,GO:0044435,GO:0044444,GO:0044446,GO:0044464,GO:0045087,GO:0046189,GO:0046394,GO:0046677,GO:0048519,GO:0048583,GO:0048585,GO:0050789,GO:0050896,GO:0051704,GO:0051707,GO:0065007,GO:0065008,GO:0071704,GO:0072330,GO:0080134,GO:0098542,GO:1901360,GO:1901362,GO:1901576,GO:1901615,GO:1901617,GO:1901700","","","V","Belongs to the multi antimicrobial extrusion (MATE) (TC 2.A.66.1) family"
"LOC101250647","OG0008757",-1.18935452535953,0.0306084270368854,"4081.Solyc10g085090.1.1","GO:0003674,GO:0003824,GO:0006725,GO:0008150,GO:0008152,GO:0009058,GO:0009698,GO:0009699,GO:0009808,GO:0009809,GO:0009832,GO:0009834,GO:0009987,GO:0016491,GO:0016722,GO:0019438,GO:0019748,GO:0042546,GO:0044085,GO:0044237,GO:0044249,GO:0044550,GO:0055114,GO:0071554,GO:0071669,GO:0071704,GO:0071840,GO:1901360,GO:1901362,GO:1901576","ko:K05909","","Q","Lignin degradation and detoxification of lignin-derived products"
"LOC101262691",NA,-1.63412213768386,0.0307239860467021,NA,NA,NA,NA,NA,NA
"LOC101265936","OG0012766",1.09442069746674,0.031405435328423,"4113.PGSC0003DMT400029056","","","","S","BTB/POZ domain"
"LOC101247327","OG0010123",1.47002782435958,0.031446292016514,"4081.Solyc05g050560.1.1","GO:0001067,GO:0001101,GO:0003674,GO:0003676,GO:0003677,GO:0003700,GO:0005488,GO:0005575,GO:0005622,GO:0005623,GO:0005634,GO:0005737,GO:0006355,GO:0006950,GO:0008150,GO:0009611,GO:0009719,GO:0009725,GO:0009737,GO:0009889,GO:0009892,GO:0010033,GO:0010468,GO:0010556,GO:0010605,GO:0010629,GO:0019219,GO:0019222,GO:0031323,GO:0031326,GO:0033993,GO:0042221,GO:0043226,GO:0043227,GO:0043229,GO:0043231,GO:0044212,GO:0044424,GO:0044464,GO:0048519,GO:0050789,GO:0050794,GO:0050896,GO:0051171,GO:0051252,GO:0060255,GO:0065007,GO:0080090,GO:0097159,GO:0097305,GO:0140110,GO:1901363,GO:1901700,GO:1903506,GO:2000112,GO:2001141","","","K","Transcription factor bHLH13-like"
"LOC101255777","OG0009287",1.16198202627206,0.0318386252291602,"4081.Solyc03g120990.2.1","GO:0003674,GO:0003824,GO:0004470,GO:0004473,GO:0005488,GO:0005515,GO:0005575,GO:0005622,GO:0005623,GO:0005737,GO:0006082,GO:0006090,GO:0006108,GO:0006629,GO:0006631,GO:0006633,GO:0008150,GO:0008152,GO:0008270,GO:0008610,GO:0009058,GO:0009507,GO:0009536,GO:0009987,GO:0016043,GO:0016053,GO:0016491,GO:0016614,GO:0016615,GO:0016616,GO:0019752,GO:0022607,GO:0032787,GO:0042802,GO:0042803,GO:0043167,GO:0043169,GO:0043226,GO:0043227,GO:0043229,GO:0043231,GO:0043436,GO:0043648,GO:0043933,GO:0044085,GO:0044237,GO:0044238,GO:0044249,GO:0044255,GO:0044281,GO:0044283,GO:0044424,GO:0044444,GO:0044464,GO:0046394,GO:0046872,GO:0046914,GO:0046983,GO:0050897,GO:0051259,GO:0051260,GO:0051262,GO:0051289,GO:0055114,GO:0065003,GO:0071704,GO:0071840,GO:0072330,GO:1901576","ko:K00029","ko00620,ko00710,ko01100,ko01120,ko01200,map00620,map00710,map01100,map01120,map01200","C","Malic enzyme, NAD binding domain"
"LOC101251577","OG0014347",-1.74216186966132,0.0318616160426973,"4081.Solyc04g076190.1.1","GO:0002376,GO:0003674,GO:0003824,GO:0004175,GO:0004190,GO:0005575,GO:0005576,GO:0005618,GO:0005623,GO:0006508,GO:0006807,GO:0006950,GO:0006952,GO:0006955,GO:0008150,GO:0008152,GO:0008233,GO:0009056,GO:0009057,GO:0009505,GO:0009605,GO:0009607,GO:0009627,GO:0009814,GO:0010941,GO:0016787,GO:0019538,GO:0030163,GO:0030312,GO:0043067,GO:0043170,GO:0043207,GO:0044238,GO:0044464,GO:0045087,GO:0048046,GO:0050789,GO:0050794,GO:0050896,GO:0051704,GO:0051707,GO:0065007,GO:0070001,GO:0070011,GO:0071704,GO:0071944,GO:0098542,GO:0140096,GO:1901564,GO:1901565,GO:1901575","","","O","Belongs to the peptidase A1 family"
"LOC101267670","OG0007749",-1.29014075357951,0.0319213893970862,"4081.Solyc02g081250.1.1","GO:0003674,GO:0003676,GO:0003723,GO:0003824,GO:0004518,GO:0004519,GO:0005488,GO:0005575,GO:0005622,GO:0005623,GO:0006139,GO:0006725,GO:0006807,GO:0008150,GO:0008152,GO:0009451,GO:0009987,GO:0016070,GO:0016787,GO:0016788,GO:0034641,GO:0043170,GO:0043226,GO:0043227,GO:0043229,GO:0043231,GO:0043412,GO:0044237,GO:0044238,GO:0044424,GO:0044464,GO:0046483,GO:0071704,GO:0090304,GO:0090305,GO:0097159,GO:1901360,GO:1901363","","","S","Pentatricopeptide repeat-containing protein"
"SBT2","OG0013795",-1.29454971061159,0.0319328890962392,"4081.Solyc03g006970.1.1","GO:0003674,GO:0003824,GO:0004175,GO:0004252,GO:0006508,GO:0006807,GO:0008150,GO:0008152,GO:0008233,GO:0008236,GO:0016787,GO:0017171,GO:0019538,GO:0043170,GO:0044238,GO:0070011,GO:0071704,GO:0140096,GO:1901564","","","G","PA domain"
"LOC101244746","OG0006338",1.99374824958671,0.0322191857816558,"4113.PGSC0003DMT400000883","GO:0003674,GO:0003824,GO:0005575,GO:0005576,GO:0005615,GO:0005622,GO:0005623,GO:0005737,GO:0005773,GO:0005783,GO:0005788,GO:0006725,GO:0006807,GO:0008131,GO:0008150,GO:0008152,GO:0009056,GO:0009308,GO:0009690,GO:0009823,GO:0009987,GO:0010817,GO:0012505,GO:0016491,GO:0016638,GO:0016641,GO:0016645,GO:0019139,GO:0031974,GO:0034754,GO:0042445,GO:0042447,GO:0043226,GO:0043227,GO:0043229,GO:0043231,GO:0043233,GO:0044237,GO:0044421,GO:0044422,GO:0044424,GO:0044432,GO:0044444,GO:0044446,GO:0044464,GO:0046483,GO:0055114,GO:0065007,GO:0065008,GO:0070013,GO:0071704,GO:1901564","ko:K00279","ko00908,map00908","C","Cytokinin dehydrogenase"
"LOC101259084","OG0005924",-1.81042041138362,0.0326120776029161,"4081.Solyc10g008540.2.1","","","","",""
"CYCD3C2","OG0001071",-1.20098358099805,0.0333549486625087,"4081.Solyc01g107730.2.1","GO:0000003,GO:0000082,GO:0000278,GO:0003006,GO:0005575,GO:0005622,GO:0005623,GO:0005634,GO:0007049,GO:0007275,GO:0008150,GO:0009719,GO:0009725,GO:0009735,GO:0009743,GO:0009744,GO:0009791,GO:0009888,GO:0009987,GO:0010033,GO:0010154,GO:0010374,GO:0010440,GO:0010444,GO:0022402,GO:0022414,GO:0030154,GO:0032501,GO:0032502,GO:0034285,GO:0042221,GO:0043226,GO:0043227,GO:0043229,GO:0043231,GO:0044424,GO:0044464,GO:0044770,GO:0044772,GO:0044843,GO:0048316,GO:0048608,GO:0048731,GO:0048856,GO:0048869,GO:0050896,GO:0061458,GO:0090558,GO:0090627,GO:1901700,GO:1903047","ko:K14505","ko04075,map04075","D","Belongs to the cyclin family"
"LOC112942159","OG0015222",1.26519758765536,0.0334061092872902,"4081.Solyc09g092420.1.1","GO:0003333,GO:0003674,GO:0005215,GO:0005342,GO:0005575,GO:0005623,GO:0005886,GO:0005887,GO:0006810,GO:0006811,GO:0006820,GO:0006865,GO:0008150,GO:0008509,GO:0008514,GO:0015075,GO:0015171,GO:0015179,GO:0015203,GO:0015291,GO:0015297,GO:0015318,GO:0015711,GO:0015807,GO:0015846,GO:0015849,GO:0016020,GO:0016021,GO:0022804,GO:0022857,GO:0031224,GO:0031226,GO:0034220,GO:0044425,GO:0044459,GO:0044464,GO:0046942,GO:0046943,GO:0051179,GO:0051234,GO:0055085,GO:0071702,GO:0071705,GO:0071944,GO:0098656,GO:1902047,GO:1902475,GO:1903825,GO:1905039","ko:K11584","ko03015,ko04071,ko04113,ko04114,ko04151,ko04152,ko04261,ko04728,ko05165,map03015,map04071,map04113,map04114,map04151,map04152,map04261,map04728,map05165","E","polyamine transporter At1g31830"
"LOC138337274",NA,2.29436772304521,0.0335215652563032,NA,NA,NA,NA,NA,NA
"LOC101265155","OG0015407",2.76020153347498,0.0335527384446081,"4081.Solyc08g068630.2.1","","ko:K22427","ko00360,map00360","E","Aromatic amino acid decarboxylase"
"LOC101264451","OG0007543",1.42897764988425,0.0337077794261101,"4081.Solyc08g077110.2.1","GO:0003674,GO:0003676,GO:0003677,GO:0003700,GO:0005488,GO:0005575,GO:0005622,GO:0005623,GO:0005634,GO:0006355,GO:0008150,GO:0008283,GO:0009719,GO:0009725,GO:0009733,GO:0009787,GO:0009789,GO:0009889,GO:0009966,GO:0009967,GO:0009987,GO:0010033,GO:0010468,GO:0010556,GO:0010646,GO:0010647,GO:0019219,GO:0019222,GO:0023051,GO:0023056,GO:0031323,GO:0031326,GO:0032870,GO:0042221,GO:0043226,GO:0043227,GO:0043229,GO:0043231,GO:0043565,GO:0044424,GO:0044464,GO:0048518,GO:0048522,GO:0048583,GO:0048584,GO:0050789,GO:0050794,GO:0050896,GO:0051171,GO:0051252,GO:0051716,GO:0060255,GO:0065007,GO:0070887,GO:0071310,GO:0071365,GO:0071495,GO:0080090,GO:0097159,GO:0140110,GO:1901363,GO:1901419,GO:1901421,GO:1903506,GO:1905957,GO:1905959,GO:2000112,GO:2001141","","","K","No apical meristem (NAM) protein"
"LOC101258064","OG0009716",1.04206960913095,0.0337077794261101,"4081.Solyc04g072200.1.1","GO:0000003,GO:0003006,GO:0005575,GO:0005622,GO:0005623,GO:0005634,GO:0007275,GO:0008150,GO:0009791,GO:0009909,GO:0009910,GO:0010228,GO:0010321,GO:0022414,GO:0032501,GO:0032502,GO:0040034,GO:0043226,GO:0043227,GO:0043229,GO:0043231,GO:0044424,GO:0044464,GO:0048506,GO:0048509,GO:0048510,GO:0048519,GO:0048580,GO:0048581,GO:0048608,GO:0048731,GO:0048831,GO:0048856,GO:0050789,GO:0050793,GO:0051093,GO:0051239,GO:0051241,GO:0061458,GO:0065007,GO:2000026,GO:2000241,GO:2000242","","","J","Belongs to the Frigida family"
"LOC101244789","OG0002079",2.17063050644901,0.0338858336803535,"4081.Solyc07g064720.2.1","","","","L","GDSL-like Lipase/Acylhydrolase"
"LOC101254178","OG0002746",1.04045254246513,0.0339097931923804,"4081.Solyc12g088230.1.1","","ko:K21989","","S","Cytosolic domain of 10TM putative phosphate transporter"
"LOC101267051","OG0004608",-1.12572715840274,0.0340157270019375,"4081.Solyc09g008530.1.1","","ko:K20283","","",""
"LOC101256921",NA,2.20515712266781,0.0340273462729069,"4081.Solyc01g098590.2.1","GO:0003674,GO:0003824,GO:0005575,GO:0005622,GO:0005623,GO:0005737,GO:0005829,GO:0005975,GO:0006793,GO:0006796,GO:0008150,GO:0008152,GO:0009987,GO:0016311,GO:0016787,GO:0016788,GO:0016791,GO:0042578,GO:0044237,GO:0044238,GO:0044424,GO:0044444,GO:0044464,GO:0071704","","","S","Broad-range acid phosphatase DET1-like"
"LOC101265786","OG0001056",2.1084348301158,0.0340273462729069,"4081.Solyc10g084950.1.1","","ko:K14638","","E","POT family"
"LOC101259774","OG0009633",-1.17657926742214,0.0344116047114463,"4081.Solyc08g066860.2.1","","","","T","Plant pleckstrin homology-like region"
"LOC101254950","OG0000671",-1.44774597284984,0.0353537068116291,"4113.PGSC0003DMT400004126","GO:0005575,GO:0005618,GO:0005623,GO:0008150,GO:0009664,GO:0009987,GO:0016043,GO:0030312,GO:0044464,GO:0045229,GO:0071554,GO:0071555,GO:0071669,GO:0071840,GO:0071944","","","S","Proline-rich protein"
"LOC101245519","OG0007229",3.70401430075772,0.0360713514356527,"4081.Solyc02g078400.2.1","GO:0000255,GO:0000256,GO:0003674,GO:0003824,GO:0004038,GO:0005575,GO:0005622,GO:0005623,GO:0005737,GO:0005783,GO:0006139,GO:0006144,GO:0006145,GO:0006725,GO:0006807,GO:0006950,GO:0006995,GO:0007154,GO:0008150,GO:0008152,GO:0009056,GO:0009112,GO:0009267,GO:0009605,GO:0009987,GO:0009991,GO:0010135,GO:0010136,GO:0012505,GO:0016787,GO:0016810,GO:0016812,GO:0017144,GO:0019439,GO:0031667,GO:0031668,GO:0031669,GO:0033554,GO:0034641,GO:0042594,GO:0042737,GO:0043226,GO:0043227,GO:0043229,GO:0043231,GO:0043562,GO:0043603,GO:0043605,GO:0044237,GO:0044238,GO:0044248,GO:0044270,GO:0044281,GO:0044424,GO:0044444,GO:0044464,GO:0046113,GO:0046483,GO:0046700,GO:0050896,GO:0051716,GO:0055086,GO:0071496,GO:0071704,GO:0072521,GO:0072523,GO:1901360,GO:1901361,GO:1901564,GO:1901565,GO:1901575","ko:K01466","ko00230,ko01100,ko01120,map00230,map01100,map01120","F","Allantoinase"
"CRF4","OG0001569",-1.55390253271799,0.0362374736166379,"4081.Solyc03g007460.1.1","","","","K","DNA-binding domain in plant proteins such as APETALA2 and EREBPs"
"LOC101265070","OG0000081",-1.01766658197699,0.0363357155597812,"4081.Solyc09g098030.2.1","","ko:K20556","","Q","Cytochrome p450"
"LOC101251848","OG0008519",1.85589006041469,0.0368473582784051,"4081.Solyc11g069940.1.1","","ko:K03676","","O","Glutaredoxin"
"ERF-B5","OG0001150",-1.15010443733029,0.0369810246560821,"4081.Solyc03g093550.1.1","GO:0001067,GO:0003674,GO:0003676,GO:0003677,GO:0003700,GO:0005488,GO:0006355,GO:0006950,GO:0006952,GO:0008150,GO:0009605,GO:0009607,GO:0009620,GO:0009888,GO:0009889,GO:0009891,GO:0009893,GO:0009987,GO:0010033,GO:0010087,GO:0010200,GO:0010243,GO:0010468,GO:0010556,GO:0010557,GO:0010604,GO:0010628,GO:0019219,GO:0019222,GO:0031323,GO:0031325,GO:0031326,GO:0031328,GO:0032502,GO:0042221,GO:0042493,GO:0043207,GO:0044212,GO:0045893,GO:0045935,GO:0048518,GO:0048522,GO:0048856,GO:0050789,GO:0050794,GO:0050832,GO:0050896,GO:0051171,GO:0051173,GO:0051252,GO:0051254,GO:0051301,GO:0051704,GO:0051707,GO:0060255,GO:0065007,GO:0080090,GO:0097159,GO:0098542,GO:0140110,GO:1901363,GO:1901698,GO:1901700,GO:1902680,GO:1903506,GO:1903508,GO:2000112,GO:2001141","ko:K09286","","K","factor 5"
"LOC101268467","OG0006578",-1.19215979941971,0.0370570877284322,"4081.Solyc04g074810.2.1","GO:0003674,GO:0003700,GO:0006355,GO:0008150,GO:0009889,GO:0010468,GO:0010556,GO:0019219,GO:0019222,GO:0031323,GO:0031326,GO:0050789,GO:0050794,GO:0051171,GO:0051252,GO:0060255,GO:0065007,GO:0080090,GO:0140110,GO:1903506,GO:2000112,GO:2001141","ko:K18485","","K","Transcription factor"
"LOC101265154",NA,-1.10093860237762,0.0371401553720597,"4113.PGSC0003DMT400019046","GO:0003674,GO:0003676,GO:0003723,GO:0005488,GO:0097159,GO:1901363","","","S","Zn-finger in Ran binding protein and others"
"LOC101245490","OG0005031",2.33750088049422,0.0373099607031177,"4081.Solyc09g030370.2.1","","","","I","GDSL-like Lipase/Acylhydrolase"
"FBA3","OG0007371",1.63544911697194,0.0373099607031177,"4081.Solyc02g084440.2.1","","ko:K01623","ko00010,ko00030,ko00051,ko00680,ko00710,ko01100,ko01110,ko01120,ko01130,ko01200,ko01230,map00010,map00030,map00051,map00680,map00710,map01100,map01110,map01120,map01130,map01200,map01230","G","Fructose-bisphosphate aldolase class-I"
"LOC101263714","OG0001319",-1.10721041108688,0.0373099607031177,"4081.Solyc06g072700.2.1","","","","P","Heavy-metal-associated domain"
"LOC101244015","OG0010033",-1.12084535595286,0.0385480648091074,"4081.Solyc07g039310.1.1","GO:0003674,GO:0003824,GO:0005575,GO:0005622,GO:0005623,GO:0005737,GO:0008150,GO:0008152,GO:0016491,GO:0016645,GO:0016647,GO:0040034,GO:0044424,GO:0044464,GO:0048506,GO:0048509,GO:0048510,GO:0050789,GO:0050793,GO:0055114,GO:0065007,GO:1990534","ko:K12259","ko00330,ko00410,map00330,map00410","H","Flavin containing amine oxidoreductase"
"LOC101264836","OG0000934",-1.0846613964282,0.0388102385391127,"4081.Solyc07g008820.2.1","","","","S","Protein trichome birefringence-like 14"
"LOC101254097","OG0000611",1.10491071397095,0.0388608804412657,"4081.Solyc05g041910.2.1","","","","T","Protein of unknown function (DUF568)"
"LOC101257419","OG0002372",1.82841096887137,0.0393410315975764,"4081.Solyc10g086690.1.1","GO:0003674,GO:0003824,GO:0005575,GO:0005622,GO:0005623,GO:0005737,GO:0005794,GO:0005802,GO:0006629,GO:0006643,GO:0006665,GO:0006807,GO:0008150,GO:0008152,GO:0008610,GO:0009058,GO:0009987,GO:0012505,GO:0016740,GO:0016757,GO:0016758,GO:0030148,GO:0031984,GO:0043226,GO:0043227,GO:0043229,GO:0043231,GO:0044237,GO:0044238,GO:0044249,GO:0044255,GO:0044422,GO:0044424,GO:0044431,GO:0044444,GO:0044446,GO:0044464,GO:0045140,GO:0046467,GO:0071704,GO:0098791,GO:1901564,GO:1901566,GO:1901576","ko:K04714","ko00600,ko01100,ko04071,map00600,map01100,map04071","S","Phosphatidylinositol ceramide inositolphosphotransferase"
"LOC101261933","OG0000257",-1.45503387694646,0.0400165145092812,"4081.Solyc07g049660.2.1;4081.Solyc07g049670.2.1","","ko:K19861","","S","Transferase family"
"ERF-A5","OG0000431",2.89786366668866,0.0401150658064571,"4081.Solyc08g007230.1.1","","ko:K14517","ko04075,map04075","K","Transcription factor"
"LOC101256083","OG0013054",1.28916250551057,0.0405590321329969,"4081.Solyc04g051820.2.1","","","","",""
"LOC101246362","OG0007141",1.40157534409869,0.0406908822963838,"4081.Solyc08g006640.2.1","GO:0000003,GO:0003006,GO:0003674,GO:0003824,GO:0005575,GO:0005622,GO:0005623,GO:0005737,GO:0006629,GO:0006643,GO:0006664,GO:0006996,GO:0007275,GO:0008150,GO:0008152,GO:0008194,GO:0008378,GO:0008610,GO:0009058,GO:0009247,GO:0009507,GO:0009526,GO:0009528,GO:0009536,GO:0009657,GO:0009668,GO:0009706,GO:0009790,GO:0009791,GO:0009793,GO:0009941,GO:0009987,GO:0010027,GO:0010154,GO:0016020,GO:0016043,GO:0016740,GO:0016757,GO:0016758,GO:0019866,GO:0022414,GO:0031090,GO:0031967,GO:0031969,GO:0031975,GO:0032501,GO:0032502,GO:0035250,GO:0042170,GO:0043226,GO:0043227,GO:0043229,GO:0043231,GO:0044237,GO:0044238,GO:0044249,GO:0044255,GO:0044422,GO:0044424,GO:0044434,GO:0044435,GO:0044444,GO:0044446,GO:0044464,GO:0046467,GO:0046509,GO:0048316,GO:0048608,GO:0048731,GO:0048856,GO:0061024,GO:0061458,GO:0071704,GO:0071840,GO:1901135,GO:1901137,GO:1901576,GO:1903509","ko:K03715","ko00561,ko01100,map00561,map01100","M","monogalactosyldiacylglycerol synthase, chloroplastic"
"LOC101252898",NA,-1.02688855572786,0.0412904583400034,NA,NA,NA,NA,NA,NA
"LOC101267953","OG0004661",-1.69149641653874,0.0413871787223265,"4113.PGSC0003DMT400090346","GO:0003674,GO:0003824,GO:0005575,GO:0005622,GO:0005623,GO:0008194,GO:0016740,GO:0016757,GO:0016758,GO:0035251,GO:0043226,GO:0043227,GO:0043229,GO:0043231,GO:0044424,GO:0044464,GO:0046527,GO:0047243,GO:0080043,GO:0080044","","","CG","UDP-glucoronosyl and UDP-glucosyl transferase"
"LOC109119848","OG0000263",-1.83875924148292,0.0415455031914629,"4081.Solyc03g112030.1.1","","ko:K07408,ko:K07418","ko00140,ko00380,ko00590,ko00591,ko00830,ko00980,ko01100,ko04212,ko04726,ko04750,ko04913,ko05204,map00140,map00380,map00590,map00591,map00830,map00980,map01100,map04212,map04726,map04750,map04913,map05204","Q","Belongs to the cytochrome P450 family"
"LOC101260130","OG0001439",3.15687287382812,0.0415865989345807,"4081.Solyc04g074400.1.1","","","","S","Phosphate-induced protein 1 conserved region"
"LOC104648558","OG0000018",3.48160750293819,0.0418036462656991,"4081.Solyc07g063770.2.1;4113.PGSC0003DMT400049507","","","","T","G-type lectin S-receptor-like serine threonine-protein kinase"
"LOC101267988","OG0000166",-1.12477197230398,0.0418210287006701,"4113.PGSC0003DMT400078534","GO:0003674,GO:0003824,GO:0003993,GO:0005575,GO:0005623,GO:0005886,GO:0005887,GO:0006793,GO:0006796,GO:0008150,GO:0008152,GO:0008195,GO:0009987,GO:0016020,GO:0016021,GO:0016311,GO:0016787,GO:0016788,GO:0016791,GO:0031224,GO:0031226,GO:0042578,GO:0044237,GO:0044425,GO:0044459,GO:0044464,GO:0071944","ko:K18693","ko00561,ko00564,ko01110,map00561,map00564,map01110","I","Lipid phosphate phosphatase 2"
"LOC101267933",NA,3.54157247300375,0.0426192054178948,NA,NA,NA,NA,NA,NA
"LOC101257556","OG0004179",1.11976259279949,0.0427166335886257,"4113.PGSC0003DMT400075881","","","","T","Belongs to the disease resistance NB-LRR family"
"LOC104648856",NA,2.07355104573986,0.04285897519297,NA,NA,NA,NA,NA,NA
"LOC101249913","OG0003605",-1.01178677157408,0.0431222369803227,"4081.Solyc04g080940.2.1","GO:0000325,GO:0000902,GO:0003674,GO:0005215,GO:0005575,GO:0005622,GO:0005623,GO:0005737,GO:0005773,GO:0005774,GO:0005886,GO:0005887,GO:0005938,GO:0006521,GO:0006810,GO:0007154,GO:0007165,GO:0008150,GO:0009653,GO:0009705,GO:0009719,GO:0009725,GO:0009733,GO:0009734,GO:0009755,GO:0009826,GO:0009832,GO:0009834,GO:0009893,GO:0009914,GO:0009966,GO:0009987,GO:0010033,GO:0010315,GO:0010565,GO:0010646,GO:0010817,GO:0010928,GO:0016020,GO:0016021,GO:0016043,GO:0016049,GO:0019222,GO:0022857,GO:0023051,GO:0023052,GO:0031090,GO:0031224,GO:0031226,GO:0031323,GO:0031325,GO:0032350,GO:0032352,GO:0032502,GO:0032870,GO:0032989,GO:0033238,GO:0033240,GO:0040007,GO:0042221,GO:0042546,GO:0043226,GO:0043227,GO:0043229,GO:0043231,GO:0044085,GO:0044422,GO:0044424,GO:0044425,GO:0044437,GO:0044444,GO:0044446,GO:0044459,GO:0044464,GO:0045764,GO:0048518,GO:0048522,GO:0048583,GO:0048589,GO:0048856,GO:0048869,GO:0050789,GO:0050794,GO:0050896,GO:0051171,GO:0051173,GO:0051179,GO:0051234,GO:0051716,GO:0055085,GO:0060560,GO:0060918,GO:0062012,GO:0062013,GO:0065007,GO:0065008,GO:0070887,GO:0071310,GO:0071365,GO:0071495,GO:0071554,GO:0071669,GO:0071840,GO:0071944,GO:0080090,GO:0090354,GO:0090355,GO:0090357,GO:0090358,GO:0098588,GO:0098805,GO:0099568","","","S","WAT1-related protein"
"LOC101251349","OG0008183",1.74576255242123,0.0432701311470329,"4081.Solyc02g085630.2.1","","ko:K09338","","K","Homeobox-leucine zipper protein"
"LOC101265306","OG0005725",-1.67214028495595,0.0435669271037157,"4081.Solyc11g066520.1.1","GO:0003674,GO:0003824,GO:0004180,GO:0004185,GO:0006508,GO:0006807,GO:0008150,GO:0008152,GO:0008233,GO:0008236,GO:0008238,GO:0009056,GO:0009057,GO:0009987,GO:0016787,GO:0017171,GO:0019538,GO:0030163,GO:0043170,GO:0044237,GO:0044238,GO:0044248,GO:0044257,GO:0044260,GO:0044265,GO:0044267,GO:0051603,GO:0070008,GO:0070011,GO:0071704,GO:0140096,GO:1901564,GO:1901565,GO:1901575","ko:K09646","","O","Belongs to the peptidase S10 family"
"LOC101245065","OG0001181",2.01965439726102,0.0439531577398616,"4081.Solyc06g035490.2.1","","","","K","Transcription factor bHLH118-like"
"LOC101264810","OG0009263",-1.02194536494085,0.0442451425459334,"4081.Solyc03g112390.2.1","GO:0000981,GO:0000988,GO:0000989,GO:0001067,GO:0001076,GO:0001134,GO:0001135,GO:0003674,GO:0003676,GO:0003677,GO:0003700,GO:0005488,GO:0005575,GO:0005622,GO:0005623,GO:0005634,GO:0006355,GO:0006357,GO:0008150,GO:0009889,GO:0009987,GO:0010468,GO:0010556,GO:0019219,GO:0019222,GO:0030154,GO:0031323,GO:0031326,GO:0032502,GO:0043226,GO:0043227,GO:0043229,GO:0043231,GO:0043565,GO:0044212,GO:0044424,GO:0044464,GO:0048869,GO:0050789,GO:0050794,GO:0051171,GO:0051252,GO:0060255,GO:0065007,GO:0080090,GO:0097159,GO:0140110,GO:1901363,GO:1903506,GO:2000112,GO:2001141","ko:K09422","","K","Myb-like DNA-binding domain"
"LOC101254421","OG0013153",-1.02179077787364,0.0444161378272739,"4081.Solyc09g075970.2.1","","","","I","Domain in homologues of a S. cerevisiae phosphatidylinositol transfer protein (Sec14p)"
"LOC101253257","OG0011798",-1.91280970010119,0.0445679547159069,"4081.Solyc12g009240.1.1","GO:0002213,GO:0003674,GO:0003700,GO:0006355,GO:0006950,GO:0006952,GO:0008150,GO:0009611,GO:0009888,GO:0009889,GO:0009987,GO:0010087,GO:0010468,GO:0010556,GO:0019219,GO:0019222,GO:0031323,GO:0031326,GO:0032502,GO:0048856,GO:0050789,GO:0050794,GO:0050896,GO:0051171,GO:0051252,GO:0051301,GO:0060255,GO:0065007,GO:0080090,GO:0140110,GO:1903506,GO:2000112,GO:2001141","","","K","Transcription factor"
"CO3","OG0008903",1.00607650266601,0.0445890576981627,"4081.Solyc02g089520.1.1","GO:0000003,GO:0003006,GO:0003674,GO:0003700,GO:0005488,GO:0005515,GO:0005575,GO:0005622,GO:0005623,GO:0005634,GO:0006355,GO:0006996,GO:0007154,GO:0007165,GO:0007275,GO:0008150,GO:0009314,GO:0009416,GO:0009628,GO:0009639,GO:0009657,GO:0009658,GO:0009791,GO:0009889,GO:0009908,GO:0009909,GO:0009987,GO:0010017,GO:0010018,GO:0010218,GO:0010468,GO:0010556,GO:0016043,GO:0019219,GO:0019222,GO:0022414,GO:0023052,GO:0031323,GO:0031326,GO:0032501,GO:0032502,GO:0042802,GO:0043226,GO:0043227,GO:0043229,GO:0043231,GO:0044424,GO:0044464,GO:0048367,GO:0048580,GO:0048608,GO:0048731,GO:0048831,GO:0048856,GO:0050789,GO:0050793,GO:0050794,GO:0050896,GO:0051171,GO:0051239,GO:0051252,GO:0051716,GO:0060255,GO:0061458,GO:0065007,GO:0071214,GO:0071478,GO:0071482,GO:0071489,GO:0071490,GO:0071840,GO:0080090,GO:0090567,GO:0104004,GO:0140110,GO:1903506,GO:2000026,GO:2000112,GO:2000241,GO:2001141","ko:K12135","ko04712,map04712","K","Zinc finger protein"
"LOC101260464",NA,2.87890628054727,0.0447595087306658,NA,NA,NA,NA,NA,NA
"LOC101245669","OG0002048",-1.16984497704357,0.04534449403952,"4081.Solyc07g008100.2.1","","","","",""
"RSI-1","OG0004432",-1.25807934186282,0.0453813886881799,"4081.Solyc11g011210.1.1","GO:0001101,GO:0005575,GO:0005911,GO:0006950,GO:0008150,GO:0009266,GO:0009408,GO:0009506,GO:0009628,GO:0009719,GO:0009725,GO:0009751,GO:0010033,GO:0010286,GO:0014070,GO:0030054,GO:0042221,GO:0042493,GO:0046677,GO:0050896,GO:0055044,GO:1901700","","","S","Gibberellin regulated protein"
"LOC101265297","OG0000120",1.40138845357601,0.0453856462551348,"4081.Solyc02g077520.2.1","GO:0003674,GO:0003824,GO:0005488,GO:0005515,GO:0005575,GO:0005622,GO:0005623,GO:0005737,GO:0006725,GO:0006807,GO:0008150,GO:0008152,GO:0008168,GO:0008171,GO:0008757,GO:0009058,GO:0009820,GO:0009821,GO:0009987,GO:0016740,GO:0016741,GO:0019438,GO:0030766,GO:0032259,GO:0034641,GO:0042802,GO:0042803,GO:0044237,GO:0044249,GO:0044271,GO:0044424,GO:0044464,GO:0046983,GO:0071704,GO:1901564,GO:1901566,GO:1901576","ko:K13259,ko:K13262,ko:K16040","ko00943,ko00945,ko01110,map00943,map00945,map01110","S","Belongs to the class I-like SAM-binding methyltransferase superfamily. Cation-independent O- methyltransferase family"
"LOC101248254","OG0004432",-1.91987943603339,0.0453880636686436,"4081.Solyc02g089350.2.1","GO:0005575,GO:0005576","","","S","Gibberellin regulated protein"
"ABCG4","OG0012673",-1.7352923978415,0.0453880636686436,"4081.Solyc03g007690.1.1","GO:0003674,GO:0003824,GO:0005215,GO:0005575,GO:0005623,GO:0005886,GO:0006810,GO:0008150,GO:0015399,GO:0015405,GO:0016020,GO:0016021,GO:0016462,GO:0016787,GO:0016817,GO:0016818,GO:0016887,GO:0017111,GO:0022804,GO:0022857,GO:0031224,GO:0042623,GO:0042626,GO:0043492,GO:0044425,GO:0044464,GO:0051179,GO:0051234,GO:0055085,GO:0071944","","","Q","ABC transporter G family member 8-like"
"ABCG23","OG0003286",-1.37703119020507,0.0453880636686436,"4081.Solyc09g005970.1.1","GO:0003674,GO:0003824,GO:0005215,GO:0005575,GO:0005623,GO:0005886,GO:0006725,GO:0006810,GO:0008150,GO:0008152,GO:0009058,GO:0009698,GO:0009699,GO:0009987,GO:0010345,GO:0015399,GO:0015405,GO:0016020,GO:0016021,GO:0016462,GO:0016787,GO:0016817,GO:0016818,GO:0016887,GO:0017111,GO:0019438,GO:0019748,GO:0022804,GO:0022857,GO:0031224,GO:0042623,GO:0042626,GO:0043492,GO:0044237,GO:0044249,GO:0044425,GO:0044464,GO:0044550,GO:0051179,GO:0051234,GO:0055085,GO:0071704,GO:0071944,GO:1901360,GO:1901362,GO:1901576","ko:K05681","ko01523,ko02010,ko04976,map01523,map02010,map04976","Q","ABC transporter G family member 20-like"
"LOC101253154","OG0009565",-1.15926162160053,0.0453880636686436,"4081.Solyc02g063330.2.1","GO:0003674,GO:0003824,GO:0004672,GO:0004674,GO:0004675,GO:0004888,GO:0005575,GO:0005623,GO:0005886,GO:0006464,GO:0006468,GO:0006793,GO:0006796,GO:0006807,GO:0007154,GO:0007165,GO:0007166,GO:0007167,GO:0007178,GO:0008150,GO:0008152,GO:0009987,GO:0016020,GO:0016301,GO:0016310,GO:0016740,GO:0016772,GO:0016773,GO:0019199,GO:0019538,GO:0023052,GO:0036211,GO:0038023,GO:0043170,GO:0043412,GO:0044237,GO:0044238,GO:0044260,GO:0044267,GO:0044464,GO:0050789,GO:0050794,GO:0050896,GO:0051716,GO:0060089,GO:0065007,GO:0071704,GO:0071944,GO:0140096,GO:1901564","ko:K04733","ko04010,ko04064,ko04620,ko04621,ko04624,ko04722,ko05133,ko05140,ko05142,ko05145,ko05152,ko05162,ko05164,map04010,map04064,map04620,map04621,map04624,map04722,map05133,map05140,map05142,map05145,map05152,map05162,map05164","T","Protein kinase domain"
"LOC101250829","OG0000451",1.43618389045133,0.0454479814130458,"4081.Solyc01g007980.2.1","GO:0000302,GO:0001101,GO:0003674,GO:0003824,GO:0004672,GO:0004674,GO:0005575,GO:0005623,GO:0005886,GO:0005911,GO:0006464,GO:0006468,GO:0006793,GO:0006796,GO:0006807,GO:0006950,GO:0006979,GO:0008150,GO:0008152,GO:0009506,GO:0009987,GO:0010035,GO:0010193,GO:0016020,GO:0016301,GO:0016310,GO:0016740,GO:0016772,GO:0016773,GO:0019538,GO:0030054,GO:0036211,GO:0042221,GO:0042493,GO:0043170,GO:0043412,GO:0044237,GO:0044238,GO:0044260,GO:0044267,GO:0044464,GO:0046677,GO:0046777,GO:0050896,GO:0055044,GO:0071704,GO:0071944,GO:0140096,GO:1901564,GO:1901700","","","T","Salt stress response/antifungal"
"DMR6-1","OG0010616",1.64001694725664,0.0455588613290004,"4081.Solyc03g080190.2.1","GO:0001101,GO:0002229,GO:0002239,GO:0003674,GO:0003824,GO:0004497,GO:0006082,GO:0006725,GO:0006950,GO:0006952,GO:0007275,GO:0007568,GO:0008150,GO:0008152,GO:0009056,GO:0009058,GO:0009605,GO:0009607,GO:0009617,GO:0009620,GO:0009696,GO:0009719,GO:0009725,GO:0009751,GO:0009812,GO:0009813,GO:0009987,GO:0010033,GO:0010150,GO:0010817,GO:0014070,GO:0016054,GO:0016491,GO:0016705,GO:0016706,GO:0016709,GO:0016999,GO:0017001,GO:0017144,GO:0018958,GO:0019336,GO:0019439,GO:0019752,GO:0032501,GO:0032502,GO:0032787,GO:0033759,GO:0034785,GO:0042221,GO:0042440,GO:0042445,GO:0042447,GO:0042493,GO:0042537,GO:0042737,GO:0042742,GO:0043207,GO:0043436,GO:0044237,GO:0044248,GO:0044281,GO:0044282,GO:0046148,GO:0046244,GO:0046395,GO:0046677,GO:0048366,GO:0048367,GO:0048731,GO:0048827,GO:0048856,GO:0050896,GO:0051213,GO:0051552,GO:0051553,GO:0051704,GO:0051707,GO:0055114,GO:0065007,GO:0065008,GO:0071704,GO:0072329,GO:0090693,GO:0098542,GO:0099402,GO:1901360,GO:1901361,GO:1901575,GO:1901576,GO:1901615,GO:1901616,GO:1901700","","","Q","Belongs to the iron ascorbate-dependent oxidoreductase family"
"LOC101265391","OG0005832",-1.02015002878673,0.0460831458795064,"4081.Solyc02g084990.2.1","GO:0000003,GO:0000272,GO:0003006,GO:0003674,GO:0003824,GO:0004553,GO:0004567,GO:0005575,GO:0005576,GO:0005623,GO:0005975,GO:0005976,GO:0006950,GO:0007275,GO:0008150,GO:0008152,GO:0009056,GO:0009057,GO:0009636,GO:0009664,GO:0009791,GO:0009827,GO:0009828,GO:0009845,GO:0009900,GO:0009987,GO:0010035,GO:0010038,GO:0010047,GO:0010154,GO:0010412,GO:0015923,GO:0016043,GO:0016052,GO:0016787,GO:0016798,GO:0016985,GO:0016998,GO:0022414,GO:0032501,GO:0032502,GO:0032504,GO:0042221,GO:0042545,GO:0043170,GO:0044036,GO:0044237,GO:0044238,GO:0044247,GO:0044248,GO:0044260,GO:0044262,GO:0044264,GO:0044275,GO:0044464,GO:0045229,GO:0046355,GO:0046686,GO:0048046,GO:0048608,GO:0048609,GO:0048731,GO:0048856,GO:0050896,GO:0061458,GO:0061687,GO:0071554,GO:0071555,GO:0071585,GO:0071669,GO:0071704,GO:0071840,GO:0071944,GO:0090351,GO:0097501,GO:0098754,GO:1901575,GO:1990059,GO:1990170","ko:K19355","ko00051,map00051","G","Belongs to the glycosyl hydrolase 5 (cellulase A) family"
"LOC101255016","OG0004379",4.04445335016022,0.0463257701227159,"4113.PGSC0003DMT400002985","GO:0003674,GO:0003712,GO:0003714,GO:0005575,GO:0005622,GO:0005623,GO:0005634,GO:0006950,GO:0008150,GO:0009611,GO:0009889,GO:0009890,GO:0009892,GO:0009966,GO:0010556,GO:0010558,GO:0010605,GO:0010646,GO:0019219,GO:0019222,GO:0023051,GO:0031323,GO:0031324,GO:0031326,GO:0031327,GO:0031347,GO:0043226,GO:0043227,GO:0043229,GO:0043231,GO:0044424,GO:0044464,GO:0045934,GO:0048519,GO:0048523,GO:0048583,GO:0050789,GO:0050794,GO:0050896,GO:0051171,GO:0051172,GO:0051252,GO:0051253,GO:0060255,GO:0065007,GO:0080090,GO:0080134,GO:0140110,GO:1902679,GO:1903506,GO:1903507,GO:2000022,GO:2001141","","","S","TIFY 5A-like"
"JA2L","OG0008054",1.68294682351767,0.0468754605341049,"4081.Solyc07g063410.2.1","GO:0001101,GO:0003674,GO:0003700,GO:0006355,GO:0006950,GO:0007154,GO:0007165,GO:0008150,GO:0009414,GO:0009415,GO:0009628,GO:0009719,GO:0009725,GO:0009753,GO:0009755,GO:0009867,GO:0009889,GO:0009987,GO:0010033,GO:0010035,GO:0010468,GO:0010556,GO:0019219,GO:0019222,GO:0023052,GO:0031323,GO:0031326,GO:0032870,GO:0042221,GO:0050789,GO:0050794,GO:0050896,GO:0051171,GO:0051252,GO:0051716,GO:0060255,GO:0065007,GO:0070887,GO:0071229,GO:0071310,GO:0071395,GO:0071495,GO:0080090,GO:0140110,GO:1901700,GO:1901701,GO:1903506,GO:2000112,GO:2001141","","","K","No apical meristem (NAM) protein"
"LOC101244455","OG0007031",1.25064926265585,0.0469597684814238,"4081.Solyc02g078690.1.1","GO:0003674,GO:0003824,GO:0004180,GO:0004185,GO:0005575,GO:0005622,GO:0005623,GO:0005737,GO:0005773,GO:0006508,GO:0006807,GO:0008150,GO:0008152,GO:0008233,GO:0008236,GO:0008238,GO:0009056,GO:0009057,GO:0009987,GO:0016787,GO:0017171,GO:0019538,GO:0030163,GO:0043170,GO:0043226,GO:0043227,GO:0043229,GO:0043231,GO:0044237,GO:0044238,GO:0044248,GO:0044257,GO:0044260,GO:0044265,GO:0044267,GO:0044424,GO:0044444,GO:0044464,GO:0051603,GO:0070008,GO:0070011,GO:0071704,GO:0140096,GO:1901564,GO:1901565,GO:1901575","ko:K16297","","O","Belongs to the peptidase S10 family"
"TSI-1","OG0000117",-1.16791849672767,0.0469597684814238,"4081.Solyc09g090990.2.1","","","","H","Pathogenesis-related protein STH-2-like"
"LOC101267231","OG0000123",1.10477197508377,0.0469597684814238,"4081.Solyc04g078290.2.1","GO:0003674,GO:0003824,GO:0004497,GO:0005575,GO:0006082,GO:0006725,GO:0006790,GO:0006807,GO:0006950,GO:0006952,GO:0008150,GO:0008152,GO:0009058,GO:0009605,GO:0009607,GO:0009987,GO:0016020,GO:0016143,GO:0016491,GO:0016705,GO:0016709,GO:0019748,GO:0019757,GO:0019760,GO:0034641,GO:0042343,GO:0042430,GO:0043207,GO:0043436,GO:0044237,GO:0044281,GO:0044550,GO:0046483,GO:0050896,GO:0051704,GO:0051707,GO:0055114,GO:0071704,GO:0098542,GO:1901135,GO:1901360,GO:1901564,GO:1901657","ko:K00512,ko:K20623","ko00140,ko00905,ko01100,ko01110,ko04913,ko04917,ko04927,ko04934,map00140,map00905,map01100,map01110,map04913,map04917,map04927,map04934","Q","Cytochrome P450"
"LOC101243868","OG0004235",-1.66262222294035,0.0476166354969716,"4081.Solyc03g093790.2.1","","","","D","Cyclin"
"LOC101263765","OG0000738",1.13035840699418,0.0476166354969716,"4081.Solyc10g005950.2.1","GO:0000166,GO:0003674,GO:0003824,GO:0005488,GO:0005575,GO:0005622,GO:0005623,GO:0005737,GO:0005829,GO:0006950,GO:0006979,GO:0008150,GO:0016462,GO:0016787,GO:0016817,GO:0016818,GO:0036094,GO:0044424,GO:0044444,GO:0044464,GO:0047631,GO:0048037,GO:0050662,GO:0050896,GO:0051287,GO:0097159,GO:1901265,GO:1901363","","","T","Nudix hydrolase"
"LOC101265165","OG0000685",1.12782179670263,0.0476166354969716,"4081.Solyc01g086870.2.1","","","","K","helix loop helix domain"
"LOC104648079","OG0019150",1.01582909109582,0.0476166354969716,"4113.PGSC0003DMT400043219","GO:0000003,GO:0003006,GO:0003674,GO:0003824,GO:0006464,GO:0006486,GO:0006725,GO:0006807,GO:0007275,GO:0008150,GO:0008152,GO:0008194,GO:0009058,GO:0009059,GO:0009100,GO:0009101,GO:0009308,GO:0009653,GO:0009690,GO:0009791,GO:0009888,GO:0009889,GO:0009908,GO:0009965,GO:0009987,GO:0010015,GO:0010016,GO:0010073,GO:0010075,GO:0010083,GO:0010154,GO:0010380,GO:0010817,GO:0016740,GO:0016757,GO:0016758,GO:0016763,GO:0019222,GO:0019538,GO:0022414,GO:0022622,GO:0031323,GO:0031326,GO:0032501,GO:0032502,GO:0034645,GO:0034754,GO:0035251,GO:0035252,GO:0036211,GO:0040008,GO:0042285,GO:0042445,GO:0043170,GO:0043412,GO:0043413,GO:0044237,GO:0044238,GO:0044249,GO:0044260,GO:0044267,GO:0045926,GO:0046483,GO:0046527,GO:0048316,GO:0048364,GO:0048366,GO:0048367,GO:0048439,GO:0048507,GO:0048509,GO:0048519,GO:0048608,GO:0048638,GO:0048731,GO:0048827,GO:0048831,GO:0048856,GO:0050403,GO:0050404,GO:0050789,GO:0050793,GO:0050794,GO:0051171,GO:0051193,GO:0051239,GO:0061458,GO:0065007,GO:0065008,GO:0070085,GO:0071704,GO:0090056,GO:0090567,GO:0090698,GO:0099402,GO:1901135,GO:1901137,GO:1901401,GO:1901463,GO:1901564,GO:1901566,GO:1901576,GO:1905392,GO:1905613,GO:2000026","ko:K13494,ko:K13495","ko00908,ko01110,map00908,map01110","CG","Belongs to the UDP-glycosyltransferase family"
"LOC101261936",NA,1.97314286960545,0.0477148780995167,"4081.Solyc08g005090.1.1","","","","",""
"LOC101252437","OG0002732",-1.76194661662179,0.0477148780995167,"4081.Solyc01g096940.2.1","","","","T","inactive leucine-rich repeat receptor-like protein kinase At3g03770 isoform X1"
"LOC543968","OG0002552",-1.11752730740455,0.0477148780995167,"4081.Solyc07g056140.2.1","GO:0000003,GO:0000271,GO:0003006,GO:0003674,GO:0003824,GO:0005575,GO:0005576,GO:0005622,GO:0005623,GO:0005737,GO:0005975,GO:0005976,GO:0005982,GO:0006073,GO:0007275,GO:0008150,GO:0008152,GO:0008878,GO:0009058,GO:0009059,GO:0009250,GO:0009314,GO:0009416,GO:0009501,GO:0009507,GO:0009532,GO:0009536,GO:0009570,GO:0009628,GO:0009648,GO:0009791,GO:0009987,GO:0010228,GO:0016051,GO:0016740,GO:0016772,GO:0016779,GO:0019252,GO:0022414,GO:0030929,GO:0030931,GO:0032501,GO:0032502,GO:0032991,GO:0033692,GO:0034637,GO:0034645,GO:0043170,GO:0043226,GO:0043227,GO:0043229,GO:0043231,GO:0044042,GO:0044237,GO:0044238,GO:0044249,GO:0044260,GO:0044262,GO:0044264,GO:0044422,GO:0044424,GO:0044434,GO:0044435,GO:0044444,GO:0044446,GO:0044464,GO:0048046,GO:0048573,GO:0048608,GO:0048731,GO:0048856,GO:0050896,GO:0061458,GO:0070566,GO:0071704,GO:1901576","ko:K00975","ko00500,ko00520,ko01100,ko01110,ko02026,map00500,map00520,map01100,map01110,map02026","H","This protein plays a role in synthesis of starch. It catalyzes the synthesis of the activated glycosyl donor, ADP- glucose from Glc-1-P and ATP"
"LOC101249999","OG0011763",-1.06273835049284,0.0477148780995167,"4081.Solyc03g095310.2.1","GO:0003674,GO:0003824,GO:0004497,GO:0006725,GO:0006807,GO:0008150,GO:0008152,GO:0009058,GO:0009308,GO:0009690,GO:0009691,GO:0009987,GO:0010817,GO:0016491,GO:0018130,GO:0019438,GO:0033397,GO:0033398,GO:0033400,GO:0033466,GO:0034641,GO:0034754,GO:0042445,GO:0042446,GO:0044237,GO:0044249,GO:0044271,GO:0046483,GO:0055114,GO:0065007,GO:0065008,GO:0071704,GO:0072521,GO:0072522,GO:1901360,GO:1901362,GO:1901564,GO:1901566,GO:1901576","ko:K20661,ko:K20662","","Q","cytochrome P450"
"LOC101243792","OG0005479",1.86982402723984,0.0479259151260443,"4081.Solyc06g054640.1.1","","","","S","PDDEXK-like family of unknown function"
"LOC101267728","OG0001262",1.86799395708336,0.048222668671422,"4081.Solyc08g082980.2.1","","ko:K08867","","T","Protein kinase domain"
"LOC101247921",NA,-1.11162331228374,0.048345914286275,NA,NA,NA,NA,NA,NA
"LEA14","OG0003437",1.08398700054427,0.0483895167905169,"4081.Solyc01g095150.2.1","GO:0005575,GO:0005576,GO:0005622,GO:0005623,GO:0005737,GO:0005829,GO:0005886,GO:0006950,GO:0006952,GO:0008150,GO:0009314,GO:0009416,GO:0009605,GO:0009607,GO:0009611,GO:0009620,GO:0009628,GO:0009642,GO:0009644,GO:0016020,GO:0043207,GO:0044424,GO:0044444,GO:0044464,GO:0048046,GO:0050832,GO:0050896,GO:0051704,GO:0051707,GO:0071944,GO:0098542","","","S","Water Stress and Hypersensitive response"
"LOC101261383","OG0009106",1.69101635490896,0.0484286747454042,"4081.Solyc11g010170.1.1","GO:0005575,GO:0005623,GO:0005886,GO:0007154,GO:0007165,GO:0008150,GO:0009987,GO:0016020,GO:0019898,GO:0023052,GO:0044425,GO:0044464,GO:0050789,GO:0050794,GO:0050896,GO:0051716,GO:0065007,GO:0071944","","","V","Lanthionine synthetase C-like protein"
"DREB2",NA,-1.87421817080476,0.0487690887404795,"4081.Solyc12g008350.1.1","GO:0003674,GO:0003700,GO:0006355,GO:0008150,GO:0009889,GO:0010468,GO:0010556,GO:0019219,GO:0019222,GO:0031323,GO:0031326,GO:0050789,GO:0050794,GO:0051171,GO:0051252,GO:0060255,GO:0065007,GO:0080090,GO:0140110,GO:1903506,GO:2000112,GO:2001141","ko:K09286","","K","DNA-binding domain in plant proteins such as APETALA2 and EREBPs"
"LOC101268737","OG0001676",1.23750386643943,0.0492062080526796,"4081.Solyc11g068770.1.1","GO:0000175,GO:0000288,GO:0000289,GO:0000291,GO:0000932,GO:0000956,GO:0002213,GO:0003674,GO:0003824,GO:0004518,GO:0004527,GO:0004532,GO:0004535,GO:0004540,GO:0005575,GO:0005622,GO:0005623,GO:0005737,GO:0006139,GO:0006401,GO:0006402,GO:0006417,GO:0006725,GO:0006807,GO:0006950,GO:0006952,GO:0008150,GO:0008152,GO:0008408,GO:0009056,GO:0009057,GO:0009605,GO:0009607,GO:0009611,GO:0009617,GO:0009889,GO:0009890,GO:0009892,GO:0009987,GO:0010468,GO:0010556,GO:0010558,GO:0010605,GO:0010608,GO:0010629,GO:0016070,GO:0016071,GO:0016787,GO:0016788,GO:0016796,GO:0016896,GO:0017148,GO:0019222,GO:0019439,GO:0030014,GO:0030015,GO:0031323,GO:0031324,GO:0031326,GO:0031327,GO:0032268,GO:0032269,GO:0032991,GO:0034248,GO:0034249,GO:0034641,GO:0034655,GO:0035770,GO:0036464,GO:0042742,GO:0043170,GO:0043207,GO:0043226,GO:0043228,GO:0043229,GO:0043232,GO:0043928,GO:0044237,GO:0044238,GO:0044248,GO:0044260,GO:0044265,GO:0044270,GO:0044424,GO:0044444,GO:0044464,GO:0046483,GO:0046700,GO:0048519,GO:0048523,GO:0050789,GO:0050794,GO:0050896,GO:0051171,GO:0051172,GO:0051246,GO:0051248,GO:0051704,GO:0051707,GO:0060255,GO:0065007,GO:0071704,GO:0080090,GO:0090304,GO:0090305,GO:0090501,GO:0090503,GO:0098542,GO:0140098,GO:1901360,GO:1901361,GO:1901575,GO:1990904,GO:2000112,GO:2000113","ko:K12581","ko03018,map03018","A","Ccr4-associated factor"
"LOC101267686","OG0003677",-1.02746074135389,0.0493260425084023,"4081.Solyc12g009310.1.1","GO:0003674,GO:0003824,GO:0004672,GO:0004674,GO:0004675,GO:0004888,GO:0005575,GO:0005623,GO:0005886,GO:0006464,GO:0006468,GO:0006793,GO:0006796,GO:0006807,GO:0007154,GO:0007165,GO:0007166,GO:0007167,GO:0007178,GO:0008150,GO:0008152,GO:0009987,GO:0016020,GO:0016301,GO:0016310,GO:0016740,GO:0016772,GO:0016773,GO:0019199,GO:0019538,GO:0023052,GO:0036211,GO:0038023,GO:0043170,GO:0043412,GO:0044237,GO:0044238,GO:0044260,GO:0044267,GO:0044464,GO:0050789,GO:0050794,GO:0050896,GO:0051716,GO:0060089,GO:0065007,GO:0071704,GO:0071944,GO:0140096,GO:1901564","ko:K04733","ko04010,ko04064,ko04620,ko04621,ko04624,ko04722,ko05133,ko05140,ko05142,ko05145,ko05152,ko05162,ko05164,map04010,map04064,map04620,map04621,map04624,map04722,map05133,map05140,map05142,map05145,map05152,map05162,map05164","T","Protein kinase domain"
"LOC101256628","OG0009083",1.11454209705914,0.0493754445405095,"4081.Solyc01g098580.2.1","GO:0003674,GO:0003824,GO:0005575,GO:0005622,GO:0005623,GO:0005737,GO:0005829,GO:0005975,GO:0006793,GO:0006796,GO:0008150,GO:0008152,GO:0009987,GO:0016311,GO:0016787,GO:0016788,GO:0016791,GO:0042578,GO:0044237,GO:0044238,GO:0044424,GO:0044444,GO:0044464,GO:0071704","","","S","phosphoglycerate"
"XET2",NA,-1.20045748892104,0.0494432676739151,"4081.Solyc07g009380.2.1","","ko:K08235,ko:K14504","ko04075,map04075","G","Catalyzes xyloglucan endohydrolysis (XEH) and or endotransglycosylation (XET). Cleaves and religates xyloglucan polymers, an essential constituent of the primary cell wall, and thereby participates in cell wall construction of growing tissues"
"LOC101249426","OG0008367",2.37259406584725,0.0496215147024527,"4081.Solyc02g069250.2.1","","ko:K00083","ko00940,ko01100,ko01110,map00940,map01100,map01110","Q","Alcohol dehydrogenase GroES-like domain"
"Phyt4","OG0001541",-1.78977371001632,0.0496215147024527,"4081.Solyc04g078720.1.1","","","","O","Peptidase inhibitor I9"
