Gene_ID,Orthogroup,log2FoldChange,adjusted_pvalue,eggNOG_ortholog,GO_terms,KEGG_ko,KEGG_pathway,COG_category,Description
LOC102592852,OG0003692,1.752279134,1.59E-29,4113.PGSC0003DMT400009066,"GO:0000165,GO:0000302,GO:0003674,GO:0003824,GO:0004672,GO:0004674,GO:0004707,GO:0005575,GO:0005622,GO:0005623,GO:0005634,GO:0005737,GO:0006464,GO:0006468,GO:0006793,GO:0006796,GO:0006807,GO:0006950,GO:0006979,GO:0007154,GO:0007165,GO:0008150,GO:0008152,GO:0009636,GO:0009987,GO:0010035,GO:0010468,GO:0016301,GO:0016310,GO:0016740,GO:0016772,GO:0016773,GO:0019222,GO:0019538,GO:0023014,GO:0023052,GO:0035556,GO:0036211,GO:0042221,GO:0042493,GO:0042542,GO:0043170,GO:0043226,GO:0043227,GO:0043229,GO:0043231,GO:0043412,GO:0044237,GO:0044238,GO:0044260,GO:0044267,GO:0044424,GO:0044464,GO:0046677,GO:0050789,GO:0050794,GO:0050896,GO:0051716,GO:0060255,GO:0065007,GO:0071704,GO:0140096,GO:1901564,GO:1901700",ko:K20537,"ko04016,map04016",T,Mitogen-activated protein kinase
LOC102585742,NA,4.078104129,2.91E-23,4113.PGSC0003DMT400069897,,,,S,acetyltransferase At3g50280-like
LOC102587373,NA,2.414151023,1.54E-22,4113.PGSC0003DMT400004792,,,,S,Rare lipoprotein A (RlpA)-like double-psi beta-barrel
LOC102581529,OG0001216,2.956476556,2.45E-20,4113.PGSC0003DMT400072092,,,,S,21 kDa protein-like
LOC102604929,OG0004429,-1.098848201,2.45E-20,4081.Solyc08g082640.2.1,"GO:0000271,GO:0000278,GO:0000281,GO:0000910,GO:0003674,GO:0003824,GO:0005575,GO:0005622,GO:0005623,GO:0005737,GO:0005794,GO:0005886,GO:0005975,GO:0005976,GO:0006073,GO:0007049,GO:0008150,GO:0008152,GO:0009058,GO:0009059,GO:0009250,GO:0009832,GO:0009833,GO:0009987,GO:0012505,GO:0016020,GO:0016051,GO:0016740,GO:0016757,GO:0016758,GO:0016759,GO:0022402,GO:0030243,GO:0030244,GO:0033692,GO:0034637,GO:0034645,GO:0042546,GO:0043170,GO:0043226,GO:0043227,GO:0043229,GO:0043231,GO:0044042,GO:0044085,GO:0044237,GO:0044238,GO:0044249,GO:0044260,GO:0044262,GO:0044264,GO:0044424,GO:0044444,GO:0044464,GO:0046527,GO:0051273,GO:0051274,GO:0051301,GO:0061640,GO:0071554,GO:0071669,GO:0071704,GO:0071840,GO:0071944,GO:1901576,GO:1903047",,,G,Belongs to the glycosyltransferase 2 family
LOC102587827,OG0001639,2.73882977,5.13E-20,4113.PGSC0003DMT400011748,"GO:0000981,GO:0000988,GO:0000989,GO:0001067,GO:0001076,GO:0001101,GO:0001134,GO:0001135,GO:0003674,GO:0003676,GO:0003677,GO:0003700,GO:0005488,GO:0005575,GO:0005622,GO:0005623,GO:0005634,GO:0006355,GO:0006357,GO:0006950,GO:0006970,GO:0008150,GO:0009605,GO:0009607,GO:0009620,GO:0009628,GO:0009651,GO:0009719,GO:0009723,GO:0009725,GO:0009737,GO:0009753,GO:0009889,GO:0009987,GO:0010033,GO:0010468,GO:0010556,GO:0019219,GO:0019222,GO:0030154,GO:0031323,GO:0031326,GO:0032502,GO:0033993,GO:0042221,GO:0043207,GO:0043226,GO:0043227,GO:0043229,GO:0043231,GO:0043565,GO:0044212,GO:0044424,GO:0044464,GO:0048869,GO:0050789,GO:0050794,GO:0050896,GO:0051171,GO:0051252,GO:0051704,GO:0051707,GO:0060255,GO:0065007,GO:0080090,GO:0097159,GO:0097305,GO:0140110,GO:1901363,GO:1901700,GO:1902074,GO:1903506,GO:2000112,GO:2001141",ko:K09422,,K,Transcription factor
LOC102583000,NA,-3.417527743,1.02E-17,4081.Solyc05g005870.2.1,"GO:0002831,GO:0002832,GO:0003674,GO:0005215,GO:0005575,GO:0005622,GO:0005623,GO:0005737,GO:0005783,GO:0005886,GO:0005887,GO:0005938,GO:0006810,GO:0007154,GO:0007165,GO:0008150,GO:0009719,GO:0009725,GO:0009733,GO:0009734,GO:0009755,GO:0009987,GO:0010033,GO:0012505,GO:0016020,GO:0016021,GO:0022857,GO:0023052,GO:0031224,GO:0031226,GO:0031347,GO:0031348,GO:0032101,GO:0032102,GO:0032870,GO:0042221,GO:0043226,GO:0043227,GO:0043229,GO:0043231,GO:0043900,GO:0043901,GO:0044424,GO:0044425,GO:0044444,GO:0044459,GO:0044464,GO:0048519,GO:0048583,GO:0048585,GO:0050789,GO:0050794,GO:0050896,GO:0051179,GO:0051234,GO:0051716,GO:0055085,GO:0065007,GO:0070887,GO:0071310,GO:0071365,GO:0071495,GO:0071944,GO:0080134,GO:0099568,GO:1900150,GO:1900424,GO:1900425,GO:1902288,GO:1902289",,,S,WAT1-related protein At1g70260-like
LOC102595213,OG0004990,1.532986708,1.19E-17,4113.PGSC0003DMT400041343,"GO:0003674,GO:0003824,GO:0004672,GO:0004674,GO:0004675,GO:0004888,GO:0005488,GO:0005515,GO:0005575,GO:0005623,GO:0005886,GO:0006464,GO:0006468,GO:0006793,GO:0006796,GO:0006807,GO:0007154,GO:0007165,GO:0007166,GO:0007167,GO:0007178,GO:0008150,GO:0008152,GO:0009987,GO:0016020,GO:0016301,GO:0016310,GO:0016740,GO:0016772,GO:0016773,GO:0019199,GO:0019538,GO:0019899,GO:0019900,GO:0019901,GO:0023052,GO:0036211,GO:0038023,GO:0043170,GO:0043412,GO:0044237,GO:0044238,GO:0044260,GO:0044267,GO:0044464,GO:0050789,GO:0050794,GO:0050896,GO:0051716,GO:0060089,GO:0065007,GO:0071704,GO:0071944,GO:0140096,GO:1901564",,,T,Protein kinase domain
LOC102585071,OG0000058,2.935812018,2.21E-17,4113.PGSC0003DMT400069755,,,,S,acetyltransferase At3g50280-like
LOC102597565,NA,2.086138709,6.95E-17,4113.PGSC0003DMT400044437,,,,Q,Belongs to the iron ascorbate-dependent oxidoreductase family
LOC102593655,OG0000316,3.918891183,1.65E-16,4113.PGSC0003DMT400050252,"GO:0005575,GO:0005622,GO:0005623,GO:0005634,GO:0043226,GO:0043227,GO:0043229,GO:0043231,GO:0044424,GO:0044464",ko:K12127,"ko04712,map04712",K,Two-component response regulator-like APRR1
LOC102601558,OG0000117,1.993558214,3.32E-16,4113.PGSC0003DMT400025547,,,,O,Thaumatin family
LOC102605267,OG0007102,2.578063372,4.32E-16,4113.PGSC0003DMT400052409,,,,S,Transferase family
LOC102603761,NA,1.452157135,6.93E-16,4113.PGSC0003DMT400031149,"GO:0003674,GO:0003824,GO:0005575,GO:0005622,GO:0005623,GO:0005737,GO:0005829,GO:0008150,GO:0009628,GO:0009636,GO:0009966,GO:0009987,GO:0010646,GO:0016787,GO:0016810,GO:0023051,GO:0042221,GO:0044424,GO:0044444,GO:0044464,GO:0048583,GO:0050789,GO:0050794,GO:0050896,GO:0051716,GO:0065007,GO:0070887,GO:0080167,GO:0097237,GO:0120091,GO:2000022",,,Q,Belongs to the iron ascorbate-dependent oxidoreductase family
LOC102584874,OG0011748,2.001777035,1.74E-15,4113.PGSC0003DMT400027932,,"ko:K09286,ko:K14517","ko04075,map04075",K,Transcription factor
LOC102583974,NA,-1.854671409,2.26E-15,4113.PGSC0003DMT400032715,,,,S,isoform X1
LOC107060349,OG0003863,2.843330528,3.32E-15,4113.PGSC0003DMT400003357,,,,O,ubiquitin-protein transferase activity
LOC102598259,OG0001233,1.480328582,7.60E-15,4113.PGSC0003DMT400007545,,ko:K14515,"ko04016,ko04075,map04016,map04075",S,EIN3-binding F-box protein
LOC102596533,OG0001792,-1.327305829,1.24E-14,4113.PGSC0003DMT400037473,"GO:0000003,GO:0000902,GO:0000904,GO:0001505,GO:0003006,GO:0003674,GO:0003824,GO:0005575,GO:0005622,GO:0005623,GO:0005737,GO:0005829,GO:0006576,GO:0006629,GO:0006644,GO:0006650,GO:0006656,GO:0006793,GO:0006796,GO:0006807,GO:0006935,GO:0007275,GO:0008150,GO:0008152,GO:0008168,GO:0008170,GO:0008610,GO:0008654,GO:0008757,GO:0009058,GO:0009308,GO:0009309,GO:0009555,GO:0009605,GO:0009653,GO:0009791,GO:0009826,GO:0009856,GO:0009860,GO:0009932,GO:0009987,GO:0010183,GO:0016043,GO:0016049,GO:0016740,GO:0016741,GO:0019637,GO:0019695,GO:0022414,GO:0022622,GO:0030154,GO:0032259,GO:0032501,GO:0032502,GO:0032989,GO:0034641,GO:0040007,GO:0040011,GO:0042133,GO:0042136,GO:0042221,GO:0042330,GO:0042401,GO:0042425,GO:0044106,GO:0044237,GO:0044238,GO:0044249,GO:0044255,GO:0044271,GO:0044424,GO:0044444,GO:0044464,GO:0044706,GO:0045017,GO:0046470,GO:0046474,GO:0046486,GO:0048229,GO:0048364,GO:0048468,GO:0048528,GO:0048588,GO:0048589,GO:0048731,GO:0048856,GO:0048868,GO:0048869,GO:0050896,GO:0050918,GO:0051704,GO:0052667,GO:0060560,GO:0065007,GO:0065008,GO:0071704,GO:0071840,GO:0090407,GO:0090696,GO:0097164,GO:0099402,GO:1901564,GO:1901566,GO:1901576",ko:K05929,"ko00564,map00564",I,"CheR methyltransferase, SAM binding domain"
LOC102595602,OG0001792,-2.519656104,1.32E-14,4113.PGSC0003DMT400022972,,,,DZ,Regulator of chromosome condensation (RCC1) repeat
LOC102604327,OG0001792,2.440960379,3.75E-13,4113.PGSC0003DMT400079445,,ko:K14515,"ko04016,ko04075,map04016,map04075",S,EIN3-binding F-box protein
LOC102591437,OG0001524,1.486664321,6.65E-13,4113.PGSC0003DMT400021426,,,,S,Protein of unknown function (DUF561)
LOC102605039,OG0014801,1.781680086,8.47E-13,4096.XP_009771768.1,"GO:0003674,GO:0005215,GO:0005216,GO:0005244,GO:0005249,GO:0005261,GO:0005267,GO:0005575,GO:0005623,GO:0005886,GO:0005887,GO:0006810,GO:0006811,GO:0006812,GO:0006813,GO:0008150,GO:0008324,GO:0009987,GO:0015075,GO:0015077,GO:0015079,GO:0015267,GO:0015271,GO:0015318,GO:0015672,GO:0016020,GO:0016021,GO:0022803,GO:0022832,GO:0022836,GO:0022838,GO:0022839,GO:0022843,GO:0022857,GO:0022890,GO:0030001,GO:0031224,GO:0031226,GO:0034220,GO:0042391,GO:0042592,GO:0044425,GO:0044459,GO:0044464,GO:0046873,GO:0048878,GO:0050801,GO:0051179,GO:0051234,GO:0055065,GO:0055067,GO:0055075,GO:0055080,GO:0055085,GO:0065007,GO:0065008,GO:0071804,GO:0071805,GO:0071944,GO:0098655,GO:0098660,GO:0098662,GO:0098771",ko:K21867,,PT,Ion channel
LOC102597674,OG0013795,-1.590751439,1.69E-12,4113.PGSC0003DMT400062238,"GO:0000003,GO:0000287,GO:0003006,GO:0003674,GO:0003824,GO:0004743,GO:0005488,GO:0005575,GO:0005622,GO:0005623,GO:0005737,GO:0005975,GO:0006082,GO:0006090,GO:0006091,GO:0006096,GO:0006139,GO:0006163,GO:0006164,GO:0006165,GO:0006725,GO:0006732,GO:0006733,GO:0006753,GO:0006754,GO:0006757,GO:0006793,GO:0006796,GO:0006807,GO:0007275,GO:0008150,GO:0008152,GO:0009056,GO:0009058,GO:0009108,GO:0009117,GO:0009123,GO:0009124,GO:0009126,GO:0009127,GO:0009132,GO:0009135,GO:0009141,GO:0009142,GO:0009144,GO:0009145,GO:0009150,GO:0009152,GO:0009156,GO:0009161,GO:0009165,GO:0009166,GO:0009167,GO:0009168,GO:0009179,GO:0009185,GO:0009199,GO:0009201,GO:0009205,GO:0009206,GO:0009259,GO:0009260,GO:0009507,GO:0009532,GO:0009536,GO:0009570,GO:0009791,GO:0009987,GO:0010154,GO:0010431,GO:0016052,GO:0016053,GO:0016310,GO:0016740,GO:0016772,GO:0016773,GO:0017144,GO:0018130,GO:0019359,GO:0019362,GO:0019363,GO:0019438,GO:0019439,GO:0019637,GO:0019693,GO:0019752,GO:0021700,GO:0022414,GO:0030955,GO:0031420,GO:0032501,GO:0032502,GO:0032504,GO:0032787,GO:0034404,GO:0034641,GO:0034654,GO:0034655,GO:0042866,GO:0043167,GO:0043169,GO:0043226,GO:0043227,GO:0043229,GO:0043231,GO:0043436,GO:0044237,GO:0044238,GO:0044248,GO:0044249,GO:0044270,GO:0044271,GO:0044281,GO:0044283,GO:0044422,GO:0044424,GO:0044434,GO:0044435,GO:0044444,GO:0044446,GO:0044464,GO:0046031,GO:0046034,GO:0046390,GO:0046394,GO:0046434,GO:0046483,GO:0046496,GO:0046700,GO:0046872,GO:0046939,GO:0048316,GO:0048608,GO:0048609,GO:0048731,GO:0048856,GO:0051186,GO:0051188,GO:0055086,GO:0061458,GO:0071695,GO:0071704,GO:0072330,GO:0072521,GO:0072522,GO:0072524,GO:0072525,GO:0090407,GO:1901135,GO:1901137,GO:1901292,GO:1901293,GO:1901360,GO:1901361,GO:1901362,GO:1901564,GO:1901566,GO:1901575,GO:1901576",ko:K00873,"ko00010,ko00230,ko00620,ko01100,ko01110,ko01120,ko01130,ko01200,ko01230,ko04922,ko04930,ko05165,ko05203,ko05230,map00010,map00230,map00620,map01100,map01110,map01120,map01130,map01200,map01230,map04922,map04930,map05165,map05203,map05230",G,Belongs to the pyruvate kinase family
LOC102604369,OG0003133,2.153908842,2.40E-12,4096.XP_009771768.1,"GO:0003674,GO:0005215,GO:0005216,GO:0005244,GO:0005249,GO:0005261,GO:0005267,GO:0005575,GO:0005623,GO:0005886,GO:0005887,GO:0006810,GO:0006811,GO:0006812,GO:0006813,GO:0008150,GO:0008324,GO:0009987,GO:0015075,GO:0015077,GO:0015079,GO:0015267,GO:0015271,GO:0015318,GO:0015672,GO:0016020,GO:0016021,GO:0022803,GO:0022832,GO:0022836,GO:0022838,GO:0022839,GO:0022843,GO:0022857,GO:0022890,GO:0030001,GO:0031224,GO:0031226,GO:0034220,GO:0042391,GO:0042592,GO:0044425,GO:0044459,GO:0044464,GO:0046873,GO:0048878,GO:0050801,GO:0051179,GO:0051234,GO:0055065,GO:0055067,GO:0055075,GO:0055080,GO:0055085,GO:0065007,GO:0065008,GO:0071804,GO:0071805,GO:0071944,GO:0098655,GO:0098660,GO:0098662,GO:0098771",ko:K21867,,PT,Ion channel
LOC107059195,OG0004432,1.900462952,3.33E-12,4113.PGSC0003DMT400017153,"GO:0003674,GO:0003824,GO:0004497,GO:0005575,GO:0008150,GO:0008152,GO:0009058,GO:0016020,GO:0016491,GO:0016705,GO:0016709,GO:0019748,GO:0044550,GO:0055114","ko:K00512,ko:K07418,ko:K15472","ko00140,ko00590,ko00591,ko00909,ko01100,ko01110,ko04212,ko04726,ko04750,ko04913,ko04917,ko04927,ko04934,map00140,map00590,map00591,map00909,map01100,map01110,map04212,map04726,map04750,map04913,map04917,map04927,map04934",Q,iron ion binding
LOC102594548,OG0000581,-1.365247544,3.40E-12,4113.PGSC0003DMT400068120,"GO:0000049,GO:0000166,GO:0003674,GO:0003676,GO:0003678,GO:0003723,GO:0003724,GO:0003824,GO:0004003,GO:0004004,GO:0004386,GO:0005488,GO:0005515,GO:0005524,GO:0005575,GO:0005622,GO:0005623,GO:0005634,GO:0005737,GO:0006996,GO:0008026,GO:0008094,GO:0008144,GO:0008150,GO:0008186,GO:0009987,GO:0016043,GO:0016462,GO:0016787,GO:0016817,GO:0016818,GO:0016887,GO:0017076,GO:0017111,GO:0030554,GO:0032392,GO:0032508,GO:0032553,GO:0032555,GO:0032559,GO:0032574,GO:0032575,GO:0035639,GO:0036094,GO:0042623,GO:0043021,GO:0043022,GO:0043139,GO:0043141,GO:0043167,GO:0043168,GO:0043226,GO:0043227,GO:0043229,GO:0043231,GO:0043621,GO:0044424,GO:0044464,GO:0044877,GO:0051276,GO:0070035,GO:0071103,GO:0071840,GO:0097159,GO:0097367,GO:0140097,GO:0140098,GO:1901265,GO:1901363",,,L,DNA-binding protein smubp-2
LOC102579413,OG0006341,1.853419158,4.17E-12,4113.PGSC0003DMT400060477,"GO:0003674,GO:0005488,GO:0048037,GO:0051536,GO:0051540",,,S,Belongs to the Casparian strip membrane proteins (CASP) family
LOC102590242,OG0004898,-1.630157269,4.39E-12,4113.PGSC0003DMT400028767,"GO:0000166,GO:0001101,GO:0003674,GO:0005488,GO:0005524,GO:0005575,GO:0005576,GO:0005618,GO:0005622,GO:0005623,GO:0005634,GO:0005737,GO:0006950,GO:0006952,GO:0007275,GO:0007568,GO:0008047,GO:0008144,GO:0008150,GO:0009266,GO:0009314,GO:0009409,GO:0009416,GO:0009507,GO:0009526,GO:0009532,GO:0009534,GO:0009535,GO:0009536,GO:0009570,GO:0009579,GO:0009605,GO:0009607,GO:0009617,GO:0009628,GO:0009719,GO:0009725,GO:0009753,GO:0009941,GO:0010033,GO:0010150,GO:0010287,GO:0010319,GO:0016020,GO:0017076,GO:0030234,GO:0030312,GO:0030554,GO:0031967,GO:0031975,GO:0031976,GO:0031984,GO:0032501,GO:0032502,GO:0032553,GO:0032555,GO:0032559,GO:0034357,GO:0035639,GO:0036094,GO:0042221,GO:0042651,GO:0042742,GO:0043085,GO:0043167,GO:0043168,GO:0043207,GO:0043226,GO:0043227,GO:0043229,GO:0043231,GO:0043531,GO:0044093,GO:0044422,GO:0044424,GO:0044434,GO:0044435,GO:0044436,GO:0044444,GO:0044446,GO:0044464,GO:0046863,GO:0048046,GO:0048366,GO:0048367,GO:0048731,GO:0048827,GO:0048856,GO:0050790,GO:0050896,GO:0051704,GO:0051707,GO:0055035,GO:0065007,GO:0065009,GO:0071944,GO:0090693,GO:0097159,GO:0097367,GO:0098542,GO:0098772,GO:0099402,GO:1901265,GO:1901363,GO:1901700",,,O,Ribulose bisphosphate carboxylase oxygenase activase 1
LOC102598592,OG0002395,-3.581889459,1.11E-11,4113.PGSC0003DMT400016494,"GO:0005575,GO:0005622,GO:0005623,GO:0005737,GO:0006810,GO:0006950,GO:0008150,GO:0009266,GO:0009314,GO:0009408,GO:0009409,GO:0009411,GO:0009416,GO:0009507,GO:0009534,GO:0009535,GO:0009536,GO:0009579,GO:0009628,GO:0009637,GO:0009639,GO:0009642,GO:0009644,GO:0009889,GO:0009987,GO:0010029,GO:0010030,GO:0010114,GO:0010117,GO:0010218,GO:0010224,GO:0010380,GO:0016020,GO:0019222,GO:0031323,GO:0031326,GO:0031976,GO:0031984,GO:0033554,GO:0034357,GO:0034605,GO:0034644,GO:0042651,GO:0043226,GO:0043227,GO:0043229,GO:0043231,GO:0044422,GO:0044424,GO:0044434,GO:0044435,GO:0044436,GO:0044444,GO:0044446,GO:0044464,GO:0048518,GO:0048580,GO:0048582,GO:0050789,GO:0050793,GO:0050794,GO:0050896,GO:0051094,GO:0051171,GO:0051179,GO:0051193,GO:0051234,GO:0051239,GO:0051240,GO:0051716,GO:0055035,GO:0055085,GO:0065007,GO:0070141,GO:0071214,GO:0071478,GO:0071482,GO:0071483,GO:0071484,GO:0071486,GO:0071489,GO:0071490,GO:0071491,GO:0071492,GO:0080167,GO:0090056,GO:0104004,GO:1900140,GO:1901401,GO:1901463,GO:2000026",,,S,Early light-induced protein
LOC102587007,OG0006189,2.396388056,3.71E-11,4113.PGSC0003DMT400015373,"GO:0003674,GO:0003700,GO:0006355,GO:0008150,GO:0009889,GO:0010468,GO:0010556,GO:0019219,GO:0019222,GO:0031323,GO:0031326,GO:0050789,GO:0050794,GO:0051171,GO:0051252,GO:0060255,GO:0065007,GO:0080090,GO:0140110,GO:1903506,GO:2000112,GO:2001141",,,S,B-Box-type zinc finger
LOC102594596,OG0014744,1.312454841,3.71E-11,4113.PGSC0003DMT400012744,"GO:0000003,GO:0001653,GO:0002376,GO:0003006,GO:0003674,GO:0003824,GO:0004672,GO:0005575,GO:0005623,GO:0005886,GO:0006464,GO:0006468,GO:0006793,GO:0006796,GO:0006807,GO:0006950,GO:0006952,GO:0006955,GO:0006979,GO:0007154,GO:0007165,GO:0007275,GO:0008150,GO:0008152,GO:0009791,GO:0009845,GO:0009888,GO:0009960,GO:0009987,GO:0010154,GO:0016020,GO:0016301,GO:0016310,GO:0016740,GO:0016772,GO:0016773,GO:0019538,GO:0022414,GO:0023052,GO:0032501,GO:0032502,GO:0036211,GO:0038023,GO:0043170,GO:0043412,GO:0044237,GO:0044238,GO:0044260,GO:0044267,GO:0044464,GO:0045087,GO:0046777,GO:0048316,GO:0048608,GO:0048731,GO:0048856,GO:0050789,GO:0050794,GO:0050896,GO:0051716,GO:0060089,GO:0061458,GO:0065007,GO:0071704,GO:0071944,GO:0090351,GO:0140096,GO:1901564",,,T,Leucine rich repeat N-terminal domain
LOC102586408,OG0001541,1.955558943,3.79E-11,4113.PGSC0003DMT400046207,"GO:0000302,GO:0001101,GO:0002831,GO:0005575,GO:0005622,GO:0005623,GO:0005634,GO:0005737,GO:0005739,GO:0005829,GO:0006950,GO:0006970,GO:0006979,GO:0007154,GO:0007275,GO:0007568,GO:0008150,GO:0009266,GO:0009314,GO:0009409,GO:0009414,GO:0009415,GO:0009416,GO:0009605,GO:0009607,GO:0009611,GO:0009620,GO:0009625,GO:0009628,GO:0009636,GO:0009642,GO:0009646,GO:0009651,GO:0009719,GO:0009723,GO:0009725,GO:0009737,GO:0009987,GO:0009991,GO:0010033,GO:0010035,GO:0010150,GO:0022622,GO:0031347,GO:0031668,GO:0032101,GO:0032501,GO:0032502,GO:0033554,GO:0033993,GO:0042221,GO:0042493,GO:0042542,GO:0042631,GO:0043207,GO:0043226,GO:0043227,GO:0043229,GO:0043231,GO:0043900,GO:0044424,GO:0044444,GO:0044464,GO:0046677,GO:0048364,GO:0048366,GO:0048367,GO:0048580,GO:0048583,GO:0048731,GO:0048827,GO:0048831,GO:0048856,GO:0050789,GO:0050793,GO:0050896,GO:0051239,GO:0051704,GO:0051707,GO:0051716,GO:0065007,GO:0070887,GO:0071214,GO:0071229,GO:0071462,GO:0071496,GO:0080134,GO:0090693,GO:0097305,GO:0099402,GO:0104004,GO:1900055,GO:1900150,GO:1900424,GO:1901700,GO:1901701,GO:1902074,GO:2000024,GO:2000026,GO:2000028,GO:2000241",,,S,late embryogenesis abundant protein
LOC102585403,OG0000128,3.824897275,6.04E-11,4113.PGSC0003DMT400069898,,,,S,acetyltransferase At3g50280-like
LOC102603358,OG0000038,-2.418794844,1.24E-10,4113.PGSC0003DMT400046637,"GO:0000003,GO:0003006,GO:0003674,GO:0003824,GO:0005575,GO:0005622,GO:0005623,GO:0005737,GO:0005783,GO:0005789,GO:0006950,GO:0006952,GO:0007154,GO:0007275,GO:0008150,GO:0008483,GO:0009605,GO:0009606,GO:0009607,GO:0009617,GO:0009628,GO:0009629,GO:0009630,GO:0009653,GO:0009719,GO:0009723,GO:0009725,GO:0009791,GO:0009888,GO:0009908,GO:0009958,GO:0009987,GO:0009991,GO:0010015,GO:0010033,GO:0010073,GO:0010074,GO:0010078,GO:0010087,GO:0012505,GO:0016020,GO:0016740,GO:0016769,GO:0019827,GO:0022414,GO:0022622,GO:0031667,GO:0031668,GO:0031669,GO:0031984,GO:0032501,GO:0032502,GO:0042175,GO:0042221,GO:0042742,GO:0043207,GO:0043226,GO:0043227,GO:0043229,GO:0043231,GO:0043562,GO:0044422,GO:0044424,GO:0044425,GO:0044432,GO:0044444,GO:0044446,GO:0044464,GO:0048364,GO:0048367,GO:0048438,GO:0048467,GO:0048507,GO:0048527,GO:0048528,GO:0048608,GO:0048731,GO:0048856,GO:0050362,GO:0050896,GO:0051704,GO:0051707,GO:0051716,GO:0061458,GO:0070529,GO:0071496,GO:0080097,GO:0090567,GO:0090696,GO:0098542,GO:0098727,GO:0098827,GO:0099402,GO:1905392",ko:K16903,"ko00380,ko01100,map00380,map01100",E,Allinase
LOC102583882,OG0002186,1.341345491,1.70E-10,4113.PGSC0003DMT400033313,"GO:0005575,GO:0005622,GO:0005623,GO:0005737,GO:0005783,GO:0005789,GO:0008150,GO:0008152,GO:0009058,GO:0009719,GO:0009725,GO:0009733,GO:0010033,GO:0012505,GO:0016020,GO:0019748,GO:0031090,GO:0031984,GO:0042175,GO:0042221,GO:0043226,GO:0043227,GO:0043229,GO:0043231,GO:0044422,GO:0044424,GO:0044425,GO:0044432,GO:0044444,GO:0044446,GO:0044464,GO:0044550,GO:0050896,GO:0098827",ko:K20562,,Q,Cytochrome p450
LOC102590243,OG0005264,1.034638189,2.10E-10,4113.PGSC0003DMT400072673,"GO:0003674,GO:0003824,GO:0005575,GO:0005622,GO:0005623,GO:0008194,GO:0016740,GO:0016757,GO:0016758,GO:0035251,GO:0043226,GO:0043227,GO:0043229,GO:0043231,GO:0044424,GO:0044464,GO:0046527,GO:0080043,GO:0080044",ko:K13496,"ko01110,map01110",CG,UDP-glucoronosyl and UDP-glucosyl transferase
LOC102605637,OG0001895,1.070741325,2.16E-10,4113.PGSC0003DMT400061181,"GO:0003674,GO:0003824,GO:0004672,GO:0004674,GO:0005575,GO:0005623,GO:0005886,GO:0006464,GO:0006468,GO:0006793,GO:0006796,GO:0006807,GO:0008150,GO:0008152,GO:0009987,GO:0016020,GO:0016301,GO:0016310,GO:0016740,GO:0016772,GO:0016773,GO:0019538,GO:0036211,GO:0043170,GO:0043412,GO:0044237,GO:0044238,GO:0044260,GO:0044267,GO:0044464,GO:0071704,GO:0071944,GO:0140096,GO:1901564",,,T,Protein kinase domain
LOC102605400,OG0005071,3.182944795,2.84E-10,4113.PGSC0003DMT400069720,,,,,
LOC102589652,OG0004006,1.558304726,3.59E-10,4081.Solyc02g078160.2.1,,,,S,PDDEXK-like family of unknown function
LOC102595206,OG0002381,1.177408368,3.99E-10,4113.PGSC0003DMT400057713,,,,,
LOC102597776,NA,1.046394326,4.46E-10,4113.PGSC0003DMT400033129,"GO:0003674,GO:0003824,GO:0003993,GO:0005575,GO:0006793,GO:0006796,GO:0008150,GO:0008152,GO:0009987,GO:0016020,GO:0016311,GO:0016787,GO:0016788,GO:0016791,GO:0042578,GO:0044237",,,S,Calcineurin-like phosphoesterase
LOC102592414,OG0008271,1.342099592,5.13E-10,4113.PGSC0003DMT400087458,,,,K,Dof zinc finger protein DOF1.5-like
LOC102601616,OG0012845,-2.326879977,6.95E-10,4081.Solyc10g005080.2.1,"GO:0000003,GO:0001067,GO:0001101,GO:0003006,GO:0003674,GO:0003676,GO:0003677,GO:0003700,GO:0005488,GO:0005575,GO:0005622,GO:0005623,GO:0005634,GO:0006355,GO:0006950,GO:0006970,GO:0007275,GO:0007623,GO:0008150,GO:0009266,GO:0009314,GO:0009409,GO:0009416,GO:0009628,GO:0009648,GO:0009651,GO:0009719,GO:0009723,GO:0009725,GO:0009733,GO:0009737,GO:0009739,GO:0009751,GO:0009753,GO:0009791,GO:0009889,GO:0009890,GO:0009891,GO:0009892,GO:0009893,GO:0010033,GO:0010035,GO:0010038,GO:0010228,GO:0010243,GO:0010468,GO:0010556,GO:0010557,GO:0010558,GO:0010604,GO:0010605,GO:0010628,GO:0010629,GO:0014070,GO:0019219,GO:0019222,GO:0022414,GO:0031323,GO:0031324,GO:0031325,GO:0031326,GO:0031327,GO:0031328,GO:0032501,GO:0032502,GO:0033993,GO:0042221,GO:0042493,GO:0042752,GO:0042754,GO:0043226,GO:0043227,GO:0043229,GO:0043231,GO:0043393,GO:0043433,GO:0043496,GO:0043565,GO:0044092,GO:0044212,GO:0044424,GO:0044464,GO:0045892,GO:0045893,GO:0045934,GO:0045935,GO:0046677,GO:0046686,GO:0048511,GO:0048518,GO:0048519,GO:0048522,GO:0048523,GO:0048571,GO:0048573,GO:0048574,GO:0048608,GO:0048731,GO:0048856,GO:0050789,GO:0050794,GO:0050896,GO:0051090,GO:0051098,GO:0051171,GO:0051172,GO:0051173,GO:0051252,GO:0051253,GO:0051254,GO:0060255,GO:0061458,GO:0065007,GO:0065009,GO:0080090,GO:0097159,GO:0097305,GO:0140110,GO:1901363,GO:1901698,GO:1901700,GO:1902679,GO:1902680,GO:1903506,GO:1903507,GO:1903508,GO:2000112,GO:2000113,GO:2001141","ko:K12133,ko:K12134","ko04712,map04712",K,"SANT  SWI3, ADA2, N-CoR and TFIIIB'' DNA-binding domains"
LOC102587369,OG0002552,1.057423766,8.62E-10,4113.PGSC0003DMT400060160,"GO:0003674,GO:0003824,GO:0004672,GO:0004674,GO:0005488,GO:0005575,GO:0005622,GO:0005623,GO:0005737,GO:0005783,GO:0006464,GO:0006468,GO:0006793,GO:0006796,GO:0006807,GO:0008150,GO:0008152,GO:0009966,GO:0009968,GO:0009987,GO:0010104,GO:0010105,GO:0010646,GO:0010648,GO:0012505,GO:0016301,GO:0016310,GO:0016740,GO:0016772,GO:0016773,GO:0019538,GO:0023051,GO:0023057,GO:0036211,GO:0042562,GO:0043170,GO:0043226,GO:0043227,GO:0043229,GO:0043231,GO:0043412,GO:0044237,GO:0044238,GO:0044260,GO:0044267,GO:0044424,GO:0044444,GO:0044464,GO:0048519,GO:0048523,GO:0048583,GO:0048585,GO:0050789,GO:0050794,GO:0051740,GO:0065007,GO:0070297,GO:0070298,GO:0071704,GO:0072328,GO:0140096,GO:1901564,GO:1902531,GO:1902532",ko:K14509,"ko04016,ko04075,map04016,map04075",T,"May act early in the ethylene signal transduction pathway, possibly as an ethylene receptor, or as a regulator of the pathway"
LOC102588078,OG0006742,1.802717414,1.22E-09,4113.PGSC0003DMT400005490,"GO:0000156,GO:0000160,GO:0003674,GO:0003700,GO:0005575,GO:0005622,GO:0005623,GO:0005634,GO:0006355,GO:0007154,GO:0007165,GO:0007275,GO:0007568,GO:0007623,GO:0008150,GO:0009653,GO:0009719,GO:0009723,GO:0009725,GO:0009735,GO:0009736,GO:0009755,GO:0009873,GO:0009888,GO:0009889,GO:0009909,GO:0009987,GO:0010015,GO:0010033,GO:0010073,GO:0010075,GO:0010082,GO:0010119,GO:0010150,GO:0010468,GO:0010556,GO:0019219,GO:0019222,GO:0022622,GO:0023052,GO:0031323,GO:0031326,GO:0032501,GO:0032502,GO:0032870,GO:0035556,GO:0040008,GO:0042221,GO:0042752,GO:0042753,GO:0043226,GO:0043227,GO:0043229,GO:0043231,GO:0044424,GO:0044464,GO:0048364,GO:0048366,GO:0048367,GO:0048507,GO:0048509,GO:0048511,GO:0048518,GO:0048580,GO:0048638,GO:0048731,GO:0048827,GO:0048831,GO:0048856,GO:0050789,GO:0050793,GO:0050794,GO:0050896,GO:0051171,GO:0051239,GO:0051252,GO:0051716,GO:0060089,GO:0060255,GO:0065007,GO:0070887,GO:0071310,GO:0071368,GO:0071369,GO:0071495,GO:0080050,GO:0080090,GO:0080113,GO:0090693,GO:0099402,GO:0140110,GO:1903506,GO:1905392,GO:2000026,GO:2000112,GO:2000241,GO:2000280,GO:2001141",,,K,Myb-like DNA-binding domain
LOC107062156,OG0000922,1.827513591,1.32E-09,4113.PGSC0003DMT400070004,,,,,
LOC102586923,OG0012286,1.074418319,1.39E-09,4113.PGSC0003DMT400071329,"GO:0002682,GO:0002684,GO:0003674,GO:0003824,GO:0004672,GO:0004674,GO:0004675,GO:0004888,GO:0005575,GO:0005622,GO:0005623,GO:0005634,GO:0005730,GO:0005737,GO:0005886,GO:0006464,GO:0006468,GO:0006793,GO:0006796,GO:0006807,GO:0006950,GO:0006952,GO:0007154,GO:0007165,GO:0007166,GO:0007167,GO:0007178,GO:0008150,GO:0008152,GO:0009605,GO:0009607,GO:0009620,GO:0009987,GO:0016020,GO:0016301,GO:0016310,GO:0016740,GO:0016772,GO:0016773,GO:0019199,GO:0019538,GO:0023052,GO:0031347,GO:0031349,GO:0031974,GO:0031981,GO:0035821,GO:0036211,GO:0038023,GO:0043170,GO:0043207,GO:0043226,GO:0043227,GO:0043228,GO:0043229,GO:0043231,GO:0043232,GO:0043233,GO:0043412,GO:0044003,GO:0044237,GO:0044238,GO:0044260,GO:0044267,GO:0044403,GO:0044419,GO:0044422,GO:0044424,GO:0044428,GO:0044446,GO:0044464,GO:0045088,GO:0045089,GO:0046777,GO:0048518,GO:0048583,GO:0048584,GO:0050776,GO:0050778,GO:0050789,GO:0050794,GO:0050832,GO:0050896,GO:0051701,GO:0051704,GO:0051707,GO:0051716,GO:0051817,GO:0052031,GO:0052033,GO:0052166,GO:0052167,GO:0052169,GO:0052173,GO:0052200,GO:0052255,GO:0052257,GO:0052305,GO:0052306,GO:0052308,GO:0052509,GO:0052510,GO:0052552,GO:0052553,GO:0052555,GO:0052556,GO:0052564,GO:0052572,GO:0060089,GO:0065007,GO:0070013,GO:0071704,GO:0071944,GO:0075136,GO:0080134,GO:0098542,GO:0140096,GO:1901564","ko:K00924,ko:K04733","ko04010,ko04064,ko04620,ko04621,ko04624,ko04722,ko05133,ko05140,ko05142,ko05145,ko05152,ko05162,ko05164,map04010,map04064,map04620,map04621,map04624,map04722,map05133,map05140,map05142,map05145,map05152,map05162,map05164",T,Protein kinase domain
LOC102601990,OG0002594,-1.323608105,2.97E-09,4113.PGSC0003DMT400053668,,,,S,Protein of unknown function (DUF1350)
LOC102589159,NA,-1.115650146,3.05E-09,4113.PGSC0003DMT400078874,"GO:0000578,GO:0003674,GO:0003824,GO:0004842,GO:0005488,GO:0005515,GO:0005575,GO:0005622,GO:0005623,GO:0005634,GO:0006464,GO:0006508,GO:0006511,GO:0006807,GO:0007275,GO:0007389,GO:0008134,GO:0008150,GO:0008152,GO:0009056,GO:0009057,GO:0009790,GO:0009798,GO:0009880,GO:0009987,GO:0016567,GO:0016740,GO:0019538,GO:0019787,GO:0019941,GO:0030163,GO:0032446,GO:0032501,GO:0032502,GO:0036211,GO:0042802,GO:0043170,GO:0043226,GO:0043227,GO:0043229,GO:0043231,GO:0043412,GO:0043632,GO:0044237,GO:0044238,GO:0044248,GO:0044257,GO:0044260,GO:0044265,GO:0044267,GO:0044424,GO:0044464,GO:0048856,GO:0051603,GO:0070647,GO:0071704,GO:0140096,GO:1901564,GO:1901565,GO:1901575",ko:K16271,,O,RING-like zinc finger
LOC102577924,NA,1.494700457,3.75E-09,4113.PGSC0003DMT400076977,"GO:0005575,GO:0005622,GO:0005623,GO:0005737,GO:0005783,GO:0005794,GO:0008150,GO:0009719,GO:0009723,GO:0009725,GO:0009966,GO:0009968,GO:0010033,GO:0010104,GO:0010105,GO:0010646,GO:0010648,GO:0012505,GO:0023051,GO:0023057,GO:0042221,GO:0043226,GO:0043227,GO:0043229,GO:0043231,GO:0044424,GO:0044444,GO:0044464,GO:0048519,GO:0048523,GO:0048583,GO:0048585,GO:0050789,GO:0050794,GO:0050896,GO:0065007,GO:0070297,GO:0070298,GO:1902531,GO:1902532",ko:K20726,"ko04016,map04016",S,Protein REVERSION-TO-ETHYLENE SENSITIVITY1-like
LOC102593988,NA,-1.061075056,4.34E-09,4113.PGSC0003DMT400043399,,,,,
LOC102585934,OG0015222,-1.349655521,5.64E-09,4113.PGSC0003DMT400013076,,,,,
LOC102584168,OG0030042,-1.15741186,6.07E-09,4113.PGSC0003DMT400043112,"GO:0001101,GO:0005575,GO:0005622,GO:0005623,GO:0005634,GO:0005737,GO:0005739,GO:0006950,GO:0008150,GO:0009266,GO:0009314,GO:0009409,GO:0009414,GO:0009415,GO:0009416,GO:0009507,GO:0009526,GO:0009532,GO:0009534,GO:0009535,GO:0009536,GO:0009570,GO:0009579,GO:0009628,GO:0009642,GO:0009644,GO:0009719,GO:0009725,GO:0009737,GO:0009892,GO:0010033,GO:0010035,GO:0010109,GO:0010205,GO:0010287,GO:0010319,GO:0016020,GO:0019222,GO:0031323,GO:0031324,GO:0031967,GO:0031975,GO:0031976,GO:0031977,GO:0031984,GO:0033993,GO:0034357,GO:0042221,GO:0042548,GO:0042651,GO:0043155,GO:0043226,GO:0043227,GO:0043229,GO:0043231,GO:0043467,GO:0044422,GO:0044424,GO:0044434,GO:0044435,GO:0044436,GO:0044444,GO:0044446,GO:0044464,GO:0048519,GO:0048523,GO:0050789,GO:0050794,GO:0050896,GO:0055035,GO:0065007,GO:0097305,GO:1901700,GO:1905156",,,S,Light-induced protein
LOC102593928,OG0001429,1.781962317,6.42E-09,4113.PGSC0003DMT400070567,,,,S,Alpha/beta hydrolase family
LOC102591739,OG0000263,2.651625942,6.93E-09,4113.PGSC0003DMT400031363,,,,S,21 kDa protein-like
LOC102579297,OG0000438,1.56310678,6.93E-09,4113.PGSC0003DMT400057474,,,,S,Senescence regulator
LOC102605491,OG0000081,1.73226736,7.15E-09,4113.PGSC0003DMT400064749,,ko:K07735,,S,"Uncharacterized ACR, COG1678"
LOC102587273,NA,2.402233106,7.73E-09,4113.PGSC0003DMT400031363,,,,S,21 kDa protein-like
LOC102600522,NA,1.239954638,8.35E-09,4113.PGSC0003DMT400003637,,,,K,WRKY transcription factor 3
XIP1-1-BETA,NA,1.001154783,1.12E-08,4113.PGSC0003DMT400011337,"GO:0001101,GO:0003674,GO:0005215,GO:0005372,GO:0005575,GO:0005623,GO:0005886,GO:0005887,GO:0006810,GO:0006811,GO:0006833,GO:0006950,GO:0008150,GO:0009414,GO:0009415,GO:0009628,GO:0010035,GO:0015250,GO:0015267,GO:0015318,GO:0016020,GO:0016021,GO:0022803,GO:0022838,GO:0022857,GO:0031224,GO:0031226,GO:0034220,GO:0042044,GO:0042221,GO:0044425,GO:0044459,GO:0044464,GO:0050896,GO:0051179,GO:0051234,GO:0055085,GO:0071944,GO:1901700",ko:K09866,"ko04962,ko04976,map04962,map04976",P,Belongs to the MIP aquaporin (TC 1.A.8) family
LOC102590122,OG0000018,-1.224797519,1.28E-08,4081.Solyc08g076290.2.1,"GO:0003674,GO:0005215,GO:0005342,GO:0005575,GO:0005622,GO:0005623,GO:0005737,GO:0006810,GO:0006811,GO:0006820,GO:0006855,GO:0006996,GO:0008028,GO:0008150,GO:0008152,GO:0008509,GO:0008514,GO:0008643,GO:0009507,GO:0009526,GO:0009528,GO:0009536,GO:0009657,GO:0009658,GO:0009706,GO:0009853,GO:0009941,GO:0009987,GO:0015075,GO:0015144,GO:0015238,GO:0015318,GO:0015665,GO:0015711,GO:0015718,GO:0015849,GO:0015850,GO:0015893,GO:0016020,GO:0016043,GO:0019866,GO:0022857,GO:0031090,GO:0031967,GO:0031969,GO:0031975,GO:0034219,GO:0034220,GO:0042170,GO:0042221,GO:0042493,GO:0042873,GO:0042879,GO:0043094,GO:0043226,GO:0043227,GO:0043229,GO:0043231,GO:0043879,GO:0044237,GO:0044422,GO:0044424,GO:0044434,GO:0044435,GO:0044444,GO:0044446,GO:0044464,GO:0046942,GO:0046943,GO:0050896,GO:0051179,GO:0051234,GO:0055085,GO:0071702,GO:0071840,GO:0097339,GO:0098656,GO:1900866,GO:1901618,GO:1901974,GO:1901975,GO:1903825,GO:1905039",,,M,LrgB-like family
LOC102603980,NA,-2.737533051,1.34E-08,4081.Solyc03g005770.1.1,"GO:0003674,GO:0005488,GO:0005575,GO:0005622,GO:0005623,GO:0005737,GO:0006091,GO:0008150,GO:0008152,GO:0009314,GO:0009416,GO:0009507,GO:0009526,GO:0009532,GO:0009534,GO:0009535,GO:0009536,GO:0009570,GO:0009579,GO:0009628,GO:0009765,GO:0009768,GO:0009941,GO:0009987,GO:0010287,GO:0015979,GO:0016020,GO:0016168,GO:0019684,GO:0031409,GO:0031967,GO:0031975,GO:0031976,GO:0031984,GO:0034357,GO:0042651,GO:0043167,GO:0043168,GO:0043226,GO:0043227,GO:0043229,GO:0043231,GO:0044237,GO:0044422,GO:0044424,GO:0044434,GO:0044435,GO:0044436,GO:0044444,GO:0044446,GO:0044464,GO:0046906,GO:0048037,GO:0050896,GO:0055035,GO:0097159,GO:1901363",ko:K08912,"ko00196,ko01100,map00196,map01100",P,"The light-harvesting complex (LHC) functions as a light receptor, it captures and delivers excitation energy to photosystems with which it is closely associated"
LOC102600588,OG0019150,1.620317658,1.84E-08,4113.PGSC0003DMT400077979,"GO:0000156,GO:0000160,GO:0003674,GO:0003700,GO:0005575,GO:0005622,GO:0005623,GO:0005634,GO:0006355,GO:0007154,GO:0007165,GO:0007275,GO:0007568,GO:0007623,GO:0008150,GO:0009653,GO:0009719,GO:0009723,GO:0009725,GO:0009735,GO:0009736,GO:0009755,GO:0009873,GO:0009888,GO:0009889,GO:0009909,GO:0009987,GO:0010015,GO:0010033,GO:0010073,GO:0010075,GO:0010082,GO:0010119,GO:0010150,GO:0010468,GO:0010556,GO:0019219,GO:0019222,GO:0022622,GO:0023052,GO:0031323,GO:0031326,GO:0032501,GO:0032502,GO:0032870,GO:0035556,GO:0040008,GO:0042221,GO:0042752,GO:0042753,GO:0043226,GO:0043227,GO:0043229,GO:0043231,GO:0044424,GO:0044464,GO:0048364,GO:0048366,GO:0048367,GO:0048507,GO:0048509,GO:0048511,GO:0048518,GO:0048580,GO:0048638,GO:0048731,GO:0048827,GO:0048831,GO:0048856,GO:0050789,GO:0050793,GO:0050794,GO:0050896,GO:0051171,GO:0051239,GO:0051252,GO:0051716,GO:0060089,GO:0060255,GO:0065007,GO:0070887,GO:0071310,GO:0071368,GO:0071369,GO:0071495,GO:0080050,GO:0080090,GO:0080113,GO:0090693,GO:0099402,GO:0140110,GO:1903506,GO:1905392,GO:2000026,GO:2000112,GO:2000241,GO:2000280,GO:2001141",,,K,Myb-like DNA-binding domain
LOC102583661,NA,1.246133226,1.98E-08,4113.PGSC0003DMT400079375,"GO:0003674,GO:0003700,GO:0006355,GO:0008150,GO:0009314,GO:0009416,GO:0009628,GO:0009639,GO:0009719,GO:0009725,GO:0009733,GO:0009889,GO:0010033,GO:0010114,GO:0010218,GO:0010468,GO:0010556,GO:0019219,GO:0019222,GO:0031323,GO:0031326,GO:0042221,GO:0050789,GO:0050794,GO:0050896,GO:0051171,GO:0051252,GO:0060255,GO:0065007,GO:0080090,GO:0140110,GO:1903506,GO:2000112,GO:2001141",ko:K14484,"ko04075,map04075",K,Aux IAA proteins are short-lived transcriptional factors that function as repressors of early auxin response genes at low auxin concentrations
LOC102593215,NA,-1.922793822,2.10E-08,4113.PGSC0003DMT400028915,"GO:0005575,GO:0005622,GO:0005623,GO:0005737,GO:0044424,GO:0044464",ko:K00131,"ko00010,ko00030,ko01100,ko01120,ko01200,map00010,map00030,map01100,map01120,map01200",C,Belongs to the aldehyde dehydrogenase family
LOC102582832,OG0008761,-2.299378015,2.79E-08,4113.PGSC0003DMT400070680,"GO:0003674,GO:0003700,GO:0005575,GO:0005622,GO:0005623,GO:0005634,GO:0006355,GO:0008150,GO:0009314,GO:0009416,GO:0009628,GO:0009889,GO:0009909,GO:0010468,GO:0010556,GO:0019219,GO:0019222,GO:0031323,GO:0031326,GO:0043226,GO:0043227,GO:0043229,GO:0043231,GO:0044424,GO:0044464,GO:0048580,GO:0048831,GO:0050789,GO:0050793,GO:0050794,GO:0050896,GO:0051171,GO:0051239,GO:0051252,GO:0060255,GO:0065007,GO:0080090,GO:0140110,GO:1903506,GO:2000026,GO:2000112,GO:2000241,GO:2001141",,,K,B-box zinc finger
LOC102592557,OG0011369,1.662068192,2.79E-08,4113.PGSC0003DMT400096975,,,,L,NB-ARC domain
LOC102602426,OG0000747,1.538087131,2.79E-08,4113.PGSC0003DMT400080097,,,,S,Belongs to the 'GDSL' lipolytic enzyme family
LOC102586960,OG0000747;OG0014244,1.081612748,3.07E-08,4113.PGSC0003DMT400034600,,,,P,Heavy-metal-associated domain
LOC102582471,OG0020866,-1.068802756,3.07E-08,4113.PGSC0003DMT400025787,"GO:0001101,GO:0003674,GO:0003824,GO:0004791,GO:0005575,GO:0005622,GO:0005623,GO:0005737,GO:0006950,GO:0006979,GO:0008150,GO:0008152,GO:0009414,GO:0009415,GO:0009507,GO:0009526,GO:0009532,GO:0009536,GO:0009570,GO:0009628,GO:0009636,GO:0009941,GO:0009987,GO:0010035,GO:0015035,GO:0015036,GO:0016209,GO:0016491,GO:0016651,GO:0016667,GO:0016668,GO:0016671,GO:0019725,GO:0031967,GO:0031975,GO:0033554,GO:0034599,GO:0042221,GO:0042592,GO:0043226,GO:0043227,GO:0043229,GO:0043231,GO:0044422,GO:0044424,GO:0044434,GO:0044435,GO:0044444,GO:0044446,GO:0044464,GO:0045454,GO:0047134,GO:0050789,GO:0050794,GO:0050896,GO:0051716,GO:0055114,GO:0065007,GO:0065008,GO:0070887,GO:0097237,GO:0098754,GO:0098869,GO:1901700,GO:1990748",,,O,Thioredoxin
LOC102596080,OG0016510,1.475818419,3.31E-08,4113.PGSC0003DMT400051137,,,,K,Transcription factor
LOC102585692,OG0004179,-1.632965994,3.59E-08,4113.PGSC0003DMT400063324,,ko:K20619,,Q,Cytochrome p450
LOC102591913,OG0001676,1.917241898,4.02E-08,4113.PGSC0003DMT400041983,"GO:0003674,GO:0003824,GO:0004672,GO:0004674,GO:0005488,GO:0005515,GO:0005575,GO:0005622,GO:0005623,GO:0005737,GO:0005783,GO:0006464,GO:0006468,GO:0006793,GO:0006796,GO:0006807,GO:0008150,GO:0008152,GO:0009966,GO:0009968,GO:0009987,GO:0010104,GO:0010105,GO:0010646,GO:0010648,GO:0012505,GO:0016301,GO:0016310,GO:0016740,GO:0016772,GO:0016773,GO:0019538,GO:0023051,GO:0023057,GO:0036211,GO:0042562,GO:0042802,GO:0043170,GO:0043226,GO:0043227,GO:0043229,GO:0043231,GO:0043412,GO:0044237,GO:0044238,GO:0044260,GO:0044267,GO:0044424,GO:0044444,GO:0044464,GO:0048519,GO:0048523,GO:0048583,GO:0048585,GO:0050789,GO:0050794,GO:0051740,GO:0065007,GO:0070297,GO:0070298,GO:0071704,GO:0072328,GO:0140096,GO:1901564,GO:1902531,GO:1902532",ko:K14509,"ko04016,ko04075,map04016,map04075",T,"May act early in the ethylene signal transduction pathway, possibly as an ethylene receptor, or as a regulator of the pathway"
LOC102587590,OG0000508,1.839520364,4.49E-08,4113.PGSC0003DMT400031362,,,,S,21 kDa protein-like
LOC102594915,OG0006914,2.123557048,6.94E-08,4113.PGSC0003DMT400075962,,ko:K00430,"ko00940,ko01100,ko01110,map00940,map01100,map01110",Q,Belongs to the peroxidase family. Classical plant (class III) peroxidase subfamily
LOC102586434,OG0005455,1.177261755,7.09E-08,4113.PGSC0003DMT400023077,"GO:0003674,GO:0003700,GO:0006355,GO:0007275,GO:0008150,GO:0009653,GO:0009888,GO:0009889,GO:0009890,GO:0009892,GO:0009965,GO:0010016,GO:0010073,GO:0010358,GO:0010468,GO:0010556,GO:0010558,GO:0010605,GO:0010629,GO:0019219,GO:0019222,GO:0031323,GO:0031324,GO:0031326,GO:0031327,GO:0032501,GO:0032502,GO:0045892,GO:0045934,GO:0048366,GO:0048367,GO:0048507,GO:0048519,GO:0048523,GO:0048532,GO:0048731,GO:0048827,GO:0048856,GO:0050789,GO:0050794,GO:0051171,GO:0051172,GO:0051252,GO:0051253,GO:0060255,GO:0065007,GO:0080090,GO:0099402,GO:0140110,GO:1902679,GO:1903506,GO:1903507,GO:1905392,GO:2000112,GO:2000113,GO:2001141",,,K,B3 DNA binding domain
LOC102592281,OG0006578,-1.141085129,7.54E-08,4113.PGSC0003DMT400010287,"GO:0001101,GO:0003674,GO:0003824,GO:0004497,GO:0005575,GO:0005622,GO:0005623,GO:0005737,GO:0006066,GO:0006082,GO:0006629,GO:0006714,GO:0006720,GO:0006721,GO:0006950,GO:0007154,GO:0007165,GO:0008150,GO:0008152,GO:0008299,GO:0008610,GO:0009058,GO:0009266,GO:0009314,GO:0009408,GO:0009414,GO:0009415,GO:0009416,GO:0009507,GO:0009526,GO:0009536,GO:0009540,GO:0009628,GO:0009639,GO:0009687,GO:0009688,GO:0009743,GO:0009756,GO:0009941,GO:0009987,GO:0010033,GO:0010035,GO:0010114,GO:0010182,GO:0016053,GO:0016106,GO:0016108,GO:0016109,GO:0016114,GO:0016116,GO:0016117,GO:0016122,GO:0016123,GO:0016491,GO:0016705,GO:0016709,GO:0019748,GO:0019752,GO:0023052,GO:0030104,GO:0031967,GO:0031975,GO:0032501,GO:0032787,GO:0042221,GO:0042440,GO:0042592,GO:0043226,GO:0043227,GO:0043229,GO:0043231,GO:0043288,GO:0043289,GO:0043436,GO:0044237,GO:0044238,GO:0044249,GO:0044255,GO:0044281,GO:0044283,GO:0044422,GO:0044424,GO:0044434,GO:0044435,GO:0044444,GO:0044446,GO:0044464,GO:0044550,GO:0046148,GO:0046165,GO:0046394,GO:0048871,GO:0048878,GO:0050789,GO:0050794,GO:0050878,GO:0050891,GO:0050896,GO:0051716,GO:0052662,GO:0055114,GO:0065007,GO:0065008,GO:0070887,GO:0071310,GO:0071322,GO:0071704,GO:0072330,GO:1901576,GO:1901615,GO:1901617,GO:1901700,GO:1901701,GO:1902644,GO:1902645",ko:K09838,"ko00906,ko01100,ko01110,map00906,map01100,map01110",C,Converts zeaxanthin into antheraxanthin and subsequently violaxanthin
LOC102604208,OG0001049,1.782922569,8.19E-08,4113.PGSC0003DMT400035207,,,,S,Hydrophobic seed protein
LOC102594930,OG0007815,-1.932468078,8.77E-08,4113.PGSC0003DMT400046925,,ko:K00521,,PQ,Ferric reductase like transmembrane component
LOC102577597,OG0002920,-1.516370742,8.77E-08,4113.PGSC0003DMT400063352,"GO:0000302,GO:0005575,GO:0005622,GO:0005623,GO:0005737,GO:0006417,GO:0006950,GO:0006979,GO:0008150,GO:0009266,GO:0009314,GO:0009408,GO:0009416,GO:0009507,GO:0009526,GO:0009532,GO:0009536,GO:0009570,GO:0009628,GO:0009636,GO:0009642,GO:0009644,GO:0009889,GO:0009891,GO:0009893,GO:0009941,GO:0009987,GO:0010035,GO:0010468,GO:0010556,GO:0010557,GO:0010604,GO:0010608,GO:0010628,GO:0019222,GO:0031323,GO:0031325,GO:0031326,GO:0031328,GO:0031967,GO:0031975,GO:0032268,GO:0032270,GO:0033554,GO:0034248,GO:0034250,GO:0034605,GO:0042221,GO:0042493,GO:0042542,GO:0043226,GO:0043227,GO:0043229,GO:0043231,GO:0043335,GO:0044422,GO:0044424,GO:0044434,GO:0044435,GO:0044444,GO:0044446,GO:0044464,GO:0045727,GO:0046677,GO:0048518,GO:0048522,GO:0050789,GO:0050794,GO:0050896,GO:0051171,GO:0051173,GO:0051246,GO:0051247,GO:0051716,GO:0060255,GO:0065007,GO:0080090,GO:1901700,GO:2000112",ko:K03695,"ko04213,map04213",O,Belongs to the ClpA ClpB family
LOC102585863,OG0006053,2.850170542,1.05E-07,4113.PGSC0003DMT400072451,,ko:K14488,"ko04075,map04075",S,Auxin-induced protein
NR3,OG0002450,-1.784714704,1.13E-07,4113.PGSC0003DMT400077648,"GO:0001505,GO:0003674,GO:0003824,GO:0005575,GO:0005622,GO:0005623,GO:0005737,GO:0005773,GO:0005829,GO:0005886,GO:0006082,GO:0006807,GO:0006809,GO:0008150,GO:0008152,GO:0008940,GO:0009058,GO:0009314,GO:0009416,GO:0009605,GO:0009607,GO:0009608,GO:0009610,GO:0009620,GO:0009628,GO:0009703,GO:0009987,GO:0016020,GO:0016491,GO:0016661,GO:0017144,GO:0034641,GO:0042126,GO:0042128,GO:0042133,GO:0042136,GO:0043207,GO:0043226,GO:0043227,GO:0043229,GO:0043231,GO:0043436,GO:0044237,GO:0044249,GO:0044271,GO:0044281,GO:0044424,GO:0044444,GO:0044464,GO:0046209,GO:0046857,GO:0050896,GO:0051704,GO:0051707,GO:0055114,GO:0065007,GO:0065008,GO:0071704,GO:0071941,GO:0071944,GO:0072593,GO:1903409,GO:2001057",ko:K10534,"ko00910,ko01120,map00910,map01120",C,"Nitrate reductase is a key enzyme involved in the first step of nitrate assimilation in plants, fungi and bacteria"
LOC102585817,OG0000166,1.312375599,1.65E-07,4113.PGSC0003DMT400041385,,,,,
LOC102603654,OG0004661,1.016140187,2.09E-07,4113.PGSC0003DMT400003474,,,,S,PI-PLC X domain-containing protein
LOC102602017,OG0003083,1.754558569,2.30E-07,4113.PGSC0003DMT400035770,"GO:0003674,GO:0003700,GO:0006355,GO:0008150,GO:0009314,GO:0009416,GO:0009628,GO:0009639,GO:0009719,GO:0009725,GO:0009733,GO:0009889,GO:0010033,GO:0010114,GO:0010218,GO:0010468,GO:0010556,GO:0019219,GO:0019222,GO:0031323,GO:0031326,GO:0042221,GO:0050789,GO:0050794,GO:0050896,GO:0051171,GO:0051252,GO:0060255,GO:0065007,GO:0080090,GO:0140110,GO:1903506,GO:2000112,GO:2001141",ko:K14484,"ko04075,map04075",K,Aux IAA proteins are short-lived transcriptional factors that function as repressors of early auxin response genes at low auxin concentrations
LOC102594854,NA,1.407794978,2.60E-07,4113.PGSC0003DMT400017553,"GO:0000003,GO:0003006,GO:0003674,GO:0003824,GO:0004842,GO:0005488,GO:0005515,GO:0006464,GO:0006508,GO:0006511,GO:0006807,GO:0007275,GO:0008150,GO:0008152,GO:0008285,GO:0009056,GO:0009057,GO:0009791,GO:0009908,GO:0009987,GO:0010498,GO:0016567,GO:0016740,GO:0019538,GO:0019787,GO:0019899,GO:0019941,GO:0022414,GO:0030163,GO:0031624,GO:0032446,GO:0032501,GO:0032502,GO:0036211,GO:0040008,GO:0042127,GO:0043161,GO:0043170,GO:0043412,GO:0043632,GO:0044237,GO:0044238,GO:0044248,GO:0044257,GO:0044260,GO:0044265,GO:0044267,GO:0044390,GO:0045926,GO:0046620,GO:0046621,GO:0048367,GO:0048437,GO:0048518,GO:0048519,GO:0048523,GO:0048608,GO:0048638,GO:0048640,GO:0048731,GO:0048831,GO:0048856,GO:0050789,GO:0050793,GO:0050794,GO:0051093,GO:0051094,GO:0051239,GO:0051240,GO:0051241,GO:0051603,GO:0051865,GO:0061458,GO:0061630,GO:0061659,GO:0065007,GO:0070647,GO:0071704,GO:0090567,GO:0099402,GO:0140096,GO:1900055,GO:1900057,GO:1901564,GO:1901565,GO:1901575,GO:1905623,GO:2000024,GO:2000026",ko:K19045,,O,E3 ubiquitin ligase BIG
LOC107058428,OG0014202,-2.730328772,2.73E-07,4113.PGSC0003DMT400036377,,ko:K13065,"ko00940,ko00941,ko00945,ko01100,ko01110,map00940,map00941,map00945,map01100,map01110",S,Anthocyanin acyltransferase
LOC102577723,OG0003574,-1.050021471,2.81E-07,4113.PGSC0003DMT400020589,"GO:0003674,GO:0003824,GO:0004497,GO:0006629,GO:0006694,GO:0007275,GO:0008150,GO:0008152,GO:0008202,GO:0008610,GO:0009058,GO:0010268,GO:0010295,GO:0010817,GO:0016125,GO:0016128,GO:0016129,GO:0016131,GO:0016132,GO:0016491,GO:0016705,GO:0016709,GO:0032501,GO:0032502,GO:0042445,GO:0042446,GO:0042592,GO:0044238,GO:0048856,GO:0048878,GO:0055088,GO:0055114,GO:0065007,GO:0065008,GO:0071704,GO:1901360,GO:1901362,GO:1901576,GO:1901615,GO:1901617",ko:K09843,"ko00906,map00906",Q,Belongs to the cytochrome P450 family
LOC102606359,OG0001245,-2.163365946,2.93E-07,4113.PGSC0003DMT400009328,,,,S,B-box zinc finger
LOC102603731,OG0001262,1.509955288,3.14E-07,4113.PGSC0003DMT400053373,"GO:0005575,GO:0005623,GO:0005886,GO:0008150,GO:0009605,GO:0009607,GO:0009624,GO:0016020,GO:0043207,GO:0044464,GO:0050896,GO:0051704,GO:0051707,GO:0071944",ko:K14638,,E,Protein NRT1 PTR FAMILY 4.3-like
LOC102592550,NA,-2.169744329,3.25E-07,4113.PGSC0003DMT400063117,"GO:0000003,GO:0003674,GO:0003700,GO:0005575,GO:0005911,GO:0006355,GO:0008150,GO:0009506,GO:0009566,GO:0009567,GO:0009889,GO:0010468,GO:0010556,GO:0019219,GO:0019222,GO:0019953,GO:0022414,GO:0030054,GO:0031323,GO:0031326,GO:0044703,GO:0050789,GO:0050794,GO:0051171,GO:0051252,GO:0051704,GO:0055044,GO:0060255,GO:0065007,GO:0080090,GO:0140110,GO:1903506,GO:2000112,GO:2001141",,,K,helix loop helix domain
LOC102588091,OG0003677,1.511865916,3.25E-07,4113.PGSC0003DMT400070294,"GO:0000272,GO:0001871,GO:0003674,GO:0003824,GO:0005488,GO:0005575,GO:0005622,GO:0005623,GO:0005737,GO:0005975,GO:0005976,GO:0005982,GO:0005983,GO:0006073,GO:0006793,GO:0006796,GO:0008150,GO:0008152,GO:0009056,GO:0009057,GO:0009251,GO:0009507,GO:0009532,GO:0009536,GO:0009570,GO:0009987,GO:0016052,GO:0016311,GO:0016787,GO:0016788,GO:0016791,GO:0019203,GO:0030246,GO:0030247,GO:0042578,GO:0043170,GO:0043226,GO:0043227,GO:0043229,GO:0043231,GO:0044042,GO:0044237,GO:0044238,GO:0044247,GO:0044248,GO:0044260,GO:0044262,GO:0044264,GO:0044275,GO:0044422,GO:0044424,GO:0044434,GO:0044435,GO:0044444,GO:0044446,GO:0044464,GO:0071704,GO:0097367,GO:1901575,GO:2001066",,,GV,phosphatase
LOC102597570,OG0007749,1.142418718,3.34E-07,4113.PGSC0003DMT400018805,,,,,
LOC102603187,OG0006249,-1.992454579,3.69E-07,4113.PGSC0003DMT400029402,"GO:0003674,GO:0003676,GO:0003677,GO:0005488,GO:0006355,GO:0007154,GO:0007165,GO:0007623,GO:0008150,GO:0009314,GO:0009416,GO:0009628,GO:0009639,GO:0009889,GO:0009890,GO:0009892,GO:0009987,GO:0010017,GO:0010468,GO:0010556,GO:0010558,GO:0010605,GO:0010629,GO:0019219,GO:0019222,GO:0023052,GO:0031323,GO:0031324,GO:0031326,GO:0031327,GO:0045892,GO:0045934,GO:0048511,GO:0048519,GO:0048523,GO:0050789,GO:0050794,GO:0050896,GO:0051171,GO:0051172,GO:0051252,GO:0051253,GO:0051716,GO:0060255,GO:0065007,GO:0071214,GO:0071478,GO:0071482,GO:0071489,GO:0080090,GO:0097159,GO:0104004,GO:1901363,GO:1902679,GO:1903506,GO:1903507,GO:2000112,GO:2000113,GO:2001141","ko:K12128,ko:K12130","ko04712,map04712",K,CCT motif
LOC102584110,NA,1.53526314,3.69E-07,4113.PGSC0003DMT400003712,"GO:0005575,GO:0005622,GO:0005623,GO:0005634,GO:0043226,GO:0043227,GO:0043229,GO:0043231,GO:0044424,GO:0044464",,,S,Ninja-family protein
RSI5,OG0003581,1.399119123,3.69E-07,4113.PGSC0003DMT400039670,"GO:0001101,GO:0003674,GO:0003700,GO:0006355,GO:0006950,GO:0007154,GO:0007165,GO:0008150,GO:0009414,GO:0009415,GO:0009628,GO:0009719,GO:0009725,GO:0009753,GO:0009755,GO:0009867,GO:0009889,GO:0009987,GO:0010033,GO:0010035,GO:0010468,GO:0010556,GO:0019219,GO:0019222,GO:0023052,GO:0031323,GO:0031326,GO:0032870,GO:0042221,GO:0050789,GO:0050794,GO:0050896,GO:0051171,GO:0051252,GO:0051716,GO:0060255,GO:0065007,GO:0070887,GO:0071229,GO:0071310,GO:0071395,GO:0071495,GO:0080090,GO:0140110,GO:1901700,GO:1901701,GO:1903506,GO:2000112,GO:2001141",,,K,No apical meristem (NAM) protein
LOC102604680,OG0000394,-1.367565067,3.69E-07,4113.PGSC0003DMT400084308,"GO:0003674,GO:0003824,GO:0004175,GO:0005575,GO:0006508,GO:0006807,GO:0008150,GO:0008152,GO:0008233,GO:0016020,GO:0016787,GO:0019538,GO:0043170,GO:0044238,GO:0070011,GO:0071704,GO:0140096,GO:1901564",ko:K03797,,M,PDZ domain (Also known as DHR or GLGF)
LOC102594291,OG0001757,1.579004072,3.70E-07,4113.PGSC0003DMT400052839,"GO:0000272,GO:0001101,GO:0003674,GO:0003824,GO:0004553,GO:0005575,GO:0005622,GO:0005623,GO:0005634,GO:0005737,GO:0005829,GO:0005975,GO:0005976,GO:0005982,GO:0005983,GO:0006073,GO:0006950,GO:0008150,GO:0008152,GO:0009056,GO:0009057,GO:0009251,GO:0009414,GO:0009415,GO:0009628,GO:0009987,GO:0010035,GO:0016052,GO:0016160,GO:0016161,GO:0016787,GO:0016798,GO:0042221,GO:0043170,GO:0043226,GO:0043227,GO:0043229,GO:0043231,GO:0044042,GO:0044237,GO:0044238,GO:0044247,GO:0044248,GO:0044260,GO:0044262,GO:0044264,GO:0044275,GO:0044424,GO:0044444,GO:0044464,GO:0050896,GO:0071704,GO:1901575,GO:1901700",ko:K01177,"ko00500,map00500",G,Glycosyl hydrolase family 14
LOC102601889,OG0006018,-2.642379686,4.06E-07,4113.PGSC0003DMT400036925,,,,,
LOC102605425,OG0004269,-1.167033711,4.26E-07,4113.PGSC0003DMT400078201,"GO:0005575,GO:0005622,GO:0005623,GO:0005737,GO:0044424,GO:0044464",ko:K13993,"ko04141,map04141",O,Belongs to the small heat shock protein (HSP20) family
LOC102590684,OG0000123,2.461861037,5.14E-07,4113.PGSC0003DMT400034873,,ko:K14516,"ko04016,ko04075,map04016,map04075",K,Transcription factor
LOC102578320,OG0010058,-1.986476739,5.31E-07,4113.PGSC0003DMT400041528,,ko:K13065,"ko00940,ko00941,ko00945,ko01100,ko01110,map00940,map00941,map00945,map01100,map01110",S,Anthocyanin acyltransferase
LOC102586393,OG0004608,-1.277518763,5.88E-07,4113.PGSC0003DMT400023914,,,,S,Gibberellin-regulated protein
LOC102580389,OG0008411,-1.155237617,6.56E-07,4113.PGSC0003DMT400002733,,,,S,Uncharacterized conserved protein (DUF2358)
LOC102590732,OG0002983,-4.805885262,7.07E-07,4113.PGSC0003DMT400029198,,,,S,glycine-rich cell wall structural protein 1
LOC102578169,OG0001027,-1.196654395,7.16E-07,4113.PGSC0003DMT400008044,"GO:0000988,GO:0000989,GO:0003674,GO:0003700,GO:0005575,GO:0005622,GO:0005623,GO:0005634,GO:0006355,GO:0006950,GO:0008150,GO:0009266,GO:0009314,GO:0009408,GO:0009416,GO:0009628,GO:0009637,GO:0009889,GO:0009987,GO:0010099,GO:0010100,GO:0010286,GO:0010468,GO:0010556,GO:0019219,GO:0019222,GO:0031323,GO:0031326,GO:0033554,GO:0034605,GO:0043226,GO:0043227,GO:0043229,GO:0043231,GO:0044424,GO:0044464,GO:0048519,GO:0048580,GO:0048581,GO:0048583,GO:0048585,GO:0050789,GO:0050793,GO:0050794,GO:0050896,GO:0051093,GO:0051171,GO:0051239,GO:0051241,GO:0051252,GO:0051716,GO:0060255,GO:0065007,GO:0070370,GO:0071214,GO:0071478,GO:0071482,GO:0071483,GO:0080090,GO:0104004,GO:0140110,GO:1903506,GO:2000026,GO:2000030,GO:2000112,GO:2001141",,,S,B-box zinc finger
LOC107059806,OG0014836,-3.231226371,7.57E-07,4113.PGSC0003DMT400006489,,,,S,Protein of unknown function (DUF1677)
LOC102600765,OG0010691,-2.260127209,8.70E-07,4113.PGSC0003DMT400033381,,,,S,PDDEXK-like family of unknown function
LOC102586529,OG0005563,1.030206195,1.07E-06,NA,NA,NA,NA,NA,NA
LOC102598389,OG0008429,4.683606237,1.15E-06,4081.Solyc12g099120.1.1,"GO:0000981,GO:0000988,GO:0000989,GO:0001067,GO:0001076,GO:0001101,GO:0001134,GO:0001135,GO:0003674,GO:0003676,GO:0003677,GO:0003700,GO:0005488,GO:0005575,GO:0005622,GO:0005623,GO:0005634,GO:0006355,GO:0006357,GO:0006950,GO:0006970,GO:0008150,GO:0009605,GO:0009607,GO:0009620,GO:0009628,GO:0009651,GO:0009719,GO:0009723,GO:0009725,GO:0009737,GO:0009753,GO:0009889,GO:0009987,GO:0010033,GO:0010468,GO:0010556,GO:0019219,GO:0019222,GO:0030154,GO:0031323,GO:0031326,GO:0032502,GO:0033993,GO:0042221,GO:0043207,GO:0043226,GO:0043227,GO:0043229,GO:0043231,GO:0043565,GO:0044212,GO:0044424,GO:0044464,GO:0048869,GO:0050789,GO:0050794,GO:0050896,GO:0051171,GO:0051252,GO:0051704,GO:0051707,GO:0060255,GO:0065007,GO:0080090,GO:0097159,GO:0097305,GO:0140110,GO:1901363,GO:1901700,GO:1902074,GO:1903506,GO:2000112,GO:2001141",ko:K09422,,K,Transcription factor
LOC102589421,NA,1.774613307,1.19E-06,4113.PGSC0003DMT400062923,,,,,
LOC102601920,OG0009829,-1.846129552,1.23E-06,4098.XP_009625451.1,,,,S,isoform X1
LOC107059997,OG0003029,1.779713362,1.31E-06,4113.PGSC0003DMT400037700,,,,,
LOC102599512,OG0004355,2.243231397,1.37E-06,4113.PGSC0003DMT400044244,"GO:0003674,GO:0003824,GO:0004672,GO:0004674,GO:0005488,GO:0005515,GO:0005575,GO:0005622,GO:0005623,GO:0005737,GO:0005783,GO:0006464,GO:0006468,GO:0006793,GO:0006796,GO:0006807,GO:0008150,GO:0008152,GO:0009966,GO:0009968,GO:0009987,GO:0010104,GO:0010105,GO:0010646,GO:0010648,GO:0012505,GO:0016301,GO:0016310,GO:0016740,GO:0016772,GO:0016773,GO:0019538,GO:0023051,GO:0023057,GO:0036211,GO:0042562,GO:0042802,GO:0043170,GO:0043226,GO:0043227,GO:0043229,GO:0043231,GO:0043412,GO:0044237,GO:0044238,GO:0044260,GO:0044267,GO:0044424,GO:0044444,GO:0044464,GO:0048519,GO:0048523,GO:0048583,GO:0048585,GO:0050789,GO:0050794,GO:0051740,GO:0065007,GO:0070297,GO:0070298,GO:0071704,GO:0072328,GO:0140096,GO:1901564,GO:1902531,GO:1902532",ko:K14509,"ko04016,ko04075,map04016,map04075",T,"May act early in the ethylene signal transduction pathway, possibly as an ethylene receptor, or as a regulator of the pathway"
LOC102588131,OG0000273,1.702873942,1.43E-06,4113.PGSC0003DMT400019296,"GO:0000003,GO:0001067,GO:0003006,GO:0003674,GO:0003676,GO:0003677,GO:0003700,GO:0005488,GO:0005575,GO:0005622,GO:0005623,GO:0005634,GO:0006355,GO:0007275,GO:0008150,GO:0009314,GO:0009416,GO:0009628,GO:0009648,GO:0009719,GO:0009725,GO:0009741,GO:0009791,GO:0009889,GO:0009890,GO:0009892,GO:0009909,GO:0009910,GO:0010033,GO:0010228,GO:0010468,GO:0010556,GO:0010558,GO:0010605,GO:0010629,GO:0014070,GO:0019219,GO:0019222,GO:0022414,GO:0022622,GO:0031323,GO:0031324,GO:0031326,GO:0031327,GO:0032501,GO:0032502,GO:0033993,GO:0042221,GO:0043226,GO:0043227,GO:0043229,GO:0043231,GO:0043565,GO:0044212,GO:0044424,GO:0044464,GO:0045892,GO:0045934,GO:0048364,GO:0048366,GO:0048367,GO:0048519,GO:0048523,GO:0048527,GO:0048528,GO:0048573,GO:0048580,GO:0048581,GO:0048608,GO:0048731,GO:0048827,GO:0048831,GO:0048856,GO:0050789,GO:0050793,GO:0050794,GO:0050896,GO:0051093,GO:0051171,GO:0051172,GO:0051239,GO:0051241,GO:0051252,GO:0051253,GO:0060255,GO:0061458,GO:0065007,GO:0080090,GO:0090696,GO:0097159,GO:0099402,GO:0140110,GO:1901363,GO:1901700,GO:1902679,GO:1903506,GO:1903507,GO:2000026,GO:2000112,GO:2000113,GO:2000241,GO:2000242,GO:2001141",ko:K09287,,K,B3 DNA binding domain
LOC102582824,OG0003411,2.312011179,1.90E-06,4113.PGSC0003DMT400023672,,,,S,DVL family
LOC102595020,OG0003068,1.189912173,1.97E-06,4113.PGSC0003DMT400083117,"GO:0003674,GO:0003824,GO:0004672,GO:0004674,GO:0005575,GO:0005622,GO:0005623,GO:0005634,GO:0005737,GO:0006417,GO:0006464,GO:0006468,GO:0006793,GO:0006796,GO:0006807,GO:0006950,GO:0006970,GO:0007154,GO:0007165,GO:0008150,GO:0008152,GO:0009266,GO:0009408,GO:0009409,GO:0009628,GO:0009651,GO:0009889,GO:0009891,GO:0009893,GO:0009987,GO:0010468,GO:0010556,GO:0010557,GO:0010604,GO:0010608,GO:0010628,GO:0016301,GO:0016310,GO:0016740,GO:0016772,GO:0016773,GO:0019222,GO:0019538,GO:0023052,GO:0031323,GO:0031325,GO:0031326,GO:0031328,GO:0032268,GO:0032270,GO:0034248,GO:0034250,GO:0035556,GO:0036211,GO:0043170,GO:0043226,GO:0043227,GO:0043229,GO:0043231,GO:0043412,GO:0044237,GO:0044238,GO:0044260,GO:0044267,GO:0044424,GO:0044464,GO:0045727,GO:0048518,GO:0048522,GO:0050789,GO:0050794,GO:0050896,GO:0051171,GO:0051173,GO:0051246,GO:0051247,GO:0051716,GO:0060255,GO:0065007,GO:0071704,GO:0080090,GO:0140096,GO:1901564,GO:2000112",ko:K04688,"ko01521,ko01522,ko04012,ko04066,ko04140,ko04150,ko04151,ko04152,ko04211,ko04212,ko04213,ko04350,ko04371,ko04666,ko04714,ko04910,ko04931,ko05165,ko05200,ko05205,ko05210,ko05212,ko05221,ko05224,ko05225,ko05226,ko05231,map01521,map01522,map04012,map04066,map04140,map04150,map04151,map04152,map04211,map04212,map04213,map04350,map04371,map04666,map04714,map04910,map04931,map05165,map05200,map05205,map05210,map05212,map05221,map05224,map05225,map05226,map05231",T,Serine threonine-protein kinase AtPK2 AtPK19-like
LOC102605088,OG0003818,-1.938828853,2.48E-06,4098.XP_009616126.1,"GO:0003674,GO:0003824,GO:0005575,GO:0005622,GO:0005623,GO:0005737,GO:0005739,GO:0009507,GO:0009526,GO:0009528,GO:0009532,GO:0009536,GO:0009570,GO:0009706,GO:0009941,GO:0010007,GO:0016020,GO:0016851,GO:0016874,GO:0019866,GO:0031090,GO:0031967,GO:0031969,GO:0031975,GO:0032991,GO:0042170,GO:0043226,GO:0043227,GO:0043229,GO:0043231,GO:0044422,GO:0044424,GO:0044434,GO:0044435,GO:0044444,GO:0044446,GO:0044464,GO:0051002,GO:0051003,GO:1902494",ko:K03403,"ko00860,ko01100,ko01110,map00860,map01100,map01110",H,Magnesium-chelatase subunit ChlH
LOC102592181,OG0010343,1.796661991,2.84E-06,4113.PGSC0003DMT400023082,"GO:0003674,GO:0003824,GO:0004553,GO:0005575,GO:0005622,GO:0005623,GO:0005737,GO:0008150,GO:0008810,GO:0009507,GO:0009536,GO:0009825,GO:0009987,GO:0016043,GO:0016049,GO:0016787,GO:0016798,GO:0040007,GO:0042545,GO:0042547,GO:0043226,GO:0043227,GO:0043229,GO:0043231,GO:0044424,GO:0044444,GO:0044464,GO:0045229,GO:0071554,GO:0071555,GO:0071840",ko:K01179,"ko00500,ko01100,map00500,map01100",G,Glycosyl hydrolase family 9
LOC102581508,OG0000625,1.499952277,2.84E-06,4113.PGSC0003DMT400081296,,,,K,Homeodomain
STBRC1B,OG0003260,1.498766919,2.84E-06,4081.Solyc06g069240.1.1,"GO:0001763,GO:0003674,GO:0003700,GO:0005575,GO:0005622,GO:0005623,GO:0005634,GO:0006355,GO:0007275,GO:0008150,GO:0009653,GO:0009889,GO:0010016,GO:0010223,GO:0010346,GO:0010468,GO:0010556,GO:0019219,GO:0019222,GO:0022603,GO:0031323,GO:0031326,GO:0032501,GO:0032502,GO:0043226,GO:0043227,GO:0043229,GO:0043231,GO:0044424,GO:0044464,GO:0048367,GO:0048646,GO:0048731,GO:0048831,GO:0048856,GO:0050789,GO:0050793,GO:0050794,GO:0051171,GO:0051239,GO:0051252,GO:0060255,GO:0060688,GO:0065007,GO:0080090,GO:0140110,GO:1900618,GO:1903506,GO:1905393,GO:1905428,GO:2000026,GO:2000032,GO:2000112,GO:2001141",,,K,TCP family transcription factor
LOC102602357,OG0012766,1.378095884,2.84E-06,4113.PGSC0003DMT400017632,,,,O,Subtilase family
LOC102593298,OG0009458,1.440553301,3.04E-06,4096.XP_009778629.1,,,,T,Domain of unknown function (DUF3403)
LOC107060694,OG0009074,1.430058927,3.23E-06,4113.PGSC0003DMT400013810,,,,S,Sigma factor binding protein
LOC102591012,OG0001056,1.296969838,3.23E-06,4113.PGSC0003DMT400078051,"GO:0003674,GO:0003824,GO:0006082,GO:0006629,GO:0006720,GO:0006721,GO:0008150,GO:0008152,GO:0009685,GO:0009987,GO:0010817,GO:0016101,GO:0016491,GO:0016705,GO:0016706,GO:0019752,GO:0042445,GO:0043436,GO:0044237,GO:0044238,GO:0044255,GO:0044281,GO:0045543,GO:0051213,GO:0052635,GO:0055114,GO:0065007,GO:0065008,GO:0071704",,,Q,non-haem dioxygenase in morphine synthesis N-terminal
LOC107057952,OG0005608,1.08377778,3.35E-06,NA,NA,NA,NA,NA,NA
LOC102606433,OG0001899,-2.425156807,3.40E-06,4113.PGSC0003DMT400011627,"GO:0003674,GO:0003824,GO:0005575,GO:0005622,GO:0005623,GO:0005737,GO:0005794,GO:0008194,GO:0012505,GO:0016740,GO:0016757,GO:0016758,GO:0035251,GO:0043226,GO:0043227,GO:0043229,GO:0043231,GO:0044424,GO:0044444,GO:0044464,GO:0046527,GO:0080043,GO:0080044","ko:K08237,ko:K21371,ko:K21374",,CG,Belongs to the UDP-glycosyltransferase family
LOC107059048,OG0007120,1.544204399,3.40E-06,4113.PGSC0003DMT400082795,,,,S,Nonspecific lipid-transfer protein
LOC102605695,OG0010141,1.399238351,3.46E-06,4113.PGSC0003DMT400062598,,,,O,DnaJ molecular chaperone homology domain
LOC102606129,OG0000394,1.572249491,4.05E-06,4113.PGSC0003DMT400068186,,ko:K05387,,P,Glutamate-gated receptor that probably acts as non- selective cation channel
LOC102597988,OG0005832,-1.002165869,4.05E-06,4113.PGSC0003DMT400017259,"GO:0003674,GO:0005215,GO:0005216,GO:0005244,GO:0005249,GO:0005261,GO:0005267,GO:0005575,GO:0005623,GO:0005886,GO:0005887,GO:0006810,GO:0006811,GO:0006812,GO:0006813,GO:0008150,GO:0008324,GO:0009987,GO:0015075,GO:0015077,GO:0015079,GO:0015267,GO:0015318,GO:0015672,GO:0016020,GO:0016021,GO:0022803,GO:0022832,GO:0022836,GO:0022838,GO:0022839,GO:0022843,GO:0022857,GO:0022890,GO:0030001,GO:0031224,GO:0031226,GO:0034220,GO:0042391,GO:0044425,GO:0044459,GO:0044464,GO:0046873,GO:0051179,GO:0051234,GO:0055085,GO:0065007,GO:0065008,GO:0071804,GO:0071805,GO:0071944,GO:0098655,GO:0098660,GO:0098662",ko:K05391,"ko04626,map04626",P,cyclic nucleotide-gated ion channel 15
LOC102589748,NA,2.370528219,4.21E-06,4113.PGSC0003DMT400033871,"GO:0000902,GO:0003674,GO:0003824,GO:0006464,GO:0006473,GO:0006807,GO:0007154,GO:0007165,GO:0007275,GO:0008080,GO:0008150,GO:0008152,GO:0009314,GO:0009416,GO:0009628,GO:0009639,GO:0009640,GO:0009653,GO:0009719,GO:0009723,GO:0009725,GO:0009733,GO:0009734,GO:0009755,GO:0009791,GO:0009826,GO:0009987,GO:0010033,GO:0016043,GO:0016049,GO:0016407,GO:0016410,GO:0016740,GO:0016746,GO:0016747,GO:0019538,GO:0023052,GO:0032501,GO:0032502,GO:0032870,GO:0032989,GO:0036211,GO:0040007,GO:0042221,GO:0043170,GO:0043412,GO:0043543,GO:0044237,GO:0044238,GO:0044260,GO:0044267,GO:0048589,GO:0048856,GO:0048869,GO:0050789,GO:0050794,GO:0050896,GO:0051716,GO:0060560,GO:0065007,GO:0070887,GO:0071310,GO:0071365,GO:0071495,GO:0071704,GO:0071840,GO:1901564",,,S,FR47-like protein
LOC102591147,OG0011094,-1.445085127,4.76E-06,4113.PGSC0003DMT400044224,"GO:0005575,GO:0005618,GO:0005623,GO:0030312,GO:0044464,GO:0071944",,,S,Cupin
LOC102598012,OG0005725,1.1749443,4.92E-06,4113.PGSC0003DMT400014464,,,,K,Homeodomain
LOC102605735,OG0001897,-1.206393669,5.13E-06,4113.PGSC0003DMT400073684,"GO:0003674,GO:0003824,GO:0003913,GO:0003914,GO:0008150,GO:0009314,GO:0009411,GO:0009416,GO:0009628,GO:0016829,GO:0016830,GO:0050896,GO:0140097",ko:K02295,"ko04710,map04710",LT,photolyase
LOC102598281,OG0000120,-1.07322262,5.19E-06,4081.Solyc11g066250.1.1,"GO:0003674,GO:0003824,GO:0004180,GO:0004185,GO:0005575,GO:0005622,GO:0005623,GO:0005737,GO:0005773,GO:0006508,GO:0006807,GO:0008150,GO:0008152,GO:0008233,GO:0008236,GO:0008238,GO:0009056,GO:0009057,GO:0009987,GO:0016787,GO:0017171,GO:0019538,GO:0030163,GO:0043170,GO:0043226,GO:0043227,GO:0043229,GO:0043231,GO:0044237,GO:0044238,GO:0044248,GO:0044257,GO:0044260,GO:0044265,GO:0044267,GO:0044424,GO:0044444,GO:0044464,GO:0051603,GO:0070008,GO:0070011,GO:0071704,GO:0140096,GO:1901564,GO:1901565,GO:1901575",ko:K16298,,O,Serine carboxypeptidase
LOC102602066,NA,1.639140733,5.69E-06,4113.PGSC0003DMT400055263,"GO:0001101,GO:0003674,GO:0003676,GO:0003677,GO:0003700,GO:0005488,GO:0006355,GO:0006950,GO:0006970,GO:0007154,GO:0007165,GO:0007275,GO:0007623,GO:0008150,GO:0009628,GO:0009651,GO:0009719,GO:0009723,GO:0009725,GO:0009733,GO:0009734,GO:0009737,GO:0009739,GO:0009751,GO:0009753,GO:0009755,GO:0009791,GO:0009845,GO:0009889,GO:0009909,GO:0009987,GO:0010033,GO:0010468,GO:0010556,GO:0010600,GO:0010817,GO:0014070,GO:0019219,GO:0019222,GO:0023052,GO:0031323,GO:0031326,GO:0032350,GO:0032501,GO:0032502,GO:0032870,GO:0033993,GO:0042221,GO:0042493,GO:0046677,GO:0046885,GO:0048511,GO:0048580,GO:0048831,GO:0048856,GO:0050789,GO:0050793,GO:0050794,GO:0050896,GO:0051171,GO:0051239,GO:0051252,GO:0051716,GO:0060255,GO:0065007,GO:0065008,GO:0070887,GO:0071310,GO:0071365,GO:0071495,GO:0080090,GO:0090351,GO:0090354,GO:0097159,GO:0097305,GO:0140110,GO:1901363,GO:1901700,GO:1903506,GO:2000026,GO:2000112,GO:2000241,GO:2001141",,,K,Protein REVEILLE 1-like isoform X1
LOC102602960,OG0000685,1.150070648,5.69E-06,4113.PGSC0003DMT400046104,"GO:0000302,GO:0001101,GO:0002238,GO:0006950,GO:0006979,GO:0007275,GO:0007568,GO:0008150,GO:0009605,GO:0009607,GO:0009620,GO:0009624,GO:0010033,GO:0010035,GO:0010150,GO:0010193,GO:0032501,GO:0032502,GO:0042221,GO:0042493,GO:0043207,GO:0046677,GO:0048366,GO:0048367,GO:0048731,GO:0048827,GO:0048856,GO:0050896,GO:0051704,GO:0051707,GO:0090693,GO:0099402,GO:1901700",,,S,Wound-induced protein 1
LOC102578510,OG0015407,-2.149947715,5.83E-06,4113.PGSC0003DMT400045914,,,,S,PDDEXK-like family of unknown function
LOC102602814,NA,2.702022998,5.89E-06,4113.PGSC0003DMT400019410,,,,S,LOB domain-containing protein
LOC102590017,OG0000081,-1.103952251,6.30E-06,4113.PGSC0003DMT400081787,"GO:0005575,GO:0005622,GO:0005623,GO:0005737,GO:0006091,GO:0006807,GO:0006950,GO:0008150,GO:0008152,GO:0009314,GO:0009416,GO:0009507,GO:0009509,GO:0009526,GO:0009532,GO:0009534,GO:0009535,GO:0009536,GO:0009570,GO:0009575,GO:0009579,GO:0009611,GO:0009628,GO:0009642,GO:0009644,GO:0009765,GO:0009941,GO:0009987,GO:0010206,GO:0010207,GO:0015979,GO:0016020,GO:0016043,GO:0019538,GO:0019684,GO:0019898,GO:0022607,GO:0030091,GO:0031090,GO:0031967,GO:0031969,GO:0031975,GO:0031976,GO:0031984,GO:0034357,GO:0034622,GO:0035448,GO:0042170,GO:0042651,GO:0043170,GO:0043226,GO:0043227,GO:0043229,GO:0043231,GO:0043933,GO:0044085,GO:0044237,GO:0044238,GO:0044260,GO:0044267,GO:0044422,GO:0044424,GO:0044425,GO:0044434,GO:0044435,GO:0044436,GO:0044444,GO:0044446,GO:0044464,GO:0050896,GO:0055035,GO:0065003,GO:0071704,GO:0071840,GO:1901564",,,,
LOC102602952,OG0000141,-1.639351196,7.32E-06,4113.PGSC0003DMT400055958,"GO:0005575,GO:0005622,GO:0005623,GO:0005737,GO:0044424,GO:0044464",ko:K13993,"ko04141,map04141",O,kDa class II heat shock protein-like
LOC102598350,OG0008882,1.586484448,7.32E-06,4113.PGSC0003DMT400031704,,,,S,BEST Arabidopsis thaliana protein match is
LOC102602866,OG0011035,2.984350602,7.36E-06,4113.PGSC0003DMT400040298,,,,S,Gibberellin regulated protein
LOC102581469,OG0004127,-1.794174318,7.37E-06,4113.PGSC0003DMT400028817,"GO:0002094,GO:0003674,GO:0003824,GO:0004659,GO:0005575,GO:0005622,GO:0005623,GO:0005737,GO:0005829,GO:0006066,GO:0006629,GO:0006720,GO:0006996,GO:0008150,GO:0008152,GO:0008299,GO:0008610,GO:0009058,GO:0009507,GO:0009532,GO:0009536,GO:0009570,GO:0009657,GO:0009668,GO:0009987,GO:0016043,GO:0016093,GO:0016094,GO:0016740,GO:0016765,GO:0043226,GO:0043227,GO:0043229,GO:0043231,GO:0044237,GO:0044238,GO:0044249,GO:0044255,GO:0044281,GO:0044283,GO:0044422,GO:0044424,GO:0044434,GO:0044435,GO:0044444,GO:0044446,GO:0044464,GO:0046165,GO:0061024,GO:0071704,GO:0071840,GO:1901576,GO:1901615,GO:1901617",ko:K11778,"ko00900,ko01110,map00900,map01110",I,Belongs to the UPP synthase family
LOC107060027,OG0011050,1.387449261,7.45E-06,4113.PGSC0003DMT400007397,,,,,
LOC102590625,OG0000934,-1.090114277,7.55E-06,4081.Solyc03g112010.2.1,,"ko:K07408,ko:K07418","ko00140,ko00380,ko00590,ko00591,ko00830,ko00980,ko01100,ko04212,ko04726,ko04750,ko04913,ko05204,map00140,map00380,map00590,map00591,map00830,map00980,map01100,map04212,map04726,map04750,map04913,map05204",Q,Cytochrome p450
LOC102587042,OG0009263,1.780170241,8.90E-06,4113.PGSC0003DMT400066686,,,,S,Methylketone synthase
LOC102578522,OG0007140,-1.115722622,9.41E-06,4081.Solyc01g108520.1.1,"GO:0003674,GO:0003824,GO:0005575,GO:0005622,GO:0005623,GO:0005737,GO:0005829,GO:0008150,GO:0008152,GO:0009056,GO:0016787,GO:0016788,GO:0044424,GO:0044444,GO:0044464,GO:0052689",,,V,alpha/beta hydrolase fold
LOC102606321,OG0001282,-1.955806693,1.07E-05,4113.PGSC0003DMT400010985,"GO:0001101,GO:0003674,GO:0005488,GO:0005515,GO:0005575,GO:0005622,GO:0005623,GO:0005737,GO:0005773,GO:0005774,GO:0006091,GO:0006950,GO:0008150,GO:0008152,GO:0009266,GO:0009269,GO:0009314,GO:0009409,GO:0009414,GO:0009415,GO:0009416,GO:0009503,GO:0009507,GO:0009517,GO:0009521,GO:0009522,GO:0009523,GO:0009526,GO:0009532,GO:0009534,GO:0009535,GO:0009536,GO:0009570,GO:0009579,GO:0009628,GO:0009637,GO:0009639,GO:0009642,GO:0009644,GO:0009645,GO:0009719,GO:0009725,GO:0009737,GO:0009765,GO:0009768,GO:0009769,GO:0009889,GO:0009891,GO:0009893,GO:0009941,GO:0009987,GO:0010033,GO:0010035,GO:0010114,GO:0010119,GO:0010218,GO:0010287,GO:0015979,GO:0016020,GO:0016168,GO:0019222,GO:0019684,GO:0019904,GO:0030076,GO:0030104,GO:0031090,GO:0031323,GO:0031325,GO:0031409,GO:0031967,GO:0031975,GO:0031976,GO:0031984,GO:0032870,GO:0032991,GO:0033993,GO:0034357,GO:0042221,GO:0042592,GO:0042651,GO:0043167,GO:0043168,GO:0043226,GO:0043227,GO:0043229,GO:0043231,GO:0044237,GO:0044422,GO:0044424,GO:0044425,GO:0044434,GO:0044435,GO:0044436,GO:0044437,GO:0044444,GO:0044446,GO:0044464,GO:0046906,GO:0048037,GO:0048518,GO:0048522,GO:0048878,GO:0050789,GO:0050794,GO:0050896,GO:0051716,GO:0055035,GO:0065007,GO:0065008,GO:0070887,GO:0071215,GO:0071229,GO:0071310,GO:0071396,GO:0071495,GO:0090333,GO:0097159,GO:0097305,GO:0097306,GO:0098588,GO:0098796,GO:0098805,GO:0098807,GO:1901363,GO:1901700,GO:1901701,GO:1903426,GO:1903428,GO:2000377,GO:2000379","ko:K08912,ko:K08913","ko00196,ko01100,map00196,map01100",C,"The light-harvesting complex (LHC) functions as a light receptor, it captures and delivers excitation energy to photosystems with which it is closely associated"
LOC102595614,OG0004870,1.702116415,1.24E-05,4113.PGSC0003DMT400031362,,,,S,21 kDa protein-like
LOC102595561,OG0008179,1.217419327,1.24E-05,4113.PGSC0003DMT400034549,,ko:K15223,,K,"SWI complex, BAF60b domains"
LOC102591359,OG0000618,2.057533662,1.55E-05,4113.PGSC0003DMT400026627,,ko:K14516,"ko04016,ko04075,map04016,map04075",K,Transcription factor
LOC107059889,OG0010760,1.522956589,1.57E-05,NA,NA,NA,NA,NA,NA
LOC102591470,OG0000512,-1.159991557,1.59E-05,4096.XP_009788785.1,"GO:0005575,GO:0005622,GO:0005623,GO:0005737,GO:0009507,GO:0009536,GO:0043226,GO:0043227,GO:0043229,GO:0043231,GO:0044424,GO:0044444,GO:0044464",ko:K00855,"ko00710,ko01100,ko01120,ko01200,map00710,map01100,map01120,map01200",TZ,Phosphoribulokinase
LOC102601482,OG0007682,-1.308712036,1.62E-05,4113.PGSC0003DMT400008363,,ko:K14488,"ko04075,map04075",S,Auxin responsive protein
LOC102591380,OG0008498,1.715068936,1.65E-05,4113.PGSC0003DMT400017807,,,,S,protein kinase inhibitor activity
LOC102594096,OG0007543,-1.843658767,1.68E-05,4113.PGSC0003DMT400092927,,ko:K08912,"ko00196,ko01100,map00196,map01100",C,"The light-harvesting complex (LHC) functions as a light receptor, it captures and delivers excitation energy to photosystems with which it is closely associated"
LOC102602388,OG0005512,-1.152364932,1.81E-05,4113.PGSC0003DMT400011655,,,,S,Alpha/beta hydrolase family
LOC102588526,OG0002771,1.219202297,1.97E-05,4098.XP_009588347.1,"GO:0000976,GO:0000977,GO:0001012,GO:0001067,GO:0001101,GO:0003674,GO:0003676,GO:0003677,GO:0003690,GO:0003700,GO:0005488,GO:0005575,GO:0005622,GO:0005623,GO:0005634,GO:0006355,GO:0007154,GO:0007165,GO:0008150,GO:0009314,GO:0009411,GO:0009416,GO:0009605,GO:0009606,GO:0009628,GO:0009629,GO:0009630,GO:0009639,GO:0009719,GO:0009725,GO:0009737,GO:0009739,GO:0009740,GO:0009755,GO:0009787,GO:0009889,GO:0009893,GO:0009958,GO:0009966,GO:0009987,GO:0010017,GO:0010033,GO:0010099,GO:0010114,GO:0010218,GO:0010224,GO:0010468,GO:0010476,GO:0010556,GO:0010646,GO:0019219,GO:0019222,GO:0023051,GO:0023052,GO:0031323,GO:0031326,GO:0031537,GO:0031539,GO:0032870,GO:0032991,GO:0032993,GO:0033993,GO:0042221,GO:0042752,GO:0042753,GO:0043226,GO:0043227,GO:0043229,GO:0043231,GO:0043565,GO:0044212,GO:0044424,GO:0044464,GO:0048518,GO:0048580,GO:0048583,GO:0050789,GO:0050793,GO:0050794,GO:0050896,GO:0051171,GO:0051239,GO:0051252,GO:0051716,GO:0060255,GO:0065007,GO:0070887,GO:0071214,GO:0071229,GO:0071310,GO:0071370,GO:0071396,GO:0071478,GO:0071482,GO:0071489,GO:0071495,GO:0080090,GO:0080167,GO:0097159,GO:0097305,GO:0104004,GO:0140110,GO:1901363,GO:1901419,GO:1901700,GO:1901701,GO:1903506,GO:1905957,GO:1990837,GO:2000026,GO:2000030,GO:2000112,GO:2001141",ko:K16241,"ko04712,map04712",K,Transcription factor HY5
LOC107058602,OG0000800,-1.46159236,1.97E-05,4113.PGSC0003DMT400021391,,ko:K08912,"ko00196,ko01100,map00196,map01100",C,"The light-harvesting complex (LHC) functions as a light receptor, it captures and delivers excitation energy to photosystems with which it is closely associated"
LOC107058626,NA,1.894267209,2.32E-05,NA,NA,NA,NA,NA,NA
LOC102581810,OG0004758,-1.91724673,2.55E-05,NA,NA,NA,NA,NA,NA
LOC102582853,OG0000296,1.257171362,2.62E-05,4113.PGSC0003DMT400066570,,,,CG,Belongs to the UDP-glycosyltransferase family
LOC102605299,OG0006573,1.069855854,3.00E-05,4113.PGSC0003DMT400068959,"GO:0000160,GO:0003674,GO:0003676,GO:0003677,GO:0003700,GO:0005488,GO:0005575,GO:0006082,GO:0006355,GO:0006790,GO:0006807,GO:0007154,GO:0007165,GO:0008150,GO:0008152,GO:0009719,GO:0009723,GO:0009725,GO:0009755,GO:0009873,GO:0009889,GO:0009987,GO:0010033,GO:0010468,GO:0010556,GO:0016020,GO:0016143,GO:0019219,GO:0019222,GO:0019748,GO:0019757,GO:0019760,GO:0023052,GO:0031323,GO:0031326,GO:0032870,GO:0035556,GO:0042221,GO:0043436,GO:0043565,GO:0044237,GO:0044281,GO:0050789,GO:0050794,GO:0050896,GO:0051171,GO:0051252,GO:0051716,GO:0060255,GO:0065007,GO:0070887,GO:0071310,GO:0071369,GO:0071495,GO:0071704,GO:0080090,GO:0097159,GO:0140110,GO:1901135,GO:1901363,GO:1901564,GO:1901657,GO:1903506,GO:2000112,GO:2001141",ko:K09286,,K,DNA-binding domain in plant proteins such as APETALA2 and EREBPs
LOC102604262,NA,-1.790876873,3.02E-05,4113.PGSC0003DMT400070634,"GO:0003674,GO:0003824,GO:0004672,GO:0004674,GO:0004675,GO:0004888,GO:0005575,GO:0005623,GO:0005886,GO:0006464,GO:0006468,GO:0006793,GO:0006796,GO:0006807,GO:0007154,GO:0007165,GO:0007166,GO:0007167,GO:0007178,GO:0008150,GO:0008152,GO:0009987,GO:0016020,GO:0016301,GO:0016310,GO:0016740,GO:0016772,GO:0016773,GO:0019199,GO:0019538,GO:0023052,GO:0036211,GO:0038023,GO:0043170,GO:0043412,GO:0044237,GO:0044238,GO:0044260,GO:0044267,GO:0044464,GO:0050789,GO:0050794,GO:0050896,GO:0051716,GO:0060089,GO:0065007,GO:0071704,GO:0071944,GO:0140096,GO:1901564",,,T,Protein kinase domain
LOC102606117,OG0001383,1.918863299,3.05E-05,4113.PGSC0003DMT400069841,,ko:K09422,,K,Transcription factor
LOC102595552,OG0000649,-1.023560686,3.19E-05,4113.PGSC0003DMT400042008,,,,C,Aldo/keto reductase family
LOC102586693,OG0000738,1.939394643,3.20E-05,4113.PGSC0003DMT400066685,"GO:0003674,GO:0003824,GO:0016787",,,S,Methylketone synthase
LOC102581866,OG0000714,1.197791765,3.29E-05,4113.PGSC0003DMT400072839,,"ko:K07964,ko:K20027","ko00531,ko01100,ko05205,map00531,map01100,map05205",S,Belongs to the DHHC palmitoyltransferase family
LOC102588630,OG0001319,1.752806869,3.32E-05,4113.PGSC0003DMT400049671,,,,,
LOC102579064,OG0003574,1.534654589,3.32E-05,4113.PGSC0003DMT400079157,"GO:0005575,GO:0005618,GO:0005622,GO:0005623,GO:0005737,GO:0005794,GO:0008150,GO:0009505,GO:0009719,GO:0009725,GO:0009741,GO:0010033,GO:0012505,GO:0014070,GO:0030312,GO:0033993,GO:0042221,GO:0043226,GO:0043227,GO:0043229,GO:0043231,GO:0044424,GO:0044444,GO:0044464,GO:0050896,GO:0071944,GO:1901700",,,L,Phi-1 protein
LOC102598816,OG0007198,1.048791249,3.43E-05,4113.PGSC0003DMT400026987,,ko:K13448,"ko04626,map04626",T,Calcium-binding protein CML23
LOC102580885,OG0011188,1.154116606,3.51E-05,4113.PGSC0003DMT400073396,,,,K,WRKY transcription factor
LOC102579066,OG0009318,1.897181762,3.72E-05,4113.PGSC0003DMT400064728,,,,S,transcription factor
LOC102585592,OG0005222,-1.344498297,3.79E-05,4113.PGSC0003DMT400069555,"GO:0000988,GO:0000990,GO:0003674,GO:0005575,GO:0005622,GO:0005623,GO:0005737,GO:0006139,GO:0006351,GO:0006352,GO:0006355,GO:0006725,GO:0006807,GO:0008150,GO:0008152,GO:0009058,GO:0009059,GO:0009314,GO:0009416,GO:0009507,GO:0009536,GO:0009628,GO:0009889,GO:0009987,GO:0010109,GO:0010467,GO:0010468,GO:0010556,GO:0016070,GO:0016987,GO:0018130,GO:0019219,GO:0019222,GO:0019438,GO:0031323,GO:0031326,GO:0032774,GO:0034641,GO:0034645,GO:0034654,GO:0043170,GO:0043226,GO:0043227,GO:0043229,GO:0043231,GO:0043254,GO:0044087,GO:0044237,GO:0044238,GO:0044249,GO:0044260,GO:0044271,GO:0044424,GO:0044444,GO:0044464,GO:0046483,GO:0050789,GO:0050794,GO:0050896,GO:0051128,GO:0051171,GO:0051252,GO:0051716,GO:0051775,GO:0060255,GO:0065007,GO:0071214,GO:0071461,GO:0071478,GO:0071482,GO:0071704,GO:0080005,GO:0080090,GO:0090304,GO:0097659,GO:0104004,GO:0140110,GO:1901360,GO:1901362,GO:1901576,GO:1903506,GO:2000112,GO:2000142,GO:2001141",ko:K03086,,K,"Sigma-70, region 4"
LOC102602473,OG0003964,-1.433347831,3.82E-05,4113.PGSC0003DMT400053284,,ko:K10418,"ko04962,map04962",Z,Dynein light chain type 1
LOC102587163,OG0008552,-1.154689479,4.05E-05,4113.PGSC0003DMT400024265,"GO:0003674,GO:0003700,GO:0005575,GO:0005622,GO:0005623,GO:0005634,GO:0006355,GO:0006996,GO:0008150,GO:0009657,GO:0009658,GO:0009889,GO:0009891,GO:0009893,GO:0009909,GO:0009910,GO:0009987,GO:0010380,GO:0010468,GO:0010556,GO:0010557,GO:0010604,GO:0010628,GO:0010638,GO:0016043,GO:0019219,GO:0019222,GO:0031323,GO:0031325,GO:0031326,GO:0031328,GO:0033043,GO:0043226,GO:0043227,GO:0043229,GO:0043231,GO:0044424,GO:0044464,GO:0045893,GO:0045935,GO:0048518,GO:0048519,GO:0048522,GO:0048580,GO:0048581,GO:0048831,GO:0050789,GO:0050793,GO:0050794,GO:0051093,GO:0051128,GO:0051130,GO:0051171,GO:0051173,GO:0051193,GO:0051239,GO:0051241,GO:0051252,GO:0051254,GO:0060255,GO:0065007,GO:0071840,GO:0080090,GO:0090056,GO:0140110,GO:1900055,GO:1900056,GO:1901401,GO:1901463,GO:1902680,GO:1903506,GO:1903508,GO:1905622,GO:2000024,GO:2000026,GO:2000112,GO:2000241,GO:2000242,GO:2001141",,,K,Transcription activator GLK1-like
LOC102600422,OG0003202,1.291455653,4.37E-05,4096.XP_009759864.1,,ko:K04733,"ko04010,ko04064,ko04620,ko04621,ko04624,ko04722,ko05133,ko05140,ko05142,ko05145,ko05152,ko05162,ko05164,map04010,map04064,map04620,map04621,map04624,map04722,map05133,map05140,map05142,map05145,map05152,map05162,map05164",G,divergent subfamily of APPLE domains
LOC102591898,OG0000879,-1.184001481,4.80E-05,4096.XP_009794646.1,"GO:0003674,GO:0003824,GO:0005575,GO:0005622,GO:0005623,GO:0005737,GO:0006950,GO:0006979,GO:0008150,GO:0008152,GO:0009507,GO:0009532,GO:0009536,GO:0009570,GO:0016491,GO:0016667,GO:0016671,GO:0033743,GO:0043226,GO:0043227,GO:0043229,GO:0043231,GO:0044422,GO:0044424,GO:0044434,GO:0044435,GO:0044444,GO:0044446,GO:0044464,GO:0050896,GO:0055114",ko:K07305,,O,SelR domain
LOC102578242,OG0013511,-1.577390318,4.80E-05,4081.Solyc03g005770.1.1,"GO:0003674,GO:0005488,GO:0005575,GO:0005622,GO:0005623,GO:0005737,GO:0006091,GO:0008150,GO:0008152,GO:0009314,GO:0009416,GO:0009507,GO:0009526,GO:0009532,GO:0009534,GO:0009535,GO:0009536,GO:0009570,GO:0009579,GO:0009628,GO:0009765,GO:0009768,GO:0009941,GO:0009987,GO:0010287,GO:0015979,GO:0016020,GO:0016168,GO:0019684,GO:0031409,GO:0031967,GO:0031975,GO:0031976,GO:0031984,GO:0034357,GO:0042651,GO:0043167,GO:0043168,GO:0043226,GO:0043227,GO:0043229,GO:0043231,GO:0044237,GO:0044422,GO:0044424,GO:0044434,GO:0044435,GO:0044436,GO:0044444,GO:0044446,GO:0044464,GO:0046906,GO:0048037,GO:0050896,GO:0055035,GO:0097159,GO:1901363",ko:K08912,"ko00196,ko01100,map00196,map01100",P,"The light-harvesting complex (LHC) functions as a light receptor, it captures and delivers excitation energy to photosystems with which it is closely associated"
ERS,OG0004781,1.476728121,4.89E-05,4113.PGSC0003DMT400081399,"GO:0003674,GO:0003824,GO:0004672,GO:0004673,GO:0005488,GO:0005575,GO:0005622,GO:0005623,GO:0005737,GO:0005783,GO:0006464,GO:0006468,GO:0006793,GO:0006796,GO:0006807,GO:0008150,GO:0008152,GO:0009966,GO:0009968,GO:0009987,GO:0010104,GO:0010105,GO:0010646,GO:0010648,GO:0012505,GO:0016301,GO:0016310,GO:0016740,GO:0016772,GO:0016773,GO:0016775,GO:0018106,GO:0018193,GO:0018202,GO:0019538,GO:0023051,GO:0023057,GO:0036211,GO:0042562,GO:0043170,GO:0043226,GO:0043227,GO:0043229,GO:0043231,GO:0043412,GO:0044237,GO:0044238,GO:0044260,GO:0044267,GO:0044424,GO:0044444,GO:0044464,GO:0048519,GO:0048523,GO:0048583,GO:0048585,GO:0050789,GO:0050794,GO:0051740,GO:0065007,GO:0070297,GO:0070298,GO:0071704,GO:0072328,GO:0140096,GO:1901564,GO:1902531,GO:1902532",ko:K14509,"ko04016,ko04075,map04016,map04075",T,Ethylene
LOC102603175,OG0005471,-1.024246959,5.39E-05,4113.PGSC0003DMT400070193,,,,,
LOC102598105,OG0006281,1.668121553,5.48E-05,4113.PGSC0003DMT400001999,,ko:K20556,,Q,Belongs to the cytochrome P450 family
LOC102583964,OG0013488,-1.285370457,5.67E-05,4113.PGSC0003DMT400018206,,,,S,Plant protein of unknown function (DUF641)
LOC102604604,OG0007313,-1.404546667,5.83E-05,4113.PGSC0003DMT400079606,,ko:K18980,,C,Zinc-binding dehydrogenase
LOC102591265,OG0004827,1.410725963,6.44E-05,4113.PGSC0003DMT400022600,"GO:0000981,GO:0000988,GO:0000989,GO:0001067,GO:0001076,GO:0001101,GO:0001134,GO:0001135,GO:0003674,GO:0003676,GO:0003677,GO:0003700,GO:0005488,GO:0005575,GO:0005622,GO:0005623,GO:0005634,GO:0006355,GO:0006357,GO:0006950,GO:0006970,GO:0008150,GO:0009605,GO:0009607,GO:0009620,GO:0009628,GO:0009651,GO:0009719,GO:0009723,GO:0009725,GO:0009737,GO:0009753,GO:0009889,GO:0009987,GO:0010033,GO:0010468,GO:0010556,GO:0019219,GO:0019222,GO:0030154,GO:0031323,GO:0031326,GO:0032502,GO:0033993,GO:0042221,GO:0043207,GO:0043226,GO:0043227,GO:0043229,GO:0043231,GO:0043565,GO:0044212,GO:0044424,GO:0044464,GO:0048869,GO:0050789,GO:0050794,GO:0050896,GO:0051171,GO:0051252,GO:0051704,GO:0051707,GO:0060255,GO:0065007,GO:0080090,GO:0097159,GO:0097305,GO:0140110,GO:1901363,GO:1901700,GO:1902074,GO:1903506,GO:2000112,GO:2001141",ko:K09422,,K,Transcription factor
LOC102598089,NA,1.350613656,7.46E-05,4113.PGSC0003DMT400026068,"GO:0000003,GO:0003006,GO:0003674,GO:0003700,GO:0005488,GO:0005515,GO:0005575,GO:0005622,GO:0005623,GO:0005634,GO:0006355,GO:0006996,GO:0007154,GO:0007165,GO:0007275,GO:0008150,GO:0009314,GO:0009416,GO:0009628,GO:0009639,GO:0009657,GO:0009658,GO:0009791,GO:0009889,GO:0009908,GO:0009909,GO:0009987,GO:0010017,GO:0010018,GO:0010218,GO:0010468,GO:0010556,GO:0016043,GO:0019219,GO:0019222,GO:0022414,GO:0023052,GO:0031323,GO:0031326,GO:0032501,GO:0032502,GO:0042802,GO:0043226,GO:0043227,GO:0043229,GO:0043231,GO:0044424,GO:0044464,GO:0048367,GO:0048580,GO:0048608,GO:0048731,GO:0048831,GO:0048856,GO:0050789,GO:0050793,GO:0050794,GO:0050896,GO:0051171,GO:0051239,GO:0051252,GO:0051716,GO:0060255,GO:0061458,GO:0065007,GO:0071214,GO:0071478,GO:0071482,GO:0071489,GO:0071490,GO:0071840,GO:0080090,GO:0090567,GO:0104004,GO:0140110,GO:1903506,GO:2000026,GO:2000112,GO:2000241,GO:2001141",ko:K12135,"ko04712,map04712",K,Zinc finger protein
LOC102578692,OG0008670,-1.001052678,7.86E-05,NA,NA,NA,NA,NA,NA
LOC102596427,NA,-1.579153048,8.61E-05,4113.PGSC0003DMT400064585,,,,H,Flavin containing amine oxidoreductase
LOC102600036,OG0004922,1.301565332,8.61E-05,4113.PGSC0003DMT400064657,"GO:0003674,GO:0003824,GO:0004849,GO:0005575,GO:0005622,GO:0005623,GO:0005737,GO:0005829,GO:0006139,GO:0006206,GO:0006213,GO:0006220,GO:0006221,GO:0006222,GO:0006725,GO:0006753,GO:0006793,GO:0006796,GO:0006807,GO:0008150,GO:0008152,GO:0008655,GO:0009058,GO:0009112,GO:0009116,GO:0009117,GO:0009119,GO:0009123,GO:0009124,GO:0009129,GO:0009130,GO:0009156,GO:0009161,GO:0009163,GO:0009165,GO:0009173,GO:0009174,GO:0009218,GO:0009220,GO:0009259,GO:0009260,GO:0009987,GO:0016301,GO:0016310,GO:0016740,GO:0016772,GO:0018130,GO:0019205,GO:0019206,GO:0019438,GO:0019637,GO:0019693,GO:0034404,GO:0034641,GO:0034654,GO:0042455,GO:0043094,GO:0043097,GO:0043174,GO:0044237,GO:0044238,GO:0044249,GO:0044271,GO:0044281,GO:0044283,GO:0044424,GO:0044444,GO:0044464,GO:0046049,GO:0046131,GO:0046132,GO:0046134,GO:0046390,GO:0046483,GO:0055086,GO:0071704,GO:0072527,GO:0072528,GO:0090407,GO:1901135,GO:1901137,GO:1901293,GO:1901360,GO:1901362,GO:1901564,GO:1901566,GO:1901576,GO:1901657,GO:1901659",ko:K00876,"ko00240,ko00983,ko01100,map00240,map00983,map01100",TZ,Phosphoribulokinase / Uridine kinase family
LOC102591339,OG0007435,1.602178362,8.70E-05,4113.PGSC0003DMT400022365,"GO:0003674,GO:0003676,GO:0003677,GO:0005488,GO:0005575,GO:0005622,GO:0005623,GO:0005634,GO:0006355,GO:0008150,GO:0009889,GO:0009891,GO:0009893,GO:0010468,GO:0010556,GO:0010557,GO:0010604,GO:0010628,GO:0019219,GO:0019222,GO:0031323,GO:0031325,GO:0031326,GO:0031328,GO:0043226,GO:0043227,GO:0043229,GO:0043231,GO:0043565,GO:0044424,GO:0044464,GO:0045893,GO:0045935,GO:0047484,GO:0048518,GO:0048522,GO:0048583,GO:0048584,GO:0050789,GO:0050794,GO:0051171,GO:0051173,GO:0051252,GO:0051254,GO:0060255,GO:0065007,GO:0080090,GO:0080134,GO:0097159,GO:1901000,GO:1901002,GO:1901363,GO:1902584,GO:1902680,GO:1903506,GO:1903508,GO:2000070,GO:2000112,GO:2001141",,,K,No apical meristem (NAM) protein
LOC102596545,OG0011792,1.194390507,9.65E-05,4113.PGSC0003DMT400077519,,ko:K04733,"ko04010,ko04064,ko04620,ko04621,ko04624,ko04722,ko05133,ko05140,ko05142,ko05145,ko05152,ko05162,ko05164,map04010,map04064,map04620,map04621,map04624,map04722,map05133,map05140,map05142,map05145,map05152,map05162,map05164",T,Legume lectin domain
LOC102592419,OG0011340,2.656360732,9.80E-05,4113.PGSC0003DMT400079205,,,,S,Phosphate-induced protein 1 conserved region
LOC102582766,OG0000795,1.08922839,0.00010269,4113.PGSC0003DMT400009949,"GO:0000151,GO:0002039,GO:0003674,GO:0003824,GO:0004842,GO:0005102,GO:0005488,GO:0005515,GO:0005575,GO:0005622,GO:0005623,GO:0005634,GO:0005654,GO:0005737,GO:0005829,GO:0006464,GO:0006508,GO:0006511,GO:0006807,GO:0008150,GO:0008152,GO:0008270,GO:0009056,GO:0009057,GO:0009893,GO:0009894,GO:0009896,GO:0009987,GO:0010604,GO:0016567,GO:0016740,GO:0019222,GO:0019538,GO:0019787,GO:0019941,GO:0030162,GO:0030163,GO:0031323,GO:0031325,GO:0031329,GO:0031331,GO:0031396,GO:0031398,GO:0031399,GO:0031401,GO:0031974,GO:0031981,GO:0032268,GO:0032270,GO:0032434,GO:0032436,GO:0032446,GO:0032991,GO:0036211,GO:0042176,GO:0042802,GO:0042803,GO:0043167,GO:0043169,GO:0043170,GO:0043226,GO:0043227,GO:0043229,GO:0043231,GO:0043233,GO:0043412,GO:0043632,GO:0044237,GO:0044238,GO:0044248,GO:0044257,GO:0044260,GO:0044265,GO:0044267,GO:0044422,GO:0044424,GO:0044428,GO:0044444,GO:0044446,GO:0044464,GO:0045732,GO:0045862,GO:0046872,GO:0046914,GO:0046983,GO:0048518,GO:0048522,GO:0050789,GO:0050794,GO:0051171,GO:0051173,GO:0051246,GO:0051247,GO:0051603,GO:0051865,GO:0060255,GO:0061136,GO:0065007,GO:0070013,GO:0070647,GO:0071704,GO:0080090,GO:0140096,GO:1901564,GO:1901565,GO:1901575,GO:1901800,GO:1902494,GO:1903050,GO:1903052,GO:1903320,GO:1903322,GO:1903362,GO:1903364,GO:1990234,GO:2000058,GO:2000060",ko:K10144,"ko04115,ko04120,ko05162,map04115,map04120,map05162",O,RING finger and CHY zinc finger domain-containing protein
LOC102604104,OG0001571,-1.146436118,0.000103324,4113.PGSC0003DMT400024637,"GO:0005575,GO:0005622,GO:0005623,GO:0005737,GO:0009507,GO:0009526,GO:0009534,GO:0009536,GO:0009579,GO:0009941,GO:0031967,GO:0031975,GO:0031976,GO:0031984,GO:0043226,GO:0043227,GO:0043229,GO:0043231,GO:0044422,GO:0044424,GO:0044434,GO:0044435,GO:0044444,GO:0044446,GO:0044464",,,S,PAP_fibrillin
LOC102581576,NA,-1.128510805,0.00010584,4113.PGSC0003DMT400000539,,,,S,Uncharacterized conserved protein (DUF2358)
LOC102579389,OG0000257,1.66307824,0.000108754,4113.PGSC0003DMT400079158,"GO:0005575,GO:0005618,GO:0005622,GO:0005623,GO:0005737,GO:0005794,GO:0008150,GO:0009505,GO:0009719,GO:0009725,GO:0009741,GO:0010033,GO:0012505,GO:0014070,GO:0030312,GO:0033993,GO:0042221,GO:0043226,GO:0043227,GO:0043229,GO:0043231,GO:0044424,GO:0044444,GO:0044464,GO:0050896,GO:0071944,GO:1901700",,,L,Phi-1 protein
LOC102578309,OG0004890,1.642153166,0.000109442,4113.PGSC0003DMT400064979,"GO:0005575,GO:0005622,GO:0005623,GO:0005737,GO:0009507,GO:0009536,GO:0043226,GO:0043227,GO:0043229,GO:0043231,GO:0044424,GO:0044444,GO:0044464",,,G,GDP-fucose protein O-fucosyltransferase
LOC102585865,OG0000313,-1.090370429,0.000111514,4113.PGSC0003DMT400039755,,,,S,Plastocyanin-like domain
LOC102579197,OG0003649,-1.176220097,0.000113418,4113.PGSC0003DMT400088862,"GO:0003674,GO:0003824,GO:0005575,GO:0005622,GO:0005623,GO:0005737,GO:0005829,GO:0008150,GO:0008152,GO:0009056,GO:0016787,GO:0016788,GO:0044424,GO:0044444,GO:0044464,GO:0052689",,,V,Carboxylesterase family
LOC102605099,OG0000525,-1.433847016,0.000115476,4113.PGSC0003DMT400000798,,,,IM,Glycosyl transferase family 21
LOC102584563,OG0000623,-1.523216187,0.000119084,4113.PGSC0003DMT400067403,,ko:K01177,"ko00500,map00500",G,Beta-amylase
LOC102603330,OG0011077,-1.409794982,0.000124069,4113.PGSC0003DMT400004186,,ko:K14488,"ko04075,map04075",S,Auxin-induced protein 15A-like
LOC102603165,OG0001909,-1.924513097,0.00012663,4113.PGSC0003DMT400022150,,ko:K13496,"ko01110,map01110",CG,UDP-glucoronosyl and UDP-glucosyl transferase
LOC102580068,OG0000145,-1.062267771,0.00012663,4113.PGSC0003DMT400071714,"GO:0003674,GO:0005575,GO:0005622,GO:0005623,GO:0005737,GO:0008150,GO:0008152,GO:0009507,GO:0009536,GO:0009636,GO:0009987,GO:0016209,GO:0042221,GO:0043226,GO:0043227,GO:0043229,GO:0043231,GO:0044424,GO:0044444,GO:0044464,GO:0050896,GO:0051716,GO:0055114,GO:0070887,GO:0097237,GO:0098754,GO:0098869,GO:1990748",,,S,AhpC/TSA antioxidant enzyme
LOC102586855,OG0007318,-1.118150336,0.000131552,4113.PGSC0003DMT400019853,,,,S,palmitoyl-(protein) hydrolase activity
LOC102585343,OG0009106,1.621612726,0.00013486,4113.PGSC0003DMT400026504,,,,S,Protein of unknown function (DUF688)
LOC102580320,OG0005431,1.308370525,0.00013486,4113.PGSC0003DMT400044878,"GO:0003674,GO:0003700,GO:0005575,GO:0005622,GO:0005623,GO:0005634,GO:0005886,GO:0006355,GO:0007623,GO:0008150,GO:0009889,GO:0010468,GO:0010556,GO:0016020,GO:0019219,GO:0019222,GO:0031323,GO:0031326,GO:0043226,GO:0043227,GO:0043229,GO:0043231,GO:0044424,GO:0044464,GO:0048511,GO:0048519,GO:0048579,GO:0048580,GO:0048581,GO:0048583,GO:0048585,GO:0048586,GO:0050789,GO:0050793,GO:0050794,GO:0051093,GO:0051171,GO:0051239,GO:0051241,GO:0051252,GO:0060255,GO:0065007,GO:0071944,GO:0080090,GO:0140110,GO:1903506,GO:2000026,GO:2000028,GO:2000112,GO:2000241,GO:2000242,GO:2001141",,,K,Zinc finger protein
LOC102603394,OG0012719,-1.671436517,0.000136224,4113.PGSC0003DMT400044579,,,,,
LOC107061698,OG0004638,-1.612952222,0.000139181,4113.PGSC0003DMT400052687,,,,Q,cytochrome P450
LOC102591854,OG0000527,1.07091204,0.000141711,4113.PGSC0003DMT400025820,,,,S,Arabidopsis protein of unknown function
LOC102603644,NA,-2.6469594,0.000155502,NA,NA,NA,NA,NA,NA
LOC102596276,OG0007343,1.047954184,0.00016322,4113.PGSC0003DMT400007049,"GO:0005575,GO:0005618,GO:0005622,GO:0005623,GO:0005737,GO:0006950,GO:0006952,GO:0008150,GO:0009505,GO:0009507,GO:0009526,GO:0009532,GO:0009536,GO:0009570,GO:0009579,GO:0009605,GO:0009607,GO:0009617,GO:0009941,GO:0030312,GO:0031967,GO:0031975,GO:0042742,GO:0043207,GO:0043226,GO:0043227,GO:0043229,GO:0043231,GO:0044422,GO:0044424,GO:0044434,GO:0044435,GO:0044444,GO:0044446,GO:0044464,GO:0050896,GO:0051704,GO:0051707,GO:0071944,GO:0098542",,,O,Redoxin
LOC102598543,OG0006456,1.488214492,0.000164058,4113.PGSC0003DMT400015922,,,,,
LOC107057752,OG0001109,-1.966775966,0.00017568,4113.PGSC0003DMT400081248,"GO:0003674,GO:0003824,GO:0004620,GO:0005575,GO:0005622,GO:0005623,GO:0005737,GO:0006629,GO:0006638,GO:0006639,GO:0008150,GO:0008152,GO:0008970,GO:0009056,GO:0009987,GO:0010029,GO:0010187,GO:0010876,GO:0016042,GO:0016298,GO:0016787,GO:0016788,GO:0019915,GO:0033036,GO:0044237,GO:0044238,GO:0044242,GO:0044248,GO:0044255,GO:0044424,GO:0044464,GO:0046339,GO:0046340,GO:0046461,GO:0046462,GO:0046464,GO:0046486,GO:0046503,GO:0047372,GO:0048519,GO:0048580,GO:0048581,GO:0050789,GO:0050793,GO:0051093,GO:0051179,GO:0051235,GO:0051239,GO:0051241,GO:0052651,GO:0052689,GO:0065007,GO:0065008,GO:0071704,GO:1900140,GO:1901575,GO:2000026",,,I,phospholipase
LOC102577576,OG0009829,1.593666367,0.000176811,4113.PGSC0003DMT400010685,,ko:K01953,"ko00250,ko01100,ko01110,map00250,map01100,map01110",E,Asparagine synthetase glutamine-hydrolyzing
LOC102592299,OG0000415,1.882618241,0.000180192,4113.PGSC0003DMT400028042,"GO:0003674,GO:0004857,GO:0008150,GO:0009987,GO:0030234,GO:0043086,GO:0044092,GO:0046910,GO:0050790,GO:0065007,GO:0065009,GO:0071554,GO:0071669,GO:0098772",,,S,Plant invertase/pectin methylesterase inhibitor
LOC102603504,OG0005085,-1.051182043,0.000183955,4113.PGSC0003DMT400080357,"GO:0003674,GO:0005488,GO:0005515,GO:0005575,GO:0005622,GO:0005623,GO:0005737,GO:0006996,GO:0008150,GO:0009507,GO:0009526,GO:0009536,GO:0009657,GO:0009658,GO:0009941,GO:0009987,GO:0010020,GO:0016043,GO:0031967,GO:0031975,GO:0042802,GO:0042803,GO:0043226,GO:0043227,GO:0043229,GO:0043231,GO:0043572,GO:0044422,GO:0044424,GO:0044434,GO:0044435,GO:0044444,GO:0044446,GO:0044464,GO:0046983,GO:0048285,GO:0071840",ko:K07071,,F,Domain of unknown function (DUF1731)
LOC102587178,OG0001752,-1.179260759,0.000190363,4113.PGSC0003DMT400032725,"GO:0005575,GO:0005622,GO:0005623,GO:0005737,GO:0009507,GO:0009536,GO:0043226,GO:0043227,GO:0043229,GO:0043231,GO:0044424,GO:0044444,GO:0044464",ko:K17508,,T,phosphatase 2c
LOC102605728,OG0018108,1.836975167,0.000192046,4081.Solyc05g055400.2.1,"GO:0003674,GO:0003824,GO:0004497,GO:0005575,GO:0006082,GO:0006629,GO:0006631,GO:0008150,GO:0008152,GO:0009058,GO:0009059,GO:0009987,GO:0010143,GO:0016020,GO:0016491,GO:0016705,GO:0016709,GO:0019395,GO:0019748,GO:0019752,GO:0030258,GO:0032787,GO:0034440,GO:0043170,GO:0043436,GO:0044237,GO:0044238,GO:0044255,GO:0044281,GO:0044550,GO:0052722,GO:0055114,GO:0071704,GO:1901576","ko:K15399,ko:K21995","ko00073,map00073",Q,Cytochrome p450
LOC102583986,OG0000623,-1.41038459,0.000194462,4113.PGSC0003DMT400083080,"GO:0003674,GO:0003700,GO:0006355,GO:0008150,GO:0009889,GO:0010468,GO:0010556,GO:0019219,GO:0019222,GO:0031323,GO:0031326,GO:0050789,GO:0050794,GO:0051171,GO:0051252,GO:0060255,GO:0065007,GO:0080090,GO:0140110,GO:1903506,GO:2000112,GO:2001141",ko:K16222,"ko04712,map04712",B,"Dof domain, zinc finger"
LOC102589648,OG0005897,1.039143516,0.000205862,4081.Solyc10g086280.1.1,"GO:0003674,GO:0005488,GO:0005507,GO:0005575,GO:0005622,GO:0005623,GO:0005737,GO:0006810,GO:0006811,GO:0006812,GO:0006873,GO:0006875,GO:0008150,GO:0009987,GO:0019725,GO:0030001,GO:0030003,GO:0042592,GO:0043167,GO:0043169,GO:0044424,GO:0044464,GO:0046872,GO:0046914,GO:0046916,GO:0048878,GO:0050801,GO:0051179,GO:0051234,GO:0055065,GO:0055076,GO:0055080,GO:0055082,GO:0065007,GO:0065008,GO:0098771",,,P,Heavy-metal-associated domain
LOC102589128,OG0016801,1.111347418,0.000206298,4113.PGSC0003DMT400047695,,,,S,F-box-like
LOC102586327,OG0011303,1.968186864,0.000215608,4113.PGSC0003DMT400064554,"GO:0003674,GO:0003824,GO:0004601,GO:0005575,GO:0005618,GO:0005622,GO:0005623,GO:0005737,GO:0005773,GO:0005911,GO:0008150,GO:0008152,GO:0009505,GO:0009506,GO:0009636,GO:0009664,GO:0009987,GO:0016020,GO:0016043,GO:0016209,GO:0016491,GO:0016684,GO:0030054,GO:0030312,GO:0042221,GO:0043226,GO:0043227,GO:0043229,GO:0043231,GO:0044424,GO:0044444,GO:0044464,GO:0045229,GO:0050896,GO:0051716,GO:0055044,GO:0055114,GO:0070887,GO:0071554,GO:0071555,GO:0071669,GO:0071840,GO:0071944,GO:0097237,GO:0098754,GO:0098869,GO:1990748",ko:K00430,"ko00940,ko01100,ko01110,map00940,map01100,map01110",Q,Belongs to the peroxidase family. Classical plant (class III) peroxidase subfamily
LOC102601030,OG0001588,-1.364869883,0.000217904,4113.PGSC0003DMT400069498,"GO:0000003,GO:0000988,GO:0000989,GO:0003006,GO:0003674,GO:0003676,GO:0003677,GO:0003700,GO:0003712,GO:0005488,GO:0005575,GO:0005622,GO:0005623,GO:0005634,GO:0006355,GO:0007275,GO:0008150,GO:0009314,GO:0009416,GO:0009628,GO:0009648,GO:0009791,GO:0009889,GO:0010099,GO:0010100,GO:0010228,GO:0010468,GO:0010556,GO:0019219,GO:0019222,GO:0022414,GO:0031323,GO:0031326,GO:0032501,GO:0032502,GO:0043226,GO:0043227,GO:0043229,GO:0043231,GO:0044424,GO:0044464,GO:0048519,GO:0048573,GO:0048580,GO:0048581,GO:0048583,GO:0048585,GO:0048608,GO:0048731,GO:0048856,GO:0050789,GO:0050793,GO:0050794,GO:0050896,GO:0051093,GO:0051171,GO:0051239,GO:0051241,GO:0051252,GO:0060255,GO:0061458,GO:0065007,GO:0080090,GO:0080167,GO:0097159,GO:0140110,GO:1901363,GO:1903506,GO:2000026,GO:2000030,GO:2000112,GO:2001141",,,S,salt tolerance
LOC102587098,OG0001532,-1.356138823,0.000217904,4081.Solyc10g080920.1.1,,,,K,"SANT  SWI3, ADA2, N-CoR and TFIIIB'' DNA-binding domains"
NIR,OG0000253,-1.229136075,0.000224384,4113.PGSC0003DMT400066399,"GO:0001101,GO:0003674,GO:0003824,GO:0005575,GO:0005576,GO:0005622,GO:0005623,GO:0005737,GO:0005739,GO:0008150,GO:0008152,GO:0009507,GO:0009532,GO:0009536,GO:0009570,GO:0010035,GO:0010167,GO:0016020,GO:0016491,GO:0016661,GO:0016662,GO:0042221,GO:0043226,GO:0043227,GO:0043229,GO:0043231,GO:0044422,GO:0044424,GO:0044434,GO:0044435,GO:0044444,GO:0044446,GO:0044464,GO:0048046,GO:0050421,GO:0050896,GO:0055114,GO:0098809,GO:1901698,GO:1901700",ko:K00366,"ko00910,ko01120,map00910,map01120",P,"Ferredoxin--nitrite reductase, chloroplastic-like"
LOC102581988,NA,1.227843048,0.000228784,4081.Solyc03g025320.2.1,"GO:0000902,GO:0000904,GO:0005575,GO:0005622,GO:0005623,GO:0005737,GO:0008150,GO:0008152,GO:0009058,GO:0009059,GO:0009653,GO:0009888,GO:0009987,GO:0010026,GO:0010090,GO:0010143,GO:0016043,GO:0030154,GO:0032502,GO:0032989,GO:0043170,GO:0044424,GO:0044464,GO:0048468,GO:0048856,GO:0048869,GO:0051179,GO:0071704,GO:0071840,GO:0090558,GO:0090626,GO:1901576",ko:K19747,,S,Transferase family
LOC102579094,OG0001439,3.869457115,0.000238157,4081.Solyc09g091950.1.1,"GO:0003674,GO:0003700,GO:0006355,GO:0008150,GO:0009889,GO:0010468,GO:0010556,GO:0019219,GO:0019222,GO:0031323,GO:0031326,GO:0050789,GO:0050794,GO:0051171,GO:0051252,GO:0060255,GO:0065007,GO:0080090,GO:0140110,GO:1903506,GO:2000112,GO:2001141",,,K,DNA-binding domain in plant proteins such as APETALA2 and EREBPs
LOC102584694,OG0001777,-1.111709514,0.000239658,4113.PGSC0003DMT400026503,"GO:0003674,GO:0003824,GO:0004672,GO:0004674,GO:0004675,GO:0004888,GO:0005575,GO:0005623,GO:0005886,GO:0006464,GO:0006468,GO:0006793,GO:0006796,GO:0006807,GO:0007154,GO:0007165,GO:0007166,GO:0007167,GO:0007178,GO:0007275,GO:0008150,GO:0008152,GO:0009653,GO:0009888,GO:0009987,GO:0010015,GO:0010053,GO:0010054,GO:0012505,GO:0016020,GO:0016301,GO:0016310,GO:0016740,GO:0016772,GO:0016773,GO:0019199,GO:0019538,GO:0021700,GO:0022622,GO:0023052,GO:0030154,GO:0032501,GO:0032502,GO:0036211,GO:0038023,GO:0042995,GO:0043170,GO:0043412,GO:0044237,GO:0044238,GO:0044260,GO:0044267,GO:0044464,GO:0048364,GO:0048468,GO:0048469,GO:0048731,GO:0048764,GO:0048765,GO:0048856,GO:0048869,GO:0050789,GO:0050794,GO:0050896,GO:0051716,GO:0060089,GO:0065007,GO:0071695,GO:0071704,GO:0071944,GO:0090406,GO:0090558,GO:0090627,GO:0099402,GO:0120025,GO:0140096,GO:1901564,GO:1905392",,,T,Leucine rich repeat N-terminal domain
LOC102593147,OG0005614,-1.344935281,0.000244845,4113.PGSC0003DMT400060817,"GO:0000038,GO:0005575,GO:0005622,GO:0005623,GO:0005737,GO:0005783,GO:0006082,GO:0006629,GO:0006631,GO:0006633,GO:0006725,GO:0008150,GO:0008152,GO:0008610,GO:0009058,GO:0009698,GO:0009699,GO:0009987,GO:0010345,GO:0012505,GO:0016053,GO:0019438,GO:0019748,GO:0019752,GO:0032787,GO:0042761,GO:0043226,GO:0043227,GO:0043229,GO:0043231,GO:0043436,GO:0044237,GO:0044238,GO:0044249,GO:0044255,GO:0044281,GO:0044283,GO:0044424,GO:0044444,GO:0044464,GO:0044550,GO:0046394,GO:0071704,GO:0072330,GO:1901360,GO:1901362,GO:1901576",,,Q,Cytochrome p450
LOC102581620,OG0004111,1.005401565,0.000258211,4113.PGSC0003DMT400024344,,,,O,Peptidase inhibitor I9
LOC102597090,OG0006276,-1.891331221,0.000267244,161934.XP_010666522.1,,ko:K08912,"ko00196,ko01100,map00196,map01100",C,"The light-harvesting complex (LHC) functions as a light receptor, it captures and delivers excitation energy to photosystems with which it is closely associated"
LOC102600694,OG0001439,-1.866721554,0.000269597,4081.Solyc03g013240.2.1,,,,S,Domain of unknown function (DUF4336)
LOC102592324,OG0000860,1.104620636,0.000269621,4113.PGSC0003DMT400037438,"GO:0000325,GO:0003674,GO:0005215,GO:0005575,GO:0005622,GO:0005623,GO:0005737,GO:0005773,GO:0005774,GO:0005794,GO:0006810,GO:0006857,GO:0008150,GO:0009705,GO:0012505,GO:0015334,GO:0015833,GO:0016020,GO:0022857,GO:0031090,GO:0035672,GO:0035673,GO:0042886,GO:0042887,GO:0042937,GO:0042938,GO:0042939,GO:0043226,GO:0043227,GO:0043229,GO:0043231,GO:0044422,GO:0044424,GO:0044437,GO:0044444,GO:0044446,GO:0044464,GO:0051179,GO:0051234,GO:0055085,GO:0071702,GO:0071705,GO:0098588,GO:0098805,GO:1904680",ko:K14638,,E,POT family
LOC102591436,OG0009560,1.775290032,0.000272777,4113.PGSC0003DMT400060042,"GO:0000003,GO:0000578,GO:0003006,GO:0003674,GO:0003700,GO:0006355,GO:0007163,GO:0007275,GO:0007389,GO:0008150,GO:0009555,GO:0009790,GO:0009791,GO:0009793,GO:0009798,GO:0009880,GO:0009889,GO:0009942,GO:0009987,GO:0010154,GO:0010468,GO:0010556,GO:0019219,GO:0019222,GO:0022414,GO:0030010,GO:0031323,GO:0031326,GO:0032501,GO:0032502,GO:0048229,GO:0048316,GO:0048608,GO:0048731,GO:0048856,GO:0050789,GO:0050794,GO:0051171,GO:0051252,GO:0060255,GO:0061458,GO:0065007,GO:0080090,GO:0140110,GO:1903506,GO:2000112,GO:2001141",ko:K18835,"ko04626,map04626",K,WRKY transcription factor
LOC102594074,OG0003205,-2.597256275,0.00027451,4113.PGSC0003DMT400015740,"GO:0001101,GO:0003674,GO:0005488,GO:0005515,GO:0005575,GO:0005622,GO:0005623,GO:0005737,GO:0005773,GO:0005774,GO:0006091,GO:0006950,GO:0008150,GO:0008152,GO:0009266,GO:0009269,GO:0009314,GO:0009409,GO:0009414,GO:0009415,GO:0009416,GO:0009503,GO:0009507,GO:0009517,GO:0009521,GO:0009522,GO:0009523,GO:0009526,GO:0009532,GO:0009534,GO:0009535,GO:0009536,GO:0009570,GO:0009579,GO:0009628,GO:0009637,GO:0009639,GO:0009642,GO:0009644,GO:0009645,GO:0009719,GO:0009725,GO:0009737,GO:0009765,GO:0009768,GO:0009769,GO:0009889,GO:0009891,GO:0009893,GO:0009941,GO:0009987,GO:0010033,GO:0010035,GO:0010114,GO:0010119,GO:0010218,GO:0010287,GO:0015979,GO:0016020,GO:0016168,GO:0019222,GO:0019684,GO:0019904,GO:0030076,GO:0030104,GO:0031090,GO:0031323,GO:0031325,GO:0031409,GO:0031967,GO:0031975,GO:0031976,GO:0031984,GO:0032870,GO:0032991,GO:0033993,GO:0034357,GO:0042221,GO:0042592,GO:0042651,GO:0043167,GO:0043168,GO:0043226,GO:0043227,GO:0043229,GO:0043231,GO:0044237,GO:0044422,GO:0044424,GO:0044425,GO:0044434,GO:0044435,GO:0044436,GO:0044437,GO:0044444,GO:0044446,GO:0044464,GO:0046906,GO:0048037,GO:0048518,GO:0048522,GO:0048878,GO:0050789,GO:0050794,GO:0050896,GO:0051716,GO:0055035,GO:0065007,GO:0065008,GO:0070887,GO:0071215,GO:0071229,GO:0071310,GO:0071396,GO:0071495,GO:0090333,GO:0097159,GO:0097305,GO:0097306,GO:0098588,GO:0098796,GO:0098805,GO:0098807,GO:1901363,GO:1901700,GO:1901701,GO:1903426,GO:1903428,GO:2000377,GO:2000379","ko:K08912,ko:K08913","ko00196,ko01100,map00196,map01100",C,"The light-harvesting complex (LHC) functions as a light receptor, it captures and delivers excitation energy to photosystems with which it is closely associated"
LOC102597185,OG0004182,-1.231010285,0.000280894,4113.PGSC0003DMT400027602,"GO:0005575,GO:0005622,GO:0005623,GO:0005737,GO:0009507,GO:0009526,GO:0009536,GO:0009941,GO:0031967,GO:0031975,GO:0043226,GO:0043227,GO:0043229,GO:0043231,GO:0044422,GO:0044424,GO:0044434,GO:0044435,GO:0044444,GO:0044446,GO:0044464",,,P,Rieske [2Fe-2S] domain
LOC102592477,OG0009633,-1.202165251,0.000292216,4113.PGSC0003DMT400037096,,,,S,Acetyltransferase (GNAT) family
LOC107057670,OG0011647,-1.146650769,0.00029538,4081.Solyc01g100910.2.1,"GO:0003674,GO:0005215,GO:0005575,GO:0005622,GO:0005623,GO:0005737,GO:0005886,GO:0005887,GO:0005938,GO:0006810,GO:0007154,GO:0007165,GO:0008150,GO:0009719,GO:0009725,GO:0009733,GO:0009734,GO:0009755,GO:0009987,GO:0010033,GO:0016020,GO:0016021,GO:0022857,GO:0023052,GO:0031224,GO:0031226,GO:0032870,GO:0042221,GO:0044424,GO:0044425,GO:0044444,GO:0044459,GO:0044464,GO:0050789,GO:0050794,GO:0050896,GO:0051179,GO:0051234,GO:0051716,GO:0055085,GO:0065007,GO:0070887,GO:0071310,GO:0071365,GO:0071495,GO:0071944,GO:0099568",,,S,EamA-like transporter family
LOC102594790,OG0002356,-1.324555305,0.000309122,4081.Solyc10g006230.2.1,"GO:0003674,GO:0005488,GO:0005575,GO:0005622,GO:0005623,GO:0005737,GO:0006091,GO:0008150,GO:0008152,GO:0009314,GO:0009416,GO:0009507,GO:0009526,GO:0009532,GO:0009534,GO:0009535,GO:0009536,GO:0009570,GO:0009579,GO:0009628,GO:0009765,GO:0009768,GO:0009941,GO:0009987,GO:0010287,GO:0015979,GO:0016020,GO:0016168,GO:0019684,GO:0031409,GO:0031967,GO:0031975,GO:0031976,GO:0031984,GO:0034357,GO:0042651,GO:0043167,GO:0043168,GO:0043226,GO:0043227,GO:0043229,GO:0043231,GO:0044237,GO:0044422,GO:0044424,GO:0044434,GO:0044435,GO:0044436,GO:0044444,GO:0044446,GO:0044464,GO:0046906,GO:0048037,GO:0050896,GO:0055035,GO:0097159,GO:1901363",ko:K08908,"ko00196,map00196",C,"The light-harvesting complex (LHC) functions as a light receptor, it captures and delivers excitation energy to photosystems with which it is closely associated"
LOC102587304,OG0003104,-1.62979886,0.000324689,4113.PGSC0003DMT400026355,"GO:0005575,GO:0005622,GO:0005623,GO:0005737,GO:0005773,GO:0008150,GO:0008152,GO:0009058,GO:0009812,GO:0009813,GO:0043226,GO:0043227,GO:0043229,GO:0043231,GO:0044424,GO:0044444,GO:0044464,GO:0071704,GO:1901576",ko:K03327,,V,Belongs to the multi antimicrobial extrusion (MATE) (TC 2.A.66.1) family
LOC102590804,OG0005997,1.609892093,0.000328752,4081.Solyc02g091590.2.1,"GO:0003674,GO:0003824,GO:0004672,GO:0006464,GO:0006468,GO:0006793,GO:0006796,GO:0006807,GO:0008150,GO:0008152,GO:0009987,GO:0016301,GO:0016310,GO:0016740,GO:0016772,GO:0016773,GO:0019538,GO:0036211,GO:0043170,GO:0043412,GO:0044237,GO:0044238,GO:0044260,GO:0044267,GO:0046777,GO:0071704,GO:0140096,GO:1901564",,,T,Carbohydrate-binding protein of the ER
LOC102577590,OG0006518,-1.304623056,0.000345271,4113.PGSC0003DMT400056192,"GO:0000003,GO:0000302,GO:0002252,GO:0002376,GO:0003006,GO:0003674,GO:0003824,GO:0004512,GO:0005575,GO:0005622,GO:0005623,GO:0005634,GO:0005737,GO:0005975,GO:0006020,GO:0006021,GO:0006066,GO:0006575,GO:0006629,GO:0006644,GO:0006650,GO:0006658,GO:0006659,GO:0006793,GO:0006796,GO:0006807,GO:0006950,GO:0006952,GO:0006979,GO:0007154,GO:0007275,GO:0008150,GO:0008152,GO:0008610,GO:0008654,GO:0009058,GO:0009266,GO:0009267,GO:0009314,GO:0009408,GO:0009416,GO:0009605,GO:0009607,GO:0009615,GO:0009617,GO:0009620,GO:0009628,GO:0009636,GO:0009642,GO:0009644,GO:0009719,GO:0009725,GO:0009733,GO:0009790,GO:0009791,GO:0009793,GO:0009987,GO:0009991,GO:0010033,GO:0010035,GO:0010154,GO:0010264,GO:0016036,GO:0016051,GO:0016853,GO:0016872,GO:0017144,GO:0019637,GO:0019751,GO:0022414,GO:0031667,GO:0031668,GO:0031669,GO:0032501,GO:0032502,GO:0032958,GO:0033517,GO:0033554,GO:0034637,GO:0042221,GO:0042398,GO:0042493,GO:0042542,GO:0042594,GO:0042742,GO:0043207,GO:0043226,GO:0043227,GO:0043229,GO:0043231,GO:0043647,GO:0044237,GO:0044238,GO:0044249,GO:0044255,GO:0044262,GO:0044281,GO:0044283,GO:0044424,GO:0044464,GO:0045017,GO:0046165,GO:0046173,GO:0046474,GO:0046486,GO:0046677,GO:0048316,GO:0048608,GO:0048731,GO:0048856,GO:0050832,GO:0050896,GO:0051607,GO:0051704,GO:0051707,GO:0051716,GO:0061458,GO:0071496,GO:0071704,GO:0090407,GO:0098542,GO:1901564,GO:1901566,GO:1901576,GO:1901615,GO:1901617,GO:1901700",ko:K01858,"ko00521,ko00562,ko01100,ko01130,map00521,map00562,map01100,map01130",I,Myo-inositol-1-phosphate synthase
LOC102599418,OG0002195,-1.076493915,0.000345441,4113.PGSC0003DMT400083203,,ko:K10760,"ko00908,ko01100,ko01110,map00908,map01100,map01110",J,Isopentenyl transferase
LOC102602267,NA,-1.351442932,0.000348174,4113.PGSC0003DMT400025169,"GO:0001101,GO:0003674,GO:0003824,GO:0006950,GO:0008150,GO:0009414,GO:0009415,GO:0009628,GO:0009719,GO:0009725,GO:0009737,GO:0009819,GO:0010033,GO:0010035,GO:0016298,GO:0016787,GO:0016788,GO:0033993,GO:0042221,GO:0050896,GO:0097305,GO:1901700",ko:K17991,"ko00073,map00073",S,Caleosin related protein
LOC102598996,OG0005441,-1.306448015,0.000361833,4113.PGSC0003DMT400049574,"GO:0003674,GO:0005488,GO:0005506,GO:0005575,GO:0005622,GO:0005623,GO:0005737,GO:0005829,GO:0006725,GO:0006766,GO:0006767,GO:0006772,GO:0006790,GO:0006807,GO:0008150,GO:0008152,GO:0009058,GO:0009110,GO:0009228,GO:0009987,GO:0017144,GO:0018130,GO:0018131,GO:0019438,GO:0034641,GO:0042364,GO:0042723,GO:0042724,GO:0043167,GO:0043169,GO:0044237,GO:0044249,GO:0044271,GO:0044272,GO:0044281,GO:0044283,GO:0044424,GO:0044444,GO:0044464,GO:0046483,GO:0046484,GO:0046872,GO:0046914,GO:0052837,GO:0052838,GO:0071704,GO:0072527,GO:0072528,GO:1901360,GO:1901362,GO:1901564,GO:1901566,GO:1901576",ko:K03146,"ko00730,ko01100,map00730,map01100",H,"Involved in biosynthesis of the thiamine precursor thiazole. Catalyzes the conversion of NAD and glycine to adenosine diphosphate 5-(2-hydroxyethyl)-4-methylthiazole-2-carboxylic acid (ADT), an adenylated thiazole intermediate. The reaction includes an iron-dependent sulfide transfer from a conserved cysteine residue of the protein to a thiazole intermediate. The enzyme can only undergo a single turnover, which suggests it is a suicide enzyme. May have additional roles in adaptation to various stress conditions and in DNA damage tolerance"
LOC107060432,OG0001575,1.374746521,0.000384142,NA,NA,NA,NA,NA,NA
LOC102601808,OG0006577,1.283418225,0.000398462,4113.PGSC0003DMT400066544,,ko:K08236,,CG,Belongs to the UDP-glycosyltransferase family
LOC102581299,OG0005784,1.121550853,0.000398462,4113.PGSC0003DMT400005177,"GO:0003674,GO:0003824,GO:0004672,GO:0004674,GO:0005575,GO:0005623,GO:0005886,GO:0006464,GO:0006468,GO:0006793,GO:0006796,GO:0006807,GO:0006950,GO:0006952,GO:0008150,GO:0008152,GO:0009605,GO:0009607,GO:0009617,GO:0009987,GO:0016020,GO:0016301,GO:0016310,GO:0016740,GO:0016772,GO:0016773,GO:0019538,GO:0036211,GO:0042742,GO:0043170,GO:0043207,GO:0043412,GO:0044237,GO:0044238,GO:0044260,GO:0044267,GO:0044464,GO:0050896,GO:0051704,GO:0051707,GO:0071704,GO:0071944,GO:0098542,GO:0140096,GO:1901564",,,T,Salt stress response/antifungal
LOC102579296,OG0012367,1.037215155,0.000414045,4113.PGSC0003DMT400005017,"GO:0005575,GO:0005623,GO:0005886,GO:0006950,GO:0006952,GO:0007154,GO:0007165,GO:0008150,GO:0009987,GO:0016020,GO:0023052,GO:0044464,GO:0050789,GO:0050794,GO:0050896,GO:0051716,GO:0065007,GO:0071944","ko:K13459,ko:K13460,ko:K20599","ko04016,ko04626,map04016,map04626",T,Resistance protein
LOC102601698,OG0003692,1.421457835,0.000422085,4113.PGSC0003DMT400017631,,,,O,Subtilase family
LOC102598488,OG0005924,-1.150456455,0.00042718,4113.PGSC0003DMT400069189,"GO:0000427,GO:0000428,GO:0001101,GO:0001871,GO:0003674,GO:0003676,GO:0003677,GO:0003723,GO:0005488,GO:0005575,GO:0005576,GO:0005622,GO:0005623,GO:0005737,GO:0005773,GO:0005777,GO:0005840,GO:0005911,GO:0005975,GO:0005996,GO:0006139,GO:0006355,GO:0006364,GO:0006396,GO:0006412,GO:0006417,GO:0006518,GO:0006725,GO:0006807,GO:0006950,GO:0006952,GO:0006996,GO:0007154,GO:0007623,GO:0008150,GO:0008152,GO:0009058,GO:0009059,GO:0009266,GO:0009409,GO:0009414,GO:0009415,GO:0009506,GO:0009507,GO:0009526,GO:0009532,GO:0009536,GO:0009570,GO:0009605,GO:0009607,GO:0009611,GO:0009617,GO:0009628,GO:0009657,GO:0009658,GO:0009889,GO:0009891,GO:0009893,GO:0009941,GO:0009987,GO:0009991,GO:0010035,GO:0010287,GO:0010297,GO:0010319,GO:0010467,GO:0010468,GO:0010556,GO:0010557,GO:0010604,GO:0010608,GO:0010628,GO:0016020,GO:0016043,GO:0016070,GO:0016072,GO:0019219,GO:0019222,GO:0019538,GO:0022613,GO:0030054,GO:0030246,GO:0030247,GO:0030880,GO:0031323,GO:0031325,GO:0031326,GO:0031328,GO:0031668,GO:0031967,GO:0031975,GO:0032268,GO:0032270,GO:0032544,GO:0032991,GO:0033554,GO:0034248,GO:0034250,GO:0034470,GO:0034641,GO:0034645,GO:0034660,GO:0042221,GO:0042254,GO:0042579,GO:0042631,GO:0042742,GO:0043043,GO:0043170,GO:0043207,GO:0043226,GO:0043227,GO:0043228,GO:0043229,GO:0043231,GO:0043232,GO:0043603,GO:0043604,GO:0044085,GO:0044237,GO:0044238,GO:0044249,GO:0044260,GO:0044267,GO:0044271,GO:0044281,GO:0044422,GO:0044424,GO:0044434,GO:0044435,GO:0044444,GO:0044446,GO:0044464,GO:0045727,GO:0045893,GO:0045935,GO:0046483,GO:0048046,GO:0048511,GO:0048518,GO:0048522,GO:0050789,GO:0050794,GO:0050896,GO:0051171,GO:0051173,GO:0051246,GO:0051247,GO:0051252,GO:0051254,GO:0051704,GO:0051707,GO:0051716,GO:0055044,GO:0060255,GO:0061695,GO:0065007,GO:0070887,GO:0071214,GO:0071229,GO:0071462,GO:0071496,GO:0071704,GO:0071840,GO:0080090,GO:0090304,GO:0097159,GO:0098542,GO:0104004,GO:1901360,GO:1901363,GO:1901564,GO:1901566,GO:1901576,GO:1901700,GO:1901701,GO:1902494,GO:1902680,GO:1903506,GO:1903508,GO:1990234,GO:1990904,GO:2000112,GO:2001141",,,S,"Chloroplast stem-loop binding protein of 41 kDa b, chloroplastic"
LOC102591342,OG0001323,1.07552097,0.000451609,NA,NA,NA,NA,NA,NA
LOC102583973,OG0010521,1.767875487,0.000476469,4113.PGSC0003DMT400041944,"GO:0003674,GO:0003700,GO:0006355,GO:0008150,GO:0009889,GO:0010468,GO:0010556,GO:0019219,GO:0019222,GO:0031323,GO:0031326,GO:0050789,GO:0050794,GO:0051171,GO:0051252,GO:0060255,GO:0065007,GO:0080090,GO:0140110,GO:1903506,GO:2000112,GO:2001141",ko:K09419,,K,Heat stress transcription factor
LOC102586605,OG0000097,-1.059559825,0.000484653,4113.PGSC0003DMT400081178,"GO:0003674,GO:0005575,GO:0005622,GO:0005623,GO:0005737,GO:0008150,GO:0008152,GO:0009507,GO:0009536,GO:0009636,GO:0009987,GO:0016209,GO:0042221,GO:0043226,GO:0043227,GO:0043229,GO:0043231,GO:0044424,GO:0044444,GO:0044464,GO:0050896,GO:0051716,GO:0055114,GO:0070887,GO:0097237,GO:0098754,GO:0098869,GO:1990748",,,S,AhpC/TSA antioxidant enzyme
LOC102605252,OG0004664,-1.226857079,0.000491203,4081.Solyc04g082630.2.1,,ko:K05298,"ko00710,ko01100,ko01120,ko01200,map00710,map01100,map01120,map01200",G,Glyceraldehyde-3-phosphate dehydrogenase B
LOC102591506,OG0003969,1.525245497,0.000513326,4113.PGSC0003DMT400014656,"GO:0003674,GO:0003676,GO:0003677,GO:0003700,GO:0005488,GO:0005575,GO:0005622,GO:0005623,GO:0005634,GO:0006139,GO:0006351,GO:0006355,GO:0006725,GO:0006807,GO:0008150,GO:0008152,GO:0009058,GO:0009059,GO:0009889,GO:0009987,GO:0010467,GO:0010468,GO:0010556,GO:0016070,GO:0018130,GO:0019219,GO:0019222,GO:0019438,GO:0031323,GO:0031326,GO:0032774,GO:0034641,GO:0034645,GO:0034654,GO:0043170,GO:0043226,GO:0043227,GO:0043229,GO:0043231,GO:0044237,GO:0044238,GO:0044249,GO:0044260,GO:0044271,GO:0044424,GO:0044464,GO:0046483,GO:0048518,GO:0048583,GO:0048584,GO:0050789,GO:0050794,GO:0051171,GO:0051252,GO:0060255,GO:0065007,GO:0071704,GO:0080090,GO:0090304,GO:0097159,GO:0097659,GO:0140110,GO:1901360,GO:1901362,GO:1901363,GO:1901576,GO:1902446,GO:1902448,GO:1903506,GO:2000030,GO:2000112,GO:2001141",,,K,helix loop helix domain
LOC102589201,OG0000097,-1.27041764,0.000513828,4113.PGSC0003DMT400007482,,,,U,regulation of response to stimulus
LOC102582421,OG0011784,1.902351306,0.00053037,4113.PGSC0003DMT400020635,,,,K,Myb-like DNA-binding domain
LOC102602061,OG0003780,2.197685253,0.000533968,4113.PGSC0003DMT400019126,,ko:K13356,"ko00073,ko04146,ko04212,map00073,map04146,map04212",I,Catalyzes the reduction of fatty acyl-CoA to fatty alcohols
LOC102588672,OG0012096,-1.960973099,0.000542882,4113.PGSC0003DMT400062463,,,,,
LOC102591779,OG0006582,-1.038634707,0.000563922,4113.PGSC0003DMT400040040,,,,S,Alpha/beta hydrolase family
LOC102603811,NA,-3.6970461,0.00058357,4113.PGSC0003DMT400045722,"GO:0003674,GO:0003824,GO:0004176,GO:0005575,GO:0005622,GO:0005623,GO:0005737,GO:0006091,GO:0006508,GO:0006807,GO:0006996,GO:0008150,GO:0008152,GO:0008233,GO:0008237,GO:0009056,GO:0009057,GO:0009314,GO:0009416,GO:0009507,GO:0009526,GO:0009534,GO:0009535,GO:0009536,GO:0009579,GO:0009628,GO:0009642,GO:0009644,GO:0009657,GO:0009668,GO:0009765,GO:0009892,GO:0009941,GO:0009987,GO:0010027,GO:0010109,GO:0010205,GO:0010206,GO:0010304,GO:0015979,GO:0016020,GO:0016043,GO:0016462,GO:0016787,GO:0016817,GO:0016818,GO:0016887,GO:0017111,GO:0019222,GO:0019538,GO:0019684,GO:0030091,GO:0030163,GO:0031323,GO:0031324,GO:0031967,GO:0031975,GO:0031976,GO:0031984,GO:0034357,GO:0042548,GO:0042623,GO:0042651,GO:0043155,GO:0043170,GO:0043226,GO:0043227,GO:0043229,GO:0043231,GO:0043467,GO:0044237,GO:0044238,GO:0044248,GO:0044257,GO:0044260,GO:0044265,GO:0044267,GO:0044422,GO:0044424,GO:0044434,GO:0044435,GO:0044436,GO:0044444,GO:0044446,GO:0044464,GO:0048519,GO:0048523,GO:0050789,GO:0050794,GO:0050896,GO:0055035,GO:0061024,GO:0065007,GO:0070011,GO:0071704,GO:0071840,GO:0140096,GO:1901564,GO:1901565,GO:1901575,GO:1905156",ko:K03798,,O,Belongs to the AAA ATPase family
LOC102592933,OG0002166,2.267493715,0.00058787,4113.PGSC0003DMT400044379,,ko:K14516,"ko04016,ko04075,map04016,map04075",K,DNA-binding domain in plant proteins such as APETALA2 and EREBPs
LOC102597894,OG0000038,1.062336327,0.000594373,4113.PGSC0003DMT400030663,,,,S,VQ motif
LOC102585519,OG0009716,-1.332927727,0.000597816,4081.Solyc04g076100.2.1,,,,,
LOC102596260,NA,4.092882836,0.000615758,4081.Solyc02g089350.2.1,"GO:0005575,GO:0005576",,,S,Gibberellin regulated protein
LOC102578287,OG0006725,-1.378721501,0.000617992,4113.PGSC0003DMT400078477,"GO:0000981,GO:0000988,GO:0000989,GO:0001067,GO:0001076,GO:0001101,GO:0001134,GO:0001135,GO:0003674,GO:0003676,GO:0003677,GO:0003700,GO:0005488,GO:0005575,GO:0005622,GO:0005623,GO:0005634,GO:0006082,GO:0006355,GO:0006357,GO:0006725,GO:0006950,GO:0006970,GO:0008150,GO:0008152,GO:0009058,GO:0009611,GO:0009628,GO:0009651,GO:0009698,GO:0009699,GO:0009719,GO:0009725,GO:0009737,GO:0009751,GO:0009800,GO:0009803,GO:0009889,GO:0009892,GO:0009987,GO:0010033,GO:0010468,GO:0010556,GO:0014070,GO:0016053,GO:0019219,GO:0019222,GO:0019438,GO:0019748,GO:0019752,GO:0030154,GO:0031323,GO:0031326,GO:0032502,GO:0032787,GO:0033993,GO:0042221,GO:0042493,GO:0042537,GO:0043226,GO:0043227,GO:0043229,GO:0043231,GO:0043436,GO:0043565,GO:0044212,GO:0044237,GO:0044249,GO:0044281,GO:0044283,GO:0044424,GO:0044464,GO:0044550,GO:0046394,GO:0046677,GO:0048519,GO:0048869,GO:0050789,GO:0050794,GO:0050896,GO:0051171,GO:0051252,GO:0060255,GO:0065007,GO:0071704,GO:0072330,GO:0080090,GO:0097159,GO:0097305,GO:0140110,GO:1901360,GO:1901362,GO:1901363,GO:1901576,GO:1901700,GO:1903506,GO:2000112,GO:2001141",ko:K09422,,K,Myb-like DNA-binding domain
LOC102581417,OG0000696,-1.954546272,0.000622795,4113.PGSC0003DMT400062562,"GO:0003674,GO:0003824,GO:0005575,GO:0005622,GO:0005623,GO:0008194,GO:0016740,GO:0016757,GO:0016758,GO:0035251,GO:0043226,GO:0043227,GO:0043229,GO:0043231,GO:0044424,GO:0044464,GO:0046527,GO:0047230,GO:0080043,GO:0080044",ko:K17193,"ko00942,map00942",CG,Anthocyanidin 3-O-glucosyltransferase
LOC102588089,OG0000259,1.172106964,0.00062378,4113.PGSC0003DMT400009052,,,,S,Encoded by
LOC102580803,OG0000765,2.312768288,0.000625328,4113.PGSC0003DMT400049613,"GO:0000902,GO:0003674,GO:0003824,GO:0005575,GO:0005622,GO:0005623,GO:0005737,GO:0006725,GO:0006790,GO:0006807,GO:0007154,GO:0007165,GO:0008150,GO:0008152,GO:0009058,GO:0009314,GO:0009403,GO:0009404,GO:0009416,GO:0009507,GO:0009536,GO:0009628,GO:0009653,GO:0009700,GO:0009719,GO:0009725,GO:0009733,GO:0009734,GO:0009755,GO:0009826,GO:0009889,GO:0009891,GO:0009893,GO:0009987,GO:0010033,GO:0010120,GO:0010252,GO:0010279,GO:0016043,GO:0016049,GO:0016874,GO:0016879,GO:0016881,GO:0018130,GO:0019222,GO:0019438,GO:0019748,GO:0023052,GO:0031323,GO:0031325,GO:0031326,GO:0031328,GO:0032502,GO:0032870,GO:0032989,GO:0034641,GO:0040007,GO:0042221,GO:0042430,GO:0042435,GO:0042592,GO:0042762,GO:0043226,GO:0043227,GO:0043229,GO:0043231,GO:0043455,GO:0044237,GO:0044249,GO:0044271,GO:0044272,GO:0044424,GO:0044444,GO:0044464,GO:0044550,GO:0046217,GO:0046483,GO:0048518,GO:0048522,GO:0048589,GO:0048856,GO:0048869,GO:0048878,GO:0050789,GO:0050794,GO:0050896,GO:0051171,GO:0051173,GO:0051176,GO:0051716,GO:0052314,GO:0052315,GO:0052317,GO:0052318,GO:0052319,GO:0052320,GO:0052322,GO:0060560,GO:0065007,GO:0065008,GO:0070887,GO:0071310,GO:0071365,GO:0071495,GO:0071704,GO:0071840,GO:1900376,GO:1900378,GO:1901182,GO:1901183,GO:1901360,GO:1901362,GO:1901564,GO:1901566,GO:1901576",ko:K14487,"ko04075,map04075",S,Indole-3-acetic acid-amido synthetase GH3.6
LOC102586836,OG0011769,-1.61808737,0.000662333,4113.PGSC0003DMT400032791,"GO:0003674,GO:0005488,GO:0005575,GO:0005622,GO:0005623,GO:0005737,GO:0006091,GO:0008150,GO:0008152,GO:0009314,GO:0009416,GO:0009507,GO:0009526,GO:0009532,GO:0009534,GO:0009535,GO:0009536,GO:0009570,GO:0009579,GO:0009628,GO:0009765,GO:0009768,GO:0009941,GO:0009987,GO:0010287,GO:0015979,GO:0016020,GO:0016168,GO:0019684,GO:0031409,GO:0031967,GO:0031975,GO:0031976,GO:0031984,GO:0034357,GO:0042651,GO:0043167,GO:0043168,GO:0043226,GO:0043227,GO:0043229,GO:0043231,GO:0044237,GO:0044422,GO:0044424,GO:0044434,GO:0044435,GO:0044436,GO:0044444,GO:0044446,GO:0044464,GO:0046906,GO:0048037,GO:0050896,GO:0055035,GO:0097159,GO:1901363",ko:K08917,"ko00196,ko01100,map00196,map01100",C,"The light-harvesting complex (LHC) functions as a light receptor, it captures and delivers excitation energy to photosystems with which it is closely associated"
LOC102601041,OG0004179,1.25436059,0.000668536,4113.PGSC0003DMT400071099,"GO:0005575,GO:0005622,GO:0005623,GO:0005634,GO:0005886,GO:0008150,GO:0010817,GO:0016020,GO:0030427,GO:0032879,GO:0035838,GO:0042995,GO:0043226,GO:0043227,GO:0043229,GO:0043231,GO:0044424,GO:0044463,GO:0044464,GO:0050789,GO:0051049,GO:0051286,GO:0065007,GO:0065008,GO:0071944,GO:0090404,GO:0090406,GO:0120025,GO:0120038,GO:2000012",,,S,Interactor of constitutive active ROPs
LOC102581639,OG0007324,-1.77351654,0.000686852,4113.PGSC0003DMT400081244,"GO:0003674,GO:0003824,GO:0004620,GO:0005575,GO:0005622,GO:0005623,GO:0005737,GO:0006629,GO:0006638,GO:0006639,GO:0008150,GO:0008152,GO:0008970,GO:0009056,GO:0009987,GO:0010029,GO:0010187,GO:0010876,GO:0016042,GO:0016298,GO:0016787,GO:0016788,GO:0019915,GO:0033036,GO:0044237,GO:0044238,GO:0044242,GO:0044248,GO:0044255,GO:0044424,GO:0044464,GO:0046339,GO:0046340,GO:0046461,GO:0046462,GO:0046464,GO:0046486,GO:0046503,GO:0047372,GO:0048519,GO:0048580,GO:0048581,GO:0050789,GO:0050793,GO:0051093,GO:0051179,GO:0051235,GO:0051239,GO:0051241,GO:0052651,GO:0052689,GO:0065007,GO:0065008,GO:0071704,GO:1900140,GO:1901575,GO:2000026",,,I,phospholipase
STUGE45,OG0009281,1.672711868,0.000693619,4113.PGSC0003DMT400031994,"GO:0000271,GO:0003674,GO:0003824,GO:0003978,GO:0005575,GO:0005622,GO:0005623,GO:0005737,GO:0005794,GO:0005795,GO:0005829,GO:0005975,GO:0005976,GO:0006073,GO:0007275,GO:0008150,GO:0008152,GO:0009058,GO:0009059,GO:0009250,GO:0009653,GO:0009832,GO:0009888,GO:0009969,GO:0009987,GO:0010015,GO:0010053,GO:0010383,GO:0010410,GO:0010411,GO:0012505,GO:0016051,GO:0016853,GO:0016854,GO:0016857,GO:0022622,GO:0030154,GO:0031984,GO:0032501,GO:0032502,GO:0033692,GO:0034637,GO:0034645,GO:0042546,GO:0043170,GO:0043226,GO:0043227,GO:0043229,GO:0043231,GO:0044036,GO:0044042,GO:0044085,GO:0044237,GO:0044238,GO:0044249,GO:0044260,GO:0044262,GO:0044264,GO:0044422,GO:0044424,GO:0044431,GO:0044444,GO:0044446,GO:0044464,GO:0048364,GO:0048731,GO:0048856,GO:0048869,GO:0071554,GO:0071669,GO:0071704,GO:0071840,GO:0090558,GO:0090627,GO:0098791,GO:0099402,GO:1901576,GO:1905392",ko:K01784,"ko00052,ko00520,ko01100,map00052,map00520,map01100",M,RmlD substrate binding domain
LOC102597183,OG0003845,-1.037391872,0.000707538,4113.PGSC0003DMT400001646,,,,S,"Protein of unknown function, DUF393"
LOC102599039,OG0002372,-1.47275824,0.000711557,4113.PGSC0003DMT400066542,,,,,
LOC102582446,OG0010616,1.775503047,0.00071945,4113.PGSC0003DMT400027119,"GO:0003674,GO:0003824,GO:0004672,GO:0004674,GO:0005575,GO:0005623,GO:0005886,GO:0006464,GO:0006468,GO:0006793,GO:0006796,GO:0006807,GO:0008150,GO:0008152,GO:0009987,GO:0016020,GO:0016301,GO:0016310,GO:0016740,GO:0016772,GO:0016773,GO:0019538,GO:0036211,GO:0043170,GO:0043412,GO:0044237,GO:0044238,GO:0044260,GO:0044267,GO:0044464,GO:0071704,GO:0071944,GO:0140096,GO:1901564",,,T,Protein kinase domain
LOC102595172,OG0013123,-1.297845384,0.000743125,4113.PGSC0003DMT400004382,,,,S,Protamine P1 family protein
LOC102601873,OG0009567,-1.040722592,0.000743125,4113.PGSC0003DMT400042869,,,,J,S1 RNA binding domain
LOC107061456,OG0000065,2.461711142,0.000755162,4113.PGSC0003DMT400035748,"GO:0000981,GO:0000988,GO:0000989,GO:0001067,GO:0001076,GO:0001134,GO:0001135,GO:0003674,GO:0003676,GO:0003677,GO:0003700,GO:0005488,GO:0005575,GO:0005622,GO:0005623,GO:0005634,GO:0006355,GO:0006357,GO:0006950,GO:0008150,GO:0009266,GO:0009409,GO:0009628,GO:0009889,GO:0009891,GO:0009893,GO:0009987,GO:0010468,GO:0010556,GO:0010557,GO:0010604,GO:0010628,GO:0019219,GO:0019222,GO:0030154,GO:0031323,GO:0031325,GO:0031326,GO:0031328,GO:0032502,GO:0043226,GO:0043227,GO:0043229,GO:0043231,GO:0043565,GO:0044212,GO:0044424,GO:0044464,GO:0045893,GO:0045935,GO:0048518,GO:0048522,GO:0048869,GO:0050789,GO:0050794,GO:0050896,GO:0051171,GO:0051173,GO:0051252,GO:0051254,GO:0060255,GO:0065007,GO:0080090,GO:0097159,GO:0140110,GO:1901363,GO:1902680,GO:1903506,GO:1903508,GO:2000112,GO:2001141",ko:K09422,,K,Myb-like DNA-binding domain
LOC102592553,OG0001109,-1.140916763,0.00076187,4113.PGSC0003DMT400048796,"GO:0003674,GO:0003824,GO:0006629,GO:0006720,GO:0006721,GO:0006722,GO:0008150,GO:0008152,GO:0008299,GO:0008610,GO:0009058,GO:0009987,GO:0016104,GO:0016114,GO:0016853,GO:0016866,GO:0019742,GO:0019745,GO:0031559,GO:0042300,GO:0044237,GO:0044238,GO:0044249,GO:0044255,GO:0071704,GO:1901360,GO:1901362,GO:1901576","ko:K15813,ko:K20658,ko:K21928","ko00909,ko01110,map00909,map01110",I,Belongs to the terpene cyclase mutase family
LOC102591329,OG0007827,1.037915186,0.00076187,4113.PGSC0003DMT400066723,"GO:0000003,GO:0003006,GO:0003674,GO:0005488,GO:0005575,GO:0005622,GO:0005623,GO:0005634,GO:0005737,GO:0005829,GO:0006935,GO:0006950,GO:0006952,GO:0007275,GO:0008150,GO:0009507,GO:0009536,GO:0009605,GO:0009607,GO:0009620,GO:0009790,GO:0009791,GO:0009793,GO:0009856,GO:0010154,GO:0010183,GO:0022414,GO:0032501,GO:0032502,GO:0036033,GO:0040011,GO:0042221,GO:0042330,GO:0043207,GO:0043226,GO:0043227,GO:0043229,GO:0043231,GO:0044424,GO:0044444,GO:0044464,GO:0044706,GO:0044877,GO:0048316,GO:0048608,GO:0048731,GO:0048856,GO:0048868,GO:0050832,GO:0050896,GO:0050918,GO:0051704,GO:0051707,GO:0061458,GO:0098542",,,,
LOC102584316,OG0002296,-1.550499605,0.000789262,4113.PGSC0003DMT400068129,"GO:0003674,GO:0005488,GO:0005515,GO:0005575,GO:0005622,GO:0005623,GO:0005737,GO:0006091,GO:0008150,GO:0008152,GO:0009314,GO:0009416,GO:0009503,GO:0009507,GO:0009517,GO:0009521,GO:0009523,GO:0009526,GO:0009532,GO:0009534,GO:0009535,GO:0009536,GO:0009570,GO:0009579,GO:0009628,GO:0009637,GO:0009639,GO:0009765,GO:0009768,GO:0009783,GO:0009941,GO:0009987,GO:0010114,GO:0010196,GO:0010207,GO:0010218,GO:0010287,GO:0015979,GO:0016020,GO:0016043,GO:0016168,GO:0019684,GO:0019904,GO:0022607,GO:0030076,GO:0031409,GO:0031967,GO:0031975,GO:0031976,GO:0031984,GO:0032991,GO:0034357,GO:0034622,GO:0042651,GO:0043167,GO:0043168,GO:0043226,GO:0043227,GO:0043229,GO:0043231,GO:0043933,GO:0044085,GO:0044237,GO:0044422,GO:0044424,GO:0044425,GO:0044434,GO:0044435,GO:0044436,GO:0044444,GO:0044446,GO:0044464,GO:0046906,GO:0048037,GO:0050896,GO:0055035,GO:0065003,GO:0071840,GO:0097159,GO:0098796,GO:0098807,GO:1901363,GO:1990066",ko:K08916,"ko00196,ko01100,map00196,map01100",P,"The light-harvesting complex (LHC) functions as a light receptor, it captures and delivers excitation energy to photosystems with which it is closely associated"
LOC102594949,NA,1.050737854,0.000838541,4113.PGSC0003DMT400030316,"GO:0000166,GO:0003674,GO:0003824,GO:0004312,GO:0004316,GO:0005488,GO:0006082,GO:0006629,GO:0006631,GO:0006633,GO:0008150,GO:0008152,GO:0008610,GO:0009058,GO:0009987,GO:0016053,GO:0016491,GO:0016614,GO:0016616,GO:0016740,GO:0016746,GO:0016747,GO:0019752,GO:0030497,GO:0032787,GO:0036094,GO:0043436,GO:0044237,GO:0044238,GO:0044249,GO:0044255,GO:0044281,GO:0044283,GO:0046394,GO:0048037,GO:0050661,GO:0050662,GO:0055114,GO:0071704,GO:0072330,GO:0097159,GO:1901265,GO:1901363,GO:1901576",,,Q,Belongs to the short-chain dehydrogenases reductases (SDR) family
LOC102601783,OG0001236,1.607971052,0.000852004,4113.PGSC0003DMT400006459,"GO:0005575,GO:0005576,GO:0048046",,,L,Belongs to the 'GDSL' lipolytic enzyme family
LOC102593891,OG0010614,-1.187801696,0.000888039,4113.PGSC0003DMT400042439,"GO:0003674,GO:0005215,GO:0006810,GO:0006855,GO:0008150,GO:0009628,GO:0015238,GO:0015893,GO:0022857,GO:0042221,GO:0042493,GO:0050896,GO:0051179,GO:0051234,GO:0055085,GO:0080167",ko:K03327,,V,Belongs to the multi antimicrobial extrusion (MATE) (TC 2.A.66.1) family
LOC102578540,OG0002517,-1.718977366,0.000946225,4113.PGSC0003DMT400052642,"GO:0000002,GO:0000122,GO:0001775,GO:0001776,GO:0001932,GO:0001933,GO:0001941,GO:0001959,GO:0001960,GO:0002260,GO:0002376,GO:0002520,GO:0002521,GO:0002682,GO:0002683,GO:0002684,GO:0002694,GO:0002696,GO:0003674,GO:0005102,GO:0005126,GO:0005133,GO:0005488,GO:0005515,GO:0005575,GO:0005622,GO:0005623,GO:0005634,GO:0005737,GO:0005739,GO:0005759,GO:0005829,GO:0005886,GO:0006139,GO:0006259,GO:0006260,GO:0006261,GO:0006264,GO:0006355,GO:0006357,GO:0006457,GO:0006469,GO:0006725,GO:0006807,GO:0006915,GO:0006919,GO:0006924,GO:0006950,GO:0006952,GO:0006955,GO:0006996,GO:0007005,GO:0007154,GO:0007165,GO:0007264,GO:0007275,GO:0007528,GO:0007568,GO:0007569,GO:0008104,GO:0008134,GO:0008150,GO:0008152,GO:0008219,GO:0008284,GO:0008285,GO:0009058,GO:0009059,GO:0009295,GO:0009889,GO:0009890,GO:0009892,GO:0009893,GO:0009966,GO:0009968,GO:0009987,GO:0010033,GO:0010466,GO:0010468,GO:0010556,GO:0010558,GO:0010563,GO:0010604,GO:0010605,GO:0010629,GO:0010646,GO:0010648,GO:0010941,GO:0010942,GO:0010950,GO:0010951,GO:0010952,GO:0012501,GO:0016020,GO:0016043,GO:0019219,GO:0019220,GO:0019222,GO:0019897,GO:0019898,GO:0019899,GO:0019900,GO:0019901,GO:0022407,GO:0022409,GO:0023051,GO:0023052,GO:0023057,GO:0030097,GO:0030098,GO:0030154,GO:0030155,GO:0030162,GO:0030217,GO:0030234,GO:0030544,GO:0030695,GO:0030971,GO:0031072,GO:0031323,GO:0031324,GO:0031325,GO:0031326,GO:0031327,GO:0031347,GO:0031348,GO:0031396,GO:0031398,GO:0031399,GO:0031400,GO:0031401,GO:0031594,GO:0031647,GO:0031974,GO:0032042,GO:0032088,GO:0032268,GO:0032269,GO:0032270,GO:0032501,GO:0032502,GO:0032944,GO:0032946,GO:0033036,GO:0033077,GO:0033673,GO:0034097,GO:0034341,GO:0034613,GO:0034641,GO:0034645,GO:0035556,GO:0042102,GO:0042110,GO:0042127,GO:0042129,GO:0042221,GO:0042325,GO:0042326,GO:0042592,GO:0042645,GO:0042981,GO:0043029,GO:0043065,GO:0043066,GO:0043067,GO:0043068,GO:0043069,GO:0043085,GO:0043086,GO:0043113,GO:0043122,GO:0043124,GO:0043154,GO:0043170,GO:0043226,GO:0043227,GO:0043228,GO:0043229,GO:0043231,GO:0043232,GO:0043233,GO:0043280,GO:0043281,GO:0043433,GO:0043549,GO:0044092,GO:0044093,GO:0044237,GO:0044238,GO:0044249,GO:0044260,GO:0044422,GO:0044424,GO:0044425,GO:0044429,GO:0044444,GO:0044446,GO:0044456,GO:0044459,GO:0044464,GO:0045087,GO:0045088,GO:0045202,GO:0045211,GO:0045321,GO:0045785,GO:0045824,GO:0045859,GO:0045861,GO:0045862,GO:0045892,GO:0045934,GO:0045936,GO:0046483,GO:0046649,GO:0048513,GO:0048518,GO:0048519,GO:0048522,GO:0048523,GO:0048534,GO:0048583,GO:0048585,GO:0048731,GO:0048856,GO:0048869,GO:0048872,GO:0050670,GO:0050671,GO:0050776,GO:0050777,GO:0050789,GO:0050790,GO:0050794,GO:0050808,GO:0050821,GO:0050863,GO:0050865,GO:0050867,GO:0050870,GO:0050896,GO:0051059,GO:0051082,GO:0051090,GO:0051171,GO:0051172,GO:0051173,GO:0051174,GO:0051179,GO:0051246,GO:0051247,GO:0051248,GO:0051249,GO:0051251,GO:0051252,GO:0051253,GO:0051336,GO:0051338,GO:0051345,GO:0051346,GO:0051348,GO:0051641,GO:0051668,GO:0051716,GO:0052547,GO:0052548,GO:0060255,GO:0060330,GO:0060331,GO:0060334,GO:0060336,GO:0060548,GO:0060589,GO:0060759,GO:0060761,GO:0061024,GO:0065007,GO:0065008,GO:0065009,GO:0070013,GO:0070227,GO:0070231,GO:0070663,GO:0070665,GO:0070727,GO:0071340,GO:0071704,GO:0071840,GO:0071887,GO:0071944,GO:0072657,GO:0080090,GO:0080134,GO:0090304,GO:0097060,GO:0098590,GO:0098772,GO:0098794,GO:0099173,GO:1901360,GO:1901576,GO:1902531,GO:1902532,GO:1902679,GO:1903037,GO:1903039,GO:1903320,GO:1903322,GO:1903506,GO:1903507,GO:1990782,GO:2000112,GO:2000113,GO:2000116,GO:2000117,GO:2001056,GO:2001141",,,O,4Fe-4S single cluster domain of Ferredoxin I
PME1,OG0005796,-3.159352819,0.000949655,4081.Solyc07g064180.2.1,"GO:0003674,GO:0003824,GO:0004857,GO:0005575,GO:0005618,GO:0005622,GO:0005623,GO:0005737,GO:0005773,GO:0005774,GO:0005829,GO:0008150,GO:0009605,GO:0009607,GO:0009617,GO:0016020,GO:0016787,GO:0016788,GO:0030234,GO:0030312,GO:0030599,GO:0031090,GO:0043086,GO:0043207,GO:0043226,GO:0043227,GO:0043229,GO:0043231,GO:0044092,GO:0044422,GO:0044424,GO:0044437,GO:0044444,GO:0044446,GO:0044464,GO:0046910,GO:0050790,GO:0050896,GO:0051704,GO:0051707,GO:0052689,GO:0065007,GO:0065009,GO:0071944,GO:0098588,GO:0098772,GO:0098805",ko:K01051,"ko00040,ko01100,map00040,map01100",G,Acts in the modification of cell walls via demethylesterification of cell wall pectin
LOC102602984,OG0000005,-2.120764814,0.000949655,4113.PGSC0003DMT400028718,"GO:0000209,GO:0003674,GO:0003824,GO:0004842,GO:0005575,GO:0005622,GO:0005623,GO:0005737,GO:0006464,GO:0006508,GO:0006511,GO:0006807,GO:0008150,GO:0008152,GO:0009056,GO:0009057,GO:0009501,GO:0009536,GO:0009605,GO:0009606,GO:0009628,GO:0009629,GO:0009630,GO:0009987,GO:0010498,GO:0016567,GO:0016740,GO:0019538,GO:0019787,GO:0019941,GO:0030163,GO:0032446,GO:0036211,GO:0043161,GO:0043170,GO:0043226,GO:0043227,GO:0043229,GO:0043231,GO:0043412,GO:0043632,GO:0044237,GO:0044238,GO:0044248,GO:0044257,GO:0044260,GO:0044265,GO:0044267,GO:0044424,GO:0044444,GO:0044464,GO:0050896,GO:0051603,GO:0061630,GO:0061659,GO:0070647,GO:0071704,GO:0140096,GO:1901564,GO:1901565,GO:1901575",ko:K22378,,O,RING-like zinc finger
LOC102586514,OG0007499,-1.206302296,0.001010422,4113.PGSC0003DMT400033701,"GO:0005575,GO:0005622,GO:0005623,GO:0005737,GO:0005783,GO:0005789,GO:0008150,GO:0008152,GO:0009058,GO:0009719,GO:0009725,GO:0009733,GO:0010033,GO:0012505,GO:0016020,GO:0019748,GO:0031090,GO:0031984,GO:0042175,GO:0042221,GO:0043226,GO:0043227,GO:0043229,GO:0043231,GO:0044422,GO:0044424,GO:0044425,GO:0044432,GO:0044444,GO:0044446,GO:0044464,GO:0044550,GO:0050896,GO:0098827",ko:K20562,,Q,cytochrome P450
LOC102591473,OG0009083,1.425346911,0.001016583,4113.PGSC0003DMT400026363,"GO:0006629,GO:0006720,GO:0006721,GO:0008150,GO:0008152,GO:0008299,GO:0008610,GO:0009058,GO:0009987,GO:0016108,GO:0016109,GO:0016114,GO:0016116,GO:0016117,GO:0016122,GO:0016123,GO:0042440,GO:0044237,GO:0044238,GO:0044249,GO:0044255,GO:0046148,GO:0071704,GO:1901576",ko:K15746,"ko00906,ko01100,ko01110,map00906,map01100,map01110",S,Belongs to the sterol desaturase family
LOC102581415,OG0008507,1.17623903,0.001016583,4113.PGSC0003DMT400008564,"GO:0005575,GO:0016020",,,T,Epidermal growth factor-like domain.
LOC102593779,OG0002403,-1.618988245,0.001039069,4113.PGSC0003DMT400092927,,ko:K08912,"ko00196,ko01100,map00196,map01100",C,"The light-harvesting complex (LHC) functions as a light receptor, it captures and delivers excitation energy to photosystems with which it is closely associated"
LOC102598441,NA,-1.354481467,0.001044872,4081.Solyc04g080620.2.1,"GO:0000003,GO:0000272,GO:0003006,GO:0003674,GO:0003824,GO:0004553,GO:0004567,GO:0005575,GO:0005623,GO:0005975,GO:0005976,GO:0007275,GO:0008150,GO:0008152,GO:0009056,GO:0009057,GO:0009664,GO:0009791,GO:0009827,GO:0009828,GO:0009845,GO:0009900,GO:0009987,GO:0010047,GO:0010154,GO:0010412,GO:0015923,GO:0016043,GO:0016052,GO:0016787,GO:0016798,GO:0016985,GO:0016998,GO:0022414,GO:0032501,GO:0032502,GO:0032504,GO:0042545,GO:0043170,GO:0044036,GO:0044237,GO:0044238,GO:0044247,GO:0044248,GO:0044260,GO:0044262,GO:0044264,GO:0044275,GO:0044464,GO:0045229,GO:0046355,GO:0048608,GO:0048609,GO:0048731,GO:0048856,GO:0061458,GO:0071554,GO:0071555,GO:0071669,GO:0071704,GO:0071840,GO:0071944,GO:0090351,GO:1901575,GO:1990059",ko:K19355,"ko00051,map00051",G,"Mannan endo-1,4-beta-mannosidase 7-like"
LOC102601018,OG0014243,1.18025809,0.001052423,4113.PGSC0003DMT400059026,"GO:0000287,GO:0003674,GO:0003824,GO:0005488,GO:0005575,GO:0005622,GO:0005623,GO:0005737,GO:0005829,GO:0005886,GO:0005975,GO:0005996,GO:0006020,GO:0006021,GO:0006066,GO:0006082,GO:0006732,GO:0006766,GO:0006767,GO:0006793,GO:0006796,GO:0006950,GO:0007154,GO:0007165,GO:0008150,GO:0008152,GO:0008934,GO:0009056,GO:0009058,GO:0009108,GO:0009110,GO:0009266,GO:0009409,GO:0009628,GO:0009987,GO:0010347,GO:0016020,GO:0016051,GO:0016053,GO:0016311,GO:0016787,GO:0016788,GO:0016791,GO:0019203,GO:0019637,GO:0019751,GO:0019752,GO:0019852,GO:0019853,GO:0023052,GO:0034637,GO:0042364,GO:0042578,GO:0043167,GO:0043169,GO:0043436,GO:0043647,GO:0044237,GO:0044238,GO:0044249,GO:0044262,GO:0044281,GO:0044282,GO:0044283,GO:0044424,GO:0044444,GO:0044464,GO:0046164,GO:0046165,GO:0046173,GO:0046174,GO:0046364,GO:0046394,GO:0046434,GO:0046838,GO:0046855,GO:0046872,GO:0050308,GO:0050789,GO:0050794,GO:0050896,GO:0051186,GO:0051188,GO:0051716,GO:0052745,GO:0052834,GO:0065007,GO:0070456,GO:0071545,GO:0071704,GO:0071944,GO:0080167,GO:1901575,GO:1901576,GO:1901615,GO:1901616,GO:1901617","ko:K10047,ko:K13104","ko00053,ko00562,ko01100,ko01110,ko04070,map00053,map00562,map01100,map01110,map04070",F,inositol
LOC102589865,OG0002770,-1.621422289,0.001102929,4113.PGSC0003DMT400022698,,ko:K08912,"ko00196,ko01100,map00196,map01100",C,"The light-harvesting complex (LHC) functions as a light receptor, it captures and delivers excitation energy to photosystems with which it is closely associated"
LOC102591644,OG0010691,-1.134098523,0.001147286,4113.PGSC0003DMT400046718,,"ko:K07408,ko:K07418","ko00140,ko00380,ko00590,ko00591,ko00830,ko00980,ko01100,ko04212,ko04726,ko04750,ko04913,ko05204,map00140,map00380,map00590,map00591,map00830,map00980,map01100,map04212,map04726,map04750,map04913,map05204",Q,Cytochrome p450
LOC102582290,OG0012209,1.041339923,0.001147286,4113.PGSC0003DMT400005151,,,,,
LOC102595256,OG0013054,1.111408706,0.001160261,4113.PGSC0003DMT400082362,,,,T,Belongs to the protein kinase superfamily
LOC102597633,OG0000579,1.735847781,0.001188676,4113.PGSC0003DMT400031201,,,,G,Plant non-specific lipid-transfer proteins transfer phospholipids as well as galactolipids across membranes. May play a role in wax or cutin deposition in the cell walls of expanding epidermal cells and certain secretory tissues
LOC102593379,OG0002075,2.052204604,0.001198731,4113.PGSC0003DMT400025113,"GO:0000003,GO:0000302,GO:0001101,GO:0002252,GO:0002376,GO:0003006,GO:0003674,GO:0003676,GO:0003677,GO:0003690,GO:0003700,GO:0005488,GO:0005575,GO:0005622,GO:0005623,GO:0005634,GO:0006355,GO:0006950,GO:0006952,GO:0006979,GO:0007275,GO:0008150,GO:0009605,GO:0009607,GO:0009615,GO:0009617,GO:0009620,GO:0009636,GO:0009719,GO:0009725,GO:0009737,GO:0009791,GO:0009889,GO:0009891,GO:0009893,GO:0009987,GO:0010033,GO:0010035,GO:0010228,GO:0010453,GO:0010468,GO:0010556,GO:0010557,GO:0010604,GO:0010628,GO:0019219,GO:0019222,GO:0022414,GO:0031323,GO:0031325,GO:0031326,GO:0031328,GO:0032501,GO:0032502,GO:0033554,GO:0033993,GO:0034599,GO:0034614,GO:0035690,GO:0042221,GO:0042493,GO:0042542,GO:0042659,GO:0042742,GO:0043207,GO:0043226,GO:0043227,GO:0043229,GO:0043231,GO:0043565,GO:0044424,GO:0044464,GO:0045595,GO:0045893,GO:0045935,GO:0046677,GO:0047484,GO:0048518,GO:0048522,GO:0048583,GO:0048584,GO:0048608,GO:0048731,GO:0048856,GO:0050789,GO:0050793,GO:0050794,GO:0050832,GO:0050896,GO:0051171,GO:0051173,GO:0051252,GO:0051254,GO:0051607,GO:0051704,GO:0051707,GO:0051716,GO:0060255,GO:0061458,GO:0065007,GO:0070301,GO:0070887,GO:0071236,GO:0080090,GO:0080134,GO:0097159,GO:0097237,GO:0097305,GO:0098542,GO:0140110,GO:1901000,GO:1901002,GO:1901363,GO:1901700,GO:1901701,GO:1902680,GO:1903506,GO:1903508,GO:1990837,GO:2000112,GO:2001141",,,K,WRKY transcription factor
LOC102602027,OG0002331,1.594509933,0.001204003,4113.PGSC0003DMT400088761,,,,O,Subtilase family
LOC102603616,OG0000361,2.496819307,0.001216204,4113.PGSC0003DMT400065943,,,,T,Wall-associated receptor kinase 2-like
LOC102581113,OG0002770,1.066737563,0.001244237,4081.Solyc04g079300.2.1,,,,S,Calcineurin-like phosphoesterase
LOC102600973,OG0002541,1.410400063,0.001246555,4113.PGSC0003DMT400097197,"GO:0000003,GO:0000902,GO:0000904,GO:0001558,GO:0003006,GO:0003674,GO:0005085,GO:0005088,GO:0005089,GO:0005488,GO:0005515,GO:0005575,GO:0005623,GO:0005886,GO:0007275,GO:0008150,GO:0009653,GO:0009790,GO:0009791,GO:0009793,GO:0009826,GO:0009856,GO:0009860,GO:0009932,GO:0009987,GO:0010154,GO:0010769,GO:0016020,GO:0016043,GO:0016049,GO:0017016,GO:0017048,GO:0019899,GO:0022414,GO:0022603,GO:0022604,GO:0030154,GO:0031267,GO:0032501,GO:0032502,GO:0032989,GO:0040007,GO:0040008,GO:0042802,GO:0042995,GO:0043900,GO:0044464,GO:0044706,GO:0045595,GO:0048316,GO:0048468,GO:0048588,GO:0048589,GO:0048608,GO:0048638,GO:0048731,GO:0048856,GO:0048868,GO:0048869,GO:0050789,GO:0050793,GO:0050794,GO:0051020,GO:0051128,GO:0051239,GO:0051510,GO:0051704,GO:0060284,GO:0060560,GO:0061458,GO:0065007,GO:0065009,GO:0071840,GO:0071944,GO:0080092,GO:0090406,GO:0098772,GO:0120025,GO:2000241",ko:K10418,"ko04962,map04962",G,Rop guanine nucleotide exchange factor 12-like
LOC102590239,OG0009287,1.288399847,0.001256226,4113.PGSC0003DMT400013488,"GO:0003674,GO:0003824,GO:0004497,GO:0006725,GO:0006807,GO:0008150,GO:0008152,GO:0009058,GO:0009308,GO:0009690,GO:0009691,GO:0009987,GO:0010817,GO:0016491,GO:0018130,GO:0019438,GO:0033397,GO:0033398,GO:0033400,GO:0033466,GO:0034641,GO:0034754,GO:0042445,GO:0042446,GO:0044237,GO:0044249,GO:0044271,GO:0046483,GO:0055114,GO:0065007,GO:0065008,GO:0071704,GO:0072521,GO:0072522,GO:1901360,GO:1901362,GO:1901564,GO:1901566,GO:1901576","ko:K20661,ko:K20662",,Q,cytochrome P450
LOC102586126,OG0012077,-1.848310613,0.001311327,4113.PGSC0003DMT400081244,"GO:0003674,GO:0003824,GO:0004620,GO:0005575,GO:0005622,GO:0005623,GO:0005737,GO:0006629,GO:0006638,GO:0006639,GO:0008150,GO:0008152,GO:0008970,GO:0009056,GO:0009987,GO:0010029,GO:0010187,GO:0010876,GO:0016042,GO:0016298,GO:0016787,GO:0016788,GO:0019915,GO:0033036,GO:0044237,GO:0044238,GO:0044242,GO:0044248,GO:0044255,GO:0044424,GO:0044464,GO:0046339,GO:0046340,GO:0046461,GO:0046462,GO:0046464,GO:0046486,GO:0046503,GO:0047372,GO:0048519,GO:0048580,GO:0048581,GO:0050789,GO:0050793,GO:0051093,GO:0051179,GO:0051235,GO:0051239,GO:0051241,GO:0052651,GO:0052689,GO:0065007,GO:0065008,GO:0071704,GO:1900140,GO:1901575,GO:2000026",,,I,phospholipase
LOC102605430,OG0000578,-1.078065464,0.001318816,4113.PGSC0003DMT400034706,"GO:0000003,GO:0000151,GO:0000152,GO:0003006,GO:0003674,GO:0003824,GO:0004842,GO:0005488,GO:0005515,GO:0005575,GO:0005622,GO:0005623,GO:0005634,GO:0005654,GO:0006139,GO:0006259,GO:0006281,GO:0006464,GO:0006725,GO:0006807,GO:0006950,GO:0006974,GO:0007275,GO:0008150,GO:0008152,GO:0009314,GO:0009416,GO:0009605,GO:0009628,GO:0009639,GO:0009640,GO:0009641,GO:0009642,GO:0009646,GO:0009647,GO:0009648,GO:0009649,GO:0009791,GO:0009812,GO:0009987,GO:0010119,GO:0010228,GO:0016567,GO:0016604,GO:0016740,GO:0019538,GO:0019787,GO:0022414,GO:0031461,GO:0031974,GO:0031981,GO:0032446,GO:0032501,GO:0032502,GO:0032991,GO:0033554,GO:0034641,GO:0036211,GO:0042440,GO:0042752,GO:0042802,GO:0043170,GO:0043226,GO:0043227,GO:0043229,GO:0043231,GO:0043233,GO:0043412,GO:0044237,GO:0044238,GO:0044260,GO:0044267,GO:0044422,GO:0044424,GO:0044428,GO:0044446,GO:0044451,GO:0044464,GO:0046283,GO:0046483,GO:0048573,GO:0048608,GO:0048731,GO:0048856,GO:0050789,GO:0050794,GO:0050896,GO:0051716,GO:0061458,GO:0061630,GO:0061659,GO:0065007,GO:0070013,GO:0070647,GO:0071704,GO:0080008,GO:0090304,GO:0140096,GO:1901360,GO:1901564,GO:1902494,GO:1990234",ko:K10143,"ko04115,ko04120,ko04712,map04115,map04120,map04712",T,E3 ubiquitin-protein ligase COP1-like
LOC102578765,OG0014267,-1.224926685,0.001399837,4113.PGSC0003DMT400080360,"GO:0000003,GO:0000217,GO:0000400,GO:0000902,GO:0000904,GO:0001067,GO:0003006,GO:0003674,GO:0003676,GO:0003677,GO:0003700,GO:0005488,GO:0005515,GO:0005575,GO:0005623,GO:0006082,GO:0006355,GO:0006790,GO:0006807,GO:0008134,GO:0008150,GO:0008152,GO:0009653,GO:0009826,GO:0009846,GO:0009856,GO:0009860,GO:0009889,GO:0009932,GO:0009987,GO:0010468,GO:0010556,GO:0016043,GO:0016049,GO:0016143,GO:0019219,GO:0019222,GO:0019748,GO:0019757,GO:0019760,GO:0022414,GO:0030154,GO:0031323,GO:0031326,GO:0032501,GO:0032502,GO:0032989,GO:0040007,GO:0042995,GO:0043436,GO:0043565,GO:0044212,GO:0044237,GO:0044281,GO:0044464,GO:0044706,GO:0048468,GO:0048588,GO:0048589,GO:0048856,GO:0048868,GO:0048869,GO:0050789,GO:0050794,GO:0051171,GO:0051252,GO:0051704,GO:0060255,GO:0060560,GO:0065007,GO:0071704,GO:0071840,GO:0080090,GO:0090406,GO:0097159,GO:0120025,GO:0140110,GO:1901135,GO:1901363,GO:1901564,GO:1901657,GO:1903506,GO:2000112,GO:2001141",,,K,"BRIGHT, ARID (A/T-rich interaction domain) domain"
LOC102579740,OG0016172;OG0018041,3.197866351,0.001415608,4113.PGSC0003DMT400062486,,,,T,Protein of unknown function (DUF1336)
LOC102588817,OG0016487,1.040303911,0.001435328,4113.PGSC0003DMT400012292,,,,S,Leucine-zipper of ternary complex factor MIP1
LOC102593756,OG0000578,1.100859327,0.001457185,4113.PGSC0003DMT400061846,"GO:0003674,GO:0003824,GO:0004337,GO:0004659,GO:0005575,GO:0005622,GO:0005623,GO:0005737,GO:0006629,GO:0006720,GO:0006721,GO:0008150,GO:0008152,GO:0008299,GO:0008610,GO:0009058,GO:0009507,GO:0009536,GO:0009987,GO:0016108,GO:0016109,GO:0016114,GO:0016116,GO:0016117,GO:0016740,GO:0016765,GO:0016767,GO:0042440,GO:0043226,GO:0043227,GO:0043229,GO:0043231,GO:0044237,GO:0044238,GO:0044249,GO:0044255,GO:0044424,GO:0044444,GO:0044464,GO:0046148,GO:0071704,GO:1901576",ko:K02291,"ko00906,ko01062,ko01100,ko01110,map00906,map01062,map01100,map01110",I,Phytoene synthase
LOC102606102,OG0004379,1.95401731,0.001532079,4096.XP_009767616.1,"GO:0000003,GO:0001101,GO:0003002,GO:0003006,GO:0003674,GO:0003824,GO:0005215,GO:0005319,GO:0005342,GO:0005488,GO:0005515,GO:0005575,GO:0005623,GO:0005886,GO:0006810,GO:0006811,GO:0006820,GO:0006869,GO:0006950,GO:0006970,GO:0007275,GO:0007389,GO:0008028,GO:0008150,GO:0008509,GO:0008514,GO:0009611,GO:0009628,GO:0009651,GO:0009653,GO:0009719,GO:0009725,GO:0009737,GO:0009790,GO:0009791,GO:0009793,GO:0009897,GO:0009965,GO:0009986,GO:0010016,GO:0010033,GO:0010051,GO:0010154,GO:0010222,GO:0010588,GO:0010876,GO:0015075,GO:0015245,GO:0015318,GO:0015399,GO:0015405,GO:0015711,GO:0015718,GO:0015849,GO:0015908,GO:0016020,GO:0016021,GO:0016462,GO:0016787,GO:0016817,GO:0016818,GO:0016887,GO:0017111,GO:0022414,GO:0022804,GO:0022857,GO:0031224,GO:0032501,GO:0032502,GO:0033036,GO:0033993,GO:0034220,GO:0042221,GO:0042623,GO:0042626,GO:0042802,GO:0042803,GO:0043492,GO:0044425,GO:0044459,GO:0044464,GO:0046942,GO:0046943,GO:0046983,GO:0048316,GO:0048366,GO:0048367,GO:0048598,GO:0048608,GO:0048731,GO:0048825,GO:0048826,GO:0048827,GO:0048856,GO:0050896,GO:0051179,GO:0051234,GO:0055085,GO:0061458,GO:0071702,GO:0071944,GO:0080051,GO:0090698,GO:0097305,GO:0098552,GO:0098656,GO:0099402,GO:1901700,GO:1903825,GO:1905039,GO:1905392",,,Q,ABC transporter G family member 11-like
LOC102586012,OG0012468,2.767606393,0.001537029,4113.PGSC0003DMT400073574,,,,K,helix loop helix domain
LOC102600196,OG0000671,1.024599343,0.001655483,4113.PGSC0003DMT400000380,"GO:0003674,GO:0003824,GO:0004175,GO:0004252,GO:0005575,GO:0005576,GO:0005618,GO:0005623,GO:0006508,GO:0006807,GO:0008150,GO:0008152,GO:0008233,GO:0008236,GO:0016787,GO:0017171,GO:0019538,GO:0030312,GO:0031012,GO:0043170,GO:0044238,GO:0044421,GO:0044464,GO:0070011,GO:0071704,GO:0071944,GO:0140096,GO:1901564",,,O,Belongs to the peptidase S8 family
LOC102581623,OG0004804,3.552177067,0.001666444,4081.Solyc08g068680.2.1,,ko:K22427,"ko00360,map00360",E,Aromatic amino acid decarboxylase
LOC102585854,OG0004111,1.553788577,0.001705539,4113.PGSC0003DMT400047340,,,,S,Wound induced protein
LOC102598554,OG0000088,1.13587527,0.001748275,4113.PGSC0003DMT400000274,"GO:0003674,GO:0003700,GO:0006355,GO:0007275,GO:0008150,GO:0009889,GO:0010468,GO:0010556,GO:0019219,GO:0019222,GO:0031323,GO:0031326,GO:0032501,GO:0032502,GO:0048366,GO:0048367,GO:0048731,GO:0048827,GO:0048856,GO:0050789,GO:0050794,GO:0051171,GO:0051252,GO:0060255,GO:0065007,GO:0080090,GO:0099402,GO:0140110,GO:1903506,GO:2000112,GO:2001141",,,K,DNA-binding domain in plant proteins such as APETALA2 and EREBPs
LOC102598542,OG0004273,-1.811848336,0.001923318,4113.PGSC0003DMT400082415,,,,,
LOC102595346,OG0010123,1.451962965,0.001967393,4113.PGSC0003DMT400095799,,,,O,Eukaryotic aspartyl protease
LOC102602059,OG0012886,1.13132286,0.002010214,4113.PGSC0003DMT400044721,"GO:0003674,GO:0003676,GO:0003677,GO:0003700,GO:0005488,GO:0006355,GO:0008150,GO:0009889,GO:0010453,GO:0010468,GO:0010556,GO:0019219,GO:0019222,GO:0031323,GO:0031326,GO:0042659,GO:0043565,GO:0045595,GO:0050789,GO:0050793,GO:0050794,GO:0051171,GO:0051252,GO:0060255,GO:0065007,GO:0080090,GO:0097159,GO:0140110,GO:1901363,GO:1903506,GO:2000112,GO:2001141",,,K,WRKY transcription factor
LOC102583844,OG0000397,1.347340837,0.002017583,4081.Solyc12g006910.1.1,,,,S,Cysteine-rich TM module stress tolerance
LOC102585794,OG0000093,-1.720880552,0.002056801,4113.PGSC0003DMT400081243,"GO:0003674,GO:0003824,GO:0004620,GO:0005575,GO:0005622,GO:0005623,GO:0005737,GO:0006629,GO:0006638,GO:0006639,GO:0008150,GO:0008152,GO:0008970,GO:0009056,GO:0009987,GO:0010029,GO:0010187,GO:0010876,GO:0016042,GO:0016298,GO:0016787,GO:0016788,GO:0019915,GO:0033036,GO:0044237,GO:0044238,GO:0044242,GO:0044248,GO:0044255,GO:0044424,GO:0044464,GO:0046339,GO:0046340,GO:0046461,GO:0046462,GO:0046464,GO:0046486,GO:0046503,GO:0047372,GO:0048519,GO:0048580,GO:0048581,GO:0050789,GO:0050793,GO:0051093,GO:0051179,GO:0051235,GO:0051239,GO:0051241,GO:0052651,GO:0052689,GO:0065007,GO:0065008,GO:0071704,GO:1900140,GO:1901575,GO:2000026",,,I,Lipase (class 3)
LOC102595190,NA,1.114099667,0.002134541,4113.PGSC0003DMT400063769,,,,K,Belongs to the GRAS family
LOC102579545,OG0013153,1.38441188,0.002137609,4081.Solyc11g005350.1.1,,,,S,EamA-like transporter family
LOC102579718,OG0000801,1.857257512,0.002139337,4113.PGSC0003DMT400031740,,,,S,GTP binding protein
LOC102578779,OG0002746,1.053418351,0.00216201,4113.PGSC0003DMT400049677,"GO:0008150,GO:0009719,GO:0009725,GO:0009733,GO:0010033,GO:0042221,GO:0050896",ko:K14484,"ko04075,map04075",K,Aux IAA proteins are short-lived transcriptional factors that function as repressors of early auxin response genes at low auxin concentrations
LOC102579252,OG0003510,1.560525842,0.002184564,4113.PGSC0003DMT400000536,"GO:0000293,GO:0003674,GO:0003824,GO:0005575,GO:0005623,GO:0005886,GO:0006810,GO:0008150,GO:0008152,GO:0009605,GO:0009607,GO:0009617,GO:0015688,GO:0016020,GO:0016491,GO:0016722,GO:0016723,GO:0042592,GO:0043207,GO:0044464,GO:0048878,GO:0050801,GO:0050896,GO:0051179,GO:0051234,GO:0051704,GO:0051707,GO:0055065,GO:0055072,GO:0055076,GO:0055080,GO:0055114,GO:0065007,GO:0065008,GO:0071944,GO:0098771,GO:1901678",ko:K00521,,PQ,Ferric reduction oxidase 2-like
LOC107059131,OG0000611,-1.378479883,0.002184564,4081.Solyc10g008270.2.1,,,,K,Transcription factor
LOC102588416,OG0003740,-1.463395646,0.002223069,4113.PGSC0003DMT400030386,,ko:K13993,"ko04141,map04141",O,Belongs to the small heat shock protein (HSP20) family
LOC102594612,OG0002093,1.824149078,0.002262739,4113.PGSC0003DMT400029648,"GO:0001101,GO:0002376,GO:0003674,GO:0003824,GO:0004842,GO:0005575,GO:0005622,GO:0005623,GO:0005634,GO:0005886,GO:0006082,GO:0006464,GO:0006508,GO:0006511,GO:0006725,GO:0006807,GO:0006950,GO:0006952,GO:0006955,GO:0008150,GO:0008152,GO:0008219,GO:0009056,GO:0009057,GO:0009058,GO:0009605,GO:0009607,GO:0009617,GO:0009626,GO:0009627,GO:0009696,GO:0009697,GO:0009719,GO:0009725,GO:0009751,GO:0009814,GO:0009987,GO:0010033,GO:0010035,GO:0010167,GO:0010337,GO:0010498,GO:0010565,GO:0010817,GO:0012501,GO:0014070,GO:0016020,GO:0016053,GO:0016567,GO:0016740,GO:0016999,GO:0017000,GO:0017144,GO:0018958,GO:0019222,GO:0019438,GO:0019538,GO:0019752,GO:0019787,GO:0019941,GO:0030163,GO:0031323,GO:0032350,GO:0032446,GO:0032787,GO:0033554,GO:0034050,GO:0036211,GO:0042221,GO:0042445,GO:0042446,GO:0042493,GO:0042537,GO:0042742,GO:0043161,GO:0043170,GO:0043207,GO:0043226,GO:0043227,GO:0043229,GO:0043231,GO:0043412,GO:0043436,GO:0043632,GO:0044237,GO:0044238,GO:0044248,GO:0044249,GO:0044257,GO:0044260,GO:0044265,GO:0044267,GO:0044281,GO:0044283,GO:0044424,GO:0044464,GO:0045087,GO:0046189,GO:0046394,GO:0046677,GO:0050789,GO:0050794,GO:0050896,GO:0051603,GO:0051704,GO:0051707,GO:0051716,GO:0061630,GO:0061659,GO:0062012,GO:0065007,GO:0065008,GO:0070647,GO:0071704,GO:0071944,GO:0072330,GO:0080021,GO:0098542,GO:0140096,GO:1901360,GO:1901362,GO:1901564,GO:1901565,GO:1901575,GO:1901576,GO:1901615,GO:1901617,GO:1901698,GO:1901700",ko:K16275,,O,RING-type zinc-finger
LOC102584787,OG0001869,-2.139244422,0.002278007,4098.XP_009603973.1,"GO:0001101,GO:0003674,GO:0005198,GO:0005488,GO:0005515,GO:0005575,GO:0005622,GO:0005623,GO:0005737,GO:0006091,GO:0006950,GO:0008150,GO:0008152,GO:0009314,GO:0009416,GO:0009507,GO:0009526,GO:0009532,GO:0009534,GO:0009535,GO:0009536,GO:0009570,GO:0009579,GO:0009628,GO:0009635,GO:0009636,GO:0009642,GO:0009644,GO:0009719,GO:0009725,GO:0009737,GO:0009765,GO:0009768,GO:0009769,GO:0009941,GO:0009987,GO:0010033,GO:0010119,GO:0010287,GO:0015979,GO:0016020,GO:0016168,GO:0019684,GO:0019904,GO:0031409,GO:0031967,GO:0031975,GO:0031976,GO:0031984,GO:0033993,GO:0034357,GO:0042221,GO:0042651,GO:0043167,GO:0043168,GO:0043226,GO:0043227,GO:0043229,GO:0043231,GO:0044237,GO:0044422,GO:0044424,GO:0044434,GO:0044435,GO:0044436,GO:0044444,GO:0044446,GO:0044464,GO:0046906,GO:0048037,GO:0050789,GO:0050794,GO:0050896,GO:0055035,GO:0065007,GO:0097159,GO:0097305,GO:1901363,GO:1901700",ko:K08914,"ko00196,ko01100,map00196,map01100",C,"The light-harvesting complex (LHC) functions as a light receptor, it captures and delivers excitation energy to photosystems with which it is closely associated"
LOC102582616,OG0005060,2.467490514,0.002336476,4113.PGSC0003DMT400038296,,"ko:K01590,ko:K01649,ko:K22427","ko00290,ko00340,ko00360,ko00620,ko01100,ko01110,ko01210,ko01230,map00290,map00340,map00360,map00620,map01100,map01110,map01210,map01230",E,Aromatic amino acid decarboxylase
LOC102584503,OG0010911,-1.999527491,0.002371548,4113.PGSC0003DMT400008351,"GO:0000302,GO:0003674,GO:0005488,GO:0005515,GO:0005575,GO:0005622,GO:0005623,GO:0005737,GO:0006355,GO:0006950,GO:0006979,GO:0006996,GO:0008150,GO:0009266,GO:0009295,GO:0009314,GO:0009408,GO:0009416,GO:0009507,GO:0009532,GO:0009536,GO:0009570,GO:0009628,GO:0009636,GO:0009642,GO:0009644,GO:0009657,GO:0009658,GO:0009889,GO:0009987,GO:0010035,GO:0010468,GO:0010556,GO:0016043,GO:0019219,GO:0019222,GO:0031323,GO:0031326,GO:0032991,GO:0042221,GO:0042493,GO:0042542,GO:0042644,GO:0042646,GO:0043226,GO:0043227,GO:0043228,GO:0043229,GO:0043231,GO:0043232,GO:0043621,GO:0044422,GO:0044424,GO:0044434,GO:0044435,GO:0044444,GO:0044446,GO:0044464,GO:0046677,GO:0050789,GO:0050794,GO:0050896,GO:0051171,GO:0051252,GO:0060255,GO:0065007,GO:0071840,GO:0080090,GO:0101031,GO:1901700,GO:1903506,GO:2000112,GO:2001141",ko:K13993,"ko04141,map04141",O,"Small heat shock protein, chloroplastic"
LOC102580524,OG0009394,-1.046431224,0.002373397,4113.PGSC0003DMT400051713,"GO:0003674,GO:0003824,GO:0004497,GO:0007154,GO:0007165,GO:0008150,GO:0008152,GO:0009058,GO:0009719,GO:0009725,GO:0009735,GO:0009741,GO:0009742,GO:0009755,GO:0009850,GO:0009851,GO:0009889,GO:0009987,GO:0010033,GO:0010600,GO:0010817,GO:0014070,GO:0016491,GO:0016705,GO:0016709,GO:0019222,GO:0023052,GO:0031323,GO:0031326,GO:0032350,GO:0032870,GO:0033993,GO:0042221,GO:0042445,GO:0042446,GO:0043401,GO:0044237,GO:0044249,GO:0046885,GO:0048545,GO:0050789,GO:0050794,GO:0050896,GO:0051716,GO:0055114,GO:0065007,GO:0065008,GO:0070887,GO:0071310,GO:0071367,GO:0071383,GO:0071396,GO:0071407,GO:0071495,GO:0090354,GO:0103075,GO:1901700,GO:1901701",ko:K11816,"ko00380,ko01100,map00380,map01100",Q,monooxygenase
LOC102577921,OG0000474,1.079172407,0.002413447,4081.Solyc10g080900.1.1,"GO:0000166,GO:0003674,GO:0003824,GO:0004312,GO:0004316,GO:0005488,GO:0006082,GO:0006629,GO:0006631,GO:0006633,GO:0008150,GO:0008152,GO:0008610,GO:0009058,GO:0009987,GO:0016053,GO:0016491,GO:0016614,GO:0016616,GO:0016740,GO:0016746,GO:0016747,GO:0019752,GO:0030497,GO:0032787,GO:0036094,GO:0043436,GO:0044237,GO:0044238,GO:0044249,GO:0044255,GO:0044281,GO:0044283,GO:0046394,GO:0048037,GO:0050661,GO:0050662,GO:0055114,GO:0071704,GO:0072330,GO:0097159,GO:1901265,GO:1901363,GO:1901576",,,Q,Enoyl-(Acyl carrier protein) reductase
LOC102579359,OG0002354,1.011032623,0.002503835,4113.PGSC0003DMT400064256,,,,K,Transcription factor
LOC102587206,OG0013377,-1.087312934,0.002528581,4113.PGSC0003DMT400030050,"GO:0008150,GO:0009314,GO:0009416,GO:0009628,GO:0050896",ko:K05298,"ko00710,ko01100,ko01120,ko01200,map00710,map01100,map01120,map01200",G,Belongs to the glyceraldehyde-3-phosphate dehydrogenase family
LOC107062911,OG0006247,2.260160603,0.002565512,NA,NA,NA,NA,NA,NA
LOC107061295,OG0030198,1.205208454,0.002569654,4113.PGSC0003DMT400023842,,,,,
LOC102594870,OG0005134,1.044720292,0.002578973,4113.PGSC0003DMT400068079,,,,P,Heavy-metal-associated domain
LOC102589571,OG0001353,1.242942343,0.002616112,4113.PGSC0003DMT400033731,,,,,
LOC102585026,OG0011798,1.575840836,0.002640607,4081.Solyc09g007920.2.1,"GO:0001101,GO:0003674,GO:0003824,GO:0005575,GO:0006464,GO:0006508,GO:0006511,GO:0006725,GO:0006807,GO:0008150,GO:0008152,GO:0009056,GO:0009057,GO:0009058,GO:0009636,GO:0009698,GO:0009699,GO:0009719,GO:0009725,GO:0009739,GO:0009987,GO:0010033,GO:0010243,GO:0014070,GO:0016598,GO:0016829,GO:0016840,GO:0016841,GO:0019438,GO:0019538,GO:0019748,GO:0019941,GO:0030163,GO:0032991,GO:0033993,GO:0036211,GO:0042221,GO:0042493,GO:0043170,GO:0043412,GO:0043632,GO:0044237,GO:0044238,GO:0044248,GO:0044249,GO:0044257,GO:0044260,GO:0044265,GO:0044267,GO:0044550,GO:0045548,GO:0046677,GO:0046898,GO:0050896,GO:0051603,GO:0060992,GO:0071704,GO:0097305,GO:1901360,GO:1901362,GO:1901564,GO:1901565,GO:1901575,GO:1901576,GO:1901654,GO:1901698,GO:1901700","ko:K10775,ko:K13064","ko00360,ko00940,ko01100,ko01110,map00360,map00940,map01100,map01110",Q,Phenylalanine ammonia-lyase
LOC107063518,OG0001447,1.330189204,0.002645391,4113.PGSC0003DMT400004447,"GO:0003674,GO:0003824,GO:0004601,GO:0005575,GO:0005618,GO:0005622,GO:0005623,GO:0005737,GO:0005829,GO:0005911,GO:0006950,GO:0006952,GO:0008150,GO:0008152,GO:0009505,GO:0009506,GO:0009605,GO:0009607,GO:0009620,GO:0009636,GO:0009664,GO:0009987,GO:0016043,GO:0016209,GO:0016491,GO:0016684,GO:0030054,GO:0030312,GO:0042221,GO:0043207,GO:0044424,GO:0044444,GO:0044464,GO:0045229,GO:0050832,GO:0050896,GO:0051704,GO:0051707,GO:0051716,GO:0055044,GO:0055114,GO:0070887,GO:0071554,GO:0071555,GO:0071669,GO:0071840,GO:0071944,GO:0097237,GO:0098542,GO:0098754,GO:0098869,GO:1990748",ko:K00430,"ko00940,ko01100,ko01110,map00940,map01100,map01110",Q,"Removal of H(2)O(2), oxidation of toxic reductants, biosynthesis and degradation of lignin, suberization, auxin catabolism, response to environmental stresses such as wounding, pathogen attack and oxidative stress"
LOC107057661,OG0010935,1.453740164,0.002741548,4113.PGSC0003DMT400055531,"GO:0001101,GO:0003674,GO:0003824,GO:0006464,GO:0006508,GO:0006511,GO:0006725,GO:0006807,GO:0008150,GO:0008152,GO:0009056,GO:0009057,GO:0009058,GO:0009636,GO:0009698,GO:0009699,GO:0009719,GO:0009725,GO:0009739,GO:0009987,GO:0010033,GO:0010243,GO:0014070,GO:0016598,GO:0016829,GO:0016840,GO:0016841,GO:0019438,GO:0019538,GO:0019748,GO:0019941,GO:0030163,GO:0033993,GO:0036211,GO:0042221,GO:0042493,GO:0043170,GO:0043412,GO:0043632,GO:0044237,GO:0044238,GO:0044248,GO:0044249,GO:0044257,GO:0044260,GO:0044265,GO:0044267,GO:0044550,GO:0045548,GO:0046677,GO:0046898,GO:0050896,GO:0051603,GO:0060992,GO:0071704,GO:0097305,GO:1901360,GO:1901362,GO:1901564,GO:1901565,GO:1901575,GO:1901576,GO:1901654,GO:1901698,GO:1901700","ko:K10775,ko:K13064","ko00360,ko00940,ko01100,ko01110,map00360,map00940,map01100,map01110",Q,Phenylalanine ammonia-lyase
LOC107061941,OG0005630,-1.186243445,0.002741548,4113.PGSC0003DMT400033701,"GO:0005575,GO:0005622,GO:0005623,GO:0005737,GO:0005783,GO:0005789,GO:0008150,GO:0008152,GO:0009058,GO:0009719,GO:0009725,GO:0009733,GO:0010033,GO:0012505,GO:0016020,GO:0019748,GO:0031090,GO:0031984,GO:0042175,GO:0042221,GO:0043226,GO:0043227,GO:0043229,GO:0043231,GO:0044422,GO:0044424,GO:0044425,GO:0044432,GO:0044444,GO:0044446,GO:0044464,GO:0044550,GO:0050896,GO:0098827",ko:K20562,,Q,cytochrome P450
LOC102598017,OG0030040,-1.217899605,0.002745836,4081.Solyc10g009310.2.1,"GO:0000003,GO:0003006,GO:0003674,GO:0003824,GO:0004497,GO:0005575,GO:0007275,GO:0008150,GO:0008152,GO:0009058,GO:0009791,GO:0010154,GO:0016020,GO:0016491,GO:0016705,GO:0016709,GO:0019748,GO:0022414,GO:0032501,GO:0032502,GO:0044550,GO:0048316,GO:0048608,GO:0048731,GO:0048856,GO:0055114,GO:0061458",ko:K20619,,Q,Cytochrome P450
LOC102604654,OG0000187,-1.553094816,0.002772744,4113.PGSC0003DMT400028711,"GO:0000003,GO:0000988,GO:0000989,GO:0001076,GO:0001101,GO:0001190,GO:0003006,GO:0003674,GO:0003676,GO:0003677,GO:0003700,GO:0005488,GO:0005575,GO:0005622,GO:0005623,GO:0005634,GO:0006139,GO:0006325,GO:0006351,GO:0006355,GO:0006357,GO:0006366,GO:0006464,GO:0006473,GO:0006475,GO:0006725,GO:0006807,GO:0006950,GO:0006970,GO:0006996,GO:0007275,GO:0007623,GO:0008150,GO:0008152,GO:0009058,GO:0009059,GO:0009314,GO:0009416,GO:0009628,GO:0009648,GO:0009651,GO:0009719,GO:0009723,GO:0009725,GO:0009733,GO:0009737,GO:0009739,GO:0009751,GO:0009753,GO:0009791,GO:0009889,GO:0009891,GO:0009893,GO:0009987,GO:0010033,GO:0010035,GO:0010038,GO:0010228,GO:0010467,GO:0010468,GO:0010556,GO:0010557,GO:0010604,GO:0010628,GO:0014070,GO:0016043,GO:0016070,GO:0016569,GO:0016570,GO:0016573,GO:0018130,GO:0018193,GO:0018205,GO:0018393,GO:0018394,GO:0019219,GO:0019222,GO:0019438,GO:0019538,GO:0022414,GO:0031323,GO:0031325,GO:0031326,GO:0031328,GO:0032501,GO:0032502,GO:0032774,GO:0032922,GO:0033993,GO:0034641,GO:0034645,GO:0034654,GO:0036211,GO:0042221,GO:0042493,GO:0042752,GO:0042753,GO:0043170,GO:0043226,GO:0043227,GO:0043229,GO:0043231,GO:0043412,GO:0043543,GO:0043565,GO:0043966,GO:0044237,GO:0044238,GO:0044249,GO:0044260,GO:0044267,GO:0044271,GO:0044424,GO:0044464,GO:0045893,GO:0045935,GO:0045944,GO:0046483,GO:0046677,GO:0046686,GO:0048511,GO:0048518,GO:0048522,GO:0048573,GO:0048608,GO:0048731,GO:0048856,GO:0050789,GO:0050794,GO:0050896,GO:0051171,GO:0051173,GO:0051252,GO:0051254,GO:0051276,GO:0060255,GO:0061458,GO:0065007,GO:0071704,GO:0071840,GO:0080090,GO:0090304,GO:0097159,GO:0097305,GO:0097659,GO:0140110,GO:1901360,GO:1901362,GO:1901363,GO:1901564,GO:1901576,GO:1901700,GO:1902680,GO:1903506,GO:1903508,GO:2000112,GO:2001141",,,K,"SANT  SWI3, ADA2, N-CoR and TFIIIB'' DNA-binding domains"
LOC102593103,OG0009565,-2.007818112,0.002823307,4113.PGSC0003DMT400045248,"GO:0005575,GO:0005622,GO:0005623,GO:0005737,GO:0006810,GO:0008150,GO:0009507,GO:0009534,GO:0009535,GO:0009536,GO:0009579,GO:0016020,GO:0031976,GO:0031984,GO:0034357,GO:0042651,GO:0043226,GO:0043227,GO:0043229,GO:0043231,GO:0044422,GO:0044424,GO:0044434,GO:0044435,GO:0044436,GO:0044444,GO:0044446,GO:0044464,GO:0051179,GO:0051234,GO:0055035,GO:0055085",ko:K03542,"ko00195,ko01100,map00195,map01100",C,"Photosystem II 22 kDa protein, chloroplastic"
LOC102582537,OG0002572,1.134182166,0.002862353,4113.PGSC0003DMT400035731,"GO:0000160,GO:0001101,GO:0002218,GO:0002252,GO:0002253,GO:0002376,GO:0002682,GO:0002684,GO:0003674,GO:0003676,GO:0003677,GO:0003700,GO:0005488,GO:0005575,GO:0005622,GO:0005623,GO:0005634,GO:0005654,GO:0006355,GO:0006950,GO:0006952,GO:0006955,GO:0007154,GO:0007165,GO:0008150,GO:0009605,GO:0009607,GO:0009617,GO:0009682,GO:0009719,GO:0009723,GO:0009725,GO:0009737,GO:0009753,GO:0009755,GO:0009864,GO:0009867,GO:0009873,GO:0009889,GO:0009890,GO:0009892,GO:0009966,GO:0009968,GO:0009987,GO:0010033,GO:0010104,GO:0010105,GO:0010200,GO:0010243,GO:0010468,GO:0010556,GO:0010558,GO:0010605,GO:0010629,GO:0010646,GO:0010648,GO:0016604,GO:0019219,GO:0019222,GO:0023051,GO:0023052,GO:0023057,GO:0031323,GO:0031324,GO:0031326,GO:0031327,GO:0031347,GO:0031349,GO:0031974,GO:0031981,GO:0032870,GO:0033993,GO:0035556,GO:0042221,GO:0042493,GO:0042742,GO:0043207,GO:0043226,GO:0043227,GO:0043229,GO:0043231,GO:0043233,GO:0043565,GO:0044422,GO:0044424,GO:0044428,GO:0044446,GO:0044451,GO:0044464,GO:0045087,GO:0045088,GO:0045089,GO:0045892,GO:0045934,GO:0048518,GO:0048519,GO:0048523,GO:0048583,GO:0048584,GO:0048585,GO:0050776,GO:0050778,GO:0050789,GO:0050794,GO:0050896,GO:0051171,GO:0051172,GO:0051252,GO:0051253,GO:0051704,GO:0051707,GO:0051716,GO:0060255,GO:0065007,GO:0070013,GO:0070297,GO:0070298,GO:0070887,GO:0071229,GO:0071310,GO:0071369,GO:0071395,GO:0071495,GO:0080090,GO:0080134,GO:0097159,GO:0097305,GO:0098542,GO:0140110,GO:1901363,GO:1901698,GO:1901700,GO:1901701,GO:1902531,GO:1902532,GO:1902679,GO:1903506,GO:1903507,GO:2000112,GO:2000113,GO:2001141",ko:K09286,,K,Ethylene-responsive transcription factor 4-like
LOC102591685,OG0006819,1.367902223,0.002913059,4113.PGSC0003DMT400045129,"GO:0003674,GO:0003676,GO:0003677,GO:0003700,GO:0005488,GO:0005575,GO:0005622,GO:0005623,GO:0005634,GO:0006355,GO:0008150,GO:0008283,GO:0009719,GO:0009725,GO:0009733,GO:0009787,GO:0009789,GO:0009889,GO:0009966,GO:0009967,GO:0009987,GO:0010033,GO:0010468,GO:0010556,GO:0010646,GO:0010647,GO:0019219,GO:0019222,GO:0023051,GO:0023056,GO:0031323,GO:0031326,GO:0032870,GO:0042221,GO:0043226,GO:0043227,GO:0043229,GO:0043231,GO:0043565,GO:0044424,GO:0044464,GO:0048518,GO:0048522,GO:0048583,GO:0048584,GO:0050789,GO:0050794,GO:0050896,GO:0051171,GO:0051252,GO:0051716,GO:0060255,GO:0065007,GO:0070887,GO:0071310,GO:0071365,GO:0071495,GO:0080090,GO:0097159,GO:0140110,GO:1901363,GO:1901419,GO:1901421,GO:1903506,GO:1905957,GO:1905959,GO:2000112,GO:2001141",,,K,No apical meristem (NAM) protein
LOC102578392,OG0005002,1.31306894,0.003156078,4113.PGSC0003DMT400031739,"GO:0005575,GO:0005623,GO:0005886,GO:0016020,GO:0044464,GO:0071944",,,S,Membrane-associated kinase regulator
LOC102592574,OG0007687,1.13409696,0.003230992,4113.PGSC0003DMT400011187,,ko:K21026,"ko00901,ko01110,map00901,map01110",S,Belongs to the 'GDSL' lipolytic enzyme family
LOC102598773,OG0004379,-1.001954233,0.003278318,4113.PGSC0003DMT400009096,"GO:0003674,GO:0003824,GO:0004553,GO:0004565,GO:0005575,GO:0005618,GO:0005622,GO:0005623,GO:0005737,GO:0005773,GO:0009505,GO:0015925,GO:0016787,GO:0016798,GO:0030312,GO:0043226,GO:0043227,GO:0043229,GO:0043231,GO:0044424,GO:0044444,GO:0044464,GO:0071944",,,G,Beta-galactosidase
LOC102582655,NA,-1.419738401,0.00330577,4113.PGSC0003DMT400041791,,,,E,Serine hydrolase (FSH1)
LOC102604092,OG0011557,2.517056451,0.003325754,4081.Solyc06g070990.2.1,"GO:0003674,GO:0003700,GO:0006355,GO:0008150,GO:0009889,GO:0010468,GO:0010556,GO:0019219,GO:0019222,GO:0031323,GO:0031326,GO:0050789,GO:0050794,GO:0051171,GO:0051252,GO:0060255,GO:0065007,GO:0080090,GO:0140110,GO:1903506,GO:2000112,GO:2001141",,,K,DNA binding domain
LOC102600986,OG0000579,1.322707602,0.003386213,4113.PGSC0003DMT400019061,,,,K,DNA binding domain
LOC107060434,OG0002061;OG0009495,1.505090879,0.003562064,NA,NA,NA,NA,NA,NA
LOC102579206,OG0011839,-1.053338561,0.00356759,4113.PGSC0003DMT400068057,,,,G,Belongs to the carbohydrate kinase PfkB family
LOC102600498,OG0001199,-1.62965373,0.003691406,4113.PGSC0003DMT400076776,,,,S,HAD-hyrolase-like
LOC102600629,OG0001530,-1.190150509,0.003726428,4113.PGSC0003DMT400067474,"GO:0005575,GO:0005622,GO:0005623,GO:0005737,GO:0005829,GO:0006950,GO:0008150,GO:0009611,GO:0044424,GO:0044444,GO:0044464,GO:0050896",,,T,NUDIX domain
LOC102596875,OG0010835,-1.000637102,0.003728273,4113.PGSC0003DMT400057146,,,,S,Membrane bound O-acyl transferase family
LOC102591830,OG0002732,1.148764253,0.003783277,4113.PGSC0003DMT400026096,,,,K,Myb-like DNA-binding domain
LOC102594883,OG0002481,-1.157213688,0.003882927,4081.Solyc11g066100.1.1,,ko:K03283,"ko03040,ko04010,ko04141,ko04144,ko04213,ko04612,ko04915,ko05134,ko05145,ko05162,ko05164,ko05169,map03040,map04010,map04141,map04144,map04213,map04612,map04915,map05134,map05145,map05162,map05164,map05169",O,Heat shock cognate 70 kDa
LOC107058793,OG0000442,-1.388463817,0.003955432,NA,NA,NA,NA,NA,NA
LOC102579550,OG0009849,3.725279842,0.003984519,4113.PGSC0003DMT400029235,"GO:0000160,GO:0000302,GO:0000981,GO:0000988,GO:0000989,GO:0001067,GO:0001076,GO:0001101,GO:0001134,GO:0001135,GO:0002218,GO:0002237,GO:0002252,GO:0002253,GO:0002376,GO:0002682,GO:0002684,GO:0003674,GO:0003676,GO:0003677,GO:0003700,GO:0005488,GO:0005575,GO:0005622,GO:0005623,GO:0005634,GO:0006355,GO:0006357,GO:0006725,GO:0006950,GO:0006952,GO:0006955,GO:0006979,GO:0007154,GO:0007165,GO:0008150,GO:0008152,GO:0009058,GO:0009267,GO:0009314,GO:0009411,GO:0009416,GO:0009605,GO:0009607,GO:0009617,GO:0009628,GO:0009642,GO:0009646,GO:0009682,GO:0009698,GO:0009699,GO:0009719,GO:0009723,GO:0009725,GO:0009751,GO:0009753,GO:0009755,GO:0009808,GO:0009809,GO:0009866,GO:0009873,GO:0009889,GO:0009891,GO:0009893,GO:0009987,GO:0009991,GO:0010033,GO:0010035,GO:0010038,GO:0010039,GO:0010043,GO:0010468,GO:0010556,GO:0010557,GO:0010604,GO:0010628,GO:0014070,GO:0019219,GO:0019222,GO:0019438,GO:0019748,GO:0023052,GO:0030154,GO:0031323,GO:0031325,GO:0031326,GO:0031328,GO:0031347,GO:0031349,GO:0031667,GO:0031668,GO:0031669,GO:0032502,GO:0032870,GO:0033554,GO:0034599,GO:0034614,GO:0035556,GO:0035690,GO:0042221,GO:0042493,GO:0042592,GO:0042594,GO:0042742,GO:0043207,GO:0043226,GO:0043227,GO:0043229,GO:0043231,GO:0043565,GO:0044087,GO:0044212,GO:0044237,GO:0044249,GO:0044424,GO:0044464,GO:0044550,GO:0045087,GO:0045088,GO:0045089,GO:0045893,GO:0045935,GO:0046677,GO:0046686,GO:0048518,GO:0048522,GO:0048583,GO:0048584,GO:0048869,GO:0048878,GO:0050776,GO:0050778,GO:0050789,GO:0050794,GO:0050801,GO:0050896,GO:0051171,GO:0051173,GO:0051252,GO:0051254,GO:0051365,GO:0051704,GO:0051707,GO:0051716,GO:0055065,GO:0055080,GO:0060255,GO:0065007,GO:0065008,GO:0070887,GO:0071241,GO:0071248,GO:0071281,GO:0071310,GO:0071369,GO:0071495,GO:0071496,GO:0071704,GO:0071731,GO:0071732,GO:0080090,GO:0080134,GO:0097159,GO:0097366,GO:0097501,GO:0098542,GO:0098771,GO:0140110,GO:1901360,GO:1901362,GO:1901363,GO:1901576,GO:1901698,GO:1901699,GO:1901700,GO:1901701,GO:1902170,GO:1902680,GO:1903338,GO:1903506,GO:1903508,GO:1990359,GO:1990532,GO:1990641,GO:2000112,GO:2000652,GO:2001141",ko:K09422,,K,Myb-like DNA-binding domain
LOC102587289,OG0012668,2.263130854,0.003984519,4113.PGSC0003DMT400023502,"GO:0000302,GO:0001067,GO:0001101,GO:0002376,GO:0003674,GO:0003676,GO:0003677,GO:0003700,GO:0005488,GO:0005575,GO:0005622,GO:0005623,GO:0005634,GO:0005737,GO:0006355,GO:0006950,GO:0006952,GO:0006955,GO:0006979,GO:0007275,GO:0007568,GO:0008150,GO:0009507,GO:0009536,GO:0009605,GO:0009607,GO:0009617,GO:0009636,GO:0009719,GO:0009725,GO:0009751,GO:0009814,GO:0009816,GO:0009889,GO:0009891,GO:0009893,GO:0010033,GO:0010035,GO:0010150,GO:0010193,GO:0010200,GO:0010243,GO:0010468,GO:0010556,GO:0010557,GO:0010604,GO:0010628,GO:0014070,GO:0019219,GO:0019222,GO:0031323,GO:0031325,GO:0031326,GO:0031328,GO:0031347,GO:0032501,GO:0032502,GO:0042221,GO:0042493,GO:0042542,GO:0042742,GO:0043207,GO:0043226,GO:0043227,GO:0043229,GO:0043231,GO:0044212,GO:0044424,GO:0044444,GO:0044464,GO:0045087,GO:0045893,GO:0045935,GO:0046677,GO:0048366,GO:0048367,GO:0048518,GO:0048522,GO:0048583,GO:0048731,GO:0048827,GO:0048856,GO:0050789,GO:0050794,GO:0050896,GO:0051171,GO:0051173,GO:0051252,GO:0051254,GO:0051704,GO:0051707,GO:0060255,GO:0065007,GO:0080090,GO:0080134,GO:0090693,GO:0097159,GO:0098542,GO:0099402,GO:0140110,GO:1901363,GO:1901698,GO:1901700,GO:1902680,GO:1903506,GO:1903508,GO:2000112,GO:2001141",,,K,DNA binding domain
LOC102577840,OG0008519,1.289197846,0.004006864,4113.PGSC0003DMT400029949,"GO:0001505,GO:0003674,GO:0003824,GO:0004793,GO:0005575,GO:0005622,GO:0005623,GO:0005737,GO:0005829,GO:0006082,GO:0006520,GO:0006544,GO:0006545,GO:0006566,GO:0006567,GO:0006807,GO:0008150,GO:0008152,GO:0008652,GO:0008732,GO:0009056,GO:0009058,GO:0009063,GO:0009066,GO:0009068,GO:0009069,GO:0009070,GO:0009987,GO:0016053,GO:0016054,GO:0016829,GO:0016830,GO:0016832,GO:0017144,GO:0019752,GO:0042133,GO:0042136,GO:0043436,GO:0044237,GO:0044238,GO:0044248,GO:0044249,GO:0044281,GO:0044282,GO:0044283,GO:0044424,GO:0044444,GO:0044464,GO:0046394,GO:0046395,GO:0065007,GO:0065008,GO:0071704,GO:1901564,GO:1901565,GO:1901566,GO:1901575,GO:1901576,GO:1901605,GO:1901606,GO:1901607",ko:K01620,"ko00260,ko01100,ko01110,ko01120,ko01130,ko01230,map00260,map01100,map01110,map01120,map01130,map01230",E,low-specificity L-threonine aldolase 1
LOC102586388,OG0010388,-1.05499034,0.00406244,4113.PGSC0003DMT400011598,"GO:0000003,GO:0003674,GO:0003676,GO:0003677,GO:0003700,GO:0005488,GO:0005575,GO:0005622,GO:0005623,GO:0005634,GO:0006355,GO:0006950,GO:0007154,GO:0008150,GO:0009267,GO:0009566,GO:0009567,GO:0009605,GO:0009888,GO:0009889,GO:0009891,GO:0009893,GO:0009987,GO:0009991,GO:0010087,GO:0010088,GO:0010089,GO:0010468,GO:0010556,GO:0010557,GO:0010604,GO:0010628,GO:0016036,GO:0019219,GO:0019222,GO:0019953,GO:0022414,GO:0031323,GO:0031325,GO:0031326,GO:0031328,GO:0031667,GO:0031668,GO:0031669,GO:0032502,GO:0033554,GO:0042594,GO:0043226,GO:0043227,GO:0043229,GO:0043231,GO:0043565,GO:0044424,GO:0044464,GO:0044703,GO:0045893,GO:0045935,GO:0048518,GO:0048522,GO:0048856,GO:0050789,GO:0050794,GO:0050896,GO:0051171,GO:0051173,GO:0051252,GO:0051254,GO:0051704,GO:0051716,GO:0060255,GO:0065007,GO:0071496,GO:0080090,GO:0097159,GO:0140110,GO:1901363,GO:1902680,GO:1903506,GO:1903508,GO:2000112,GO:2001141",,,K,Myb family transcription factor APL-like isoform X1
LOC102599308,OG0005943,1.002379779,0.00406244,4113.PGSC0003DMT400078635,,,,P,Heavy metal-associated isoprenylated plant protein
LOC102604552,OG0000309,-1.03698761,0.004186662,4113.PGSC0003DMT400041157,"GO:0005575,GO:0005622,GO:0005623,GO:0005737,GO:0009507,GO:0009526,GO:0009532,GO:0009534,GO:0009535,GO:0009536,GO:0009570,GO:0009579,GO:0009941,GO:0010287,GO:0016020,GO:0031967,GO:0031975,GO:0031976,GO:0031984,GO:0034357,GO:0042651,GO:0043226,GO:0043227,GO:0043229,GO:0043231,GO:0044422,GO:0044424,GO:0044434,GO:0044435,GO:0044436,GO:0044444,GO:0044446,GO:0044464,GO:0055035",,,C,Aldo/keto reductase family
LOC102603100,OG0014347,1.042318906,0.004374531,4113.PGSC0003DMT400003391,,,,S,Protein of unknown function (DUF1997)
LOC102592126,OG0004848,-1.487367774,0.004382052,4113.PGSC0003DMT400049398,"GO:0003674,GO:0003824,GO:0005575,GO:0005622,GO:0005623,GO:0005737,GO:0005794,GO:0005802,GO:0006629,GO:0006643,GO:0006665,GO:0006807,GO:0008150,GO:0008152,GO:0008610,GO:0009058,GO:0009987,GO:0012505,GO:0016740,GO:0016757,GO:0016758,GO:0030148,GO:0031984,GO:0043226,GO:0043227,GO:0043229,GO:0043231,GO:0044237,GO:0044238,GO:0044249,GO:0044255,GO:0044422,GO:0044424,GO:0044431,GO:0044444,GO:0044446,GO:0044464,GO:0045140,GO:0046467,GO:0071704,GO:0098791,GO:1901564,GO:1901566,GO:1901576",ko:K04714,"ko00600,ko01100,ko04071,map00600,map01100,map04071",S,Phosphatidylinositol ceramide inositolphosphotransferase
LOC102580857,OG0002974,1.1687088,0.004552744,4098.XP_009613683.1,"GO:0001101,GO:0003674,GO:0005488,GO:0005515,GO:0005575,GO:0005622,GO:0005623,GO:0005737,GO:0006457,GO:0006950,GO:0006970,GO:0008150,GO:0009266,GO:0009409,GO:0009414,GO:0009415,GO:0009507,GO:0009534,GO:0009536,GO:0009579,GO:0009628,GO:0009651,GO:0009987,GO:0010035,GO:0031976,GO:0031984,GO:0042221,GO:0043226,GO:0043227,GO:0043229,GO:0043231,GO:0044183,GO:0044422,GO:0044424,GO:0044434,GO:0044435,GO:0044444,GO:0044446,GO:0044464,GO:0050896,GO:0061077,GO:1901700",,,S,RbcX protein
LOC107058570,OG0009325,2.180602713,0.004636591,4113.PGSC0003DMT400059007,,,,S,Domain of unknown function (DUF4228)
LOC102605073,OG0008183,1.240119718,0.004794876,4113.PGSC0003DMT400042400,"GO:0001067,GO:0003674,GO:0003676,GO:0003677,GO:0003700,GO:0005488,GO:0006355,GO:0006950,GO:0007154,GO:0008150,GO:0009267,GO:0009605,GO:0009889,GO:0009890,GO:0009892,GO:0009987,GO:0009991,GO:0010033,GO:0010036,GO:0010200,GO:0010243,GO:0010468,GO:0010556,GO:0010558,GO:0010605,GO:0010629,GO:0016036,GO:0019219,GO:0019222,GO:0031323,GO:0031324,GO:0031326,GO:0031327,GO:0031667,GO:0031668,GO:0031669,GO:0033554,GO:0042221,GO:0042493,GO:0042594,GO:0044212,GO:0045892,GO:0045934,GO:0048519,GO:0048523,GO:0050789,GO:0050794,GO:0050896,GO:0051171,GO:0051172,GO:0051252,GO:0051253,GO:0051716,GO:0060255,GO:0065007,GO:0070887,GO:0071496,GO:0080029,GO:0080090,GO:0080169,GO:0097159,GO:0140110,GO:1901363,GO:1901698,GO:1901700,GO:1902679,GO:1903506,GO:1903507,GO:2000112,GO:2000113,GO:2001141",,,K,DNA binding domain
LOC102583191,OG0000147,-1.122670301,0.004794876,4113.PGSC0003DMT400076450,"GO:0003333,GO:0003674,GO:0005215,GO:0005290,GO:0005342,GO:0005575,GO:0005622,GO:0005623,GO:0005737,GO:0005739,GO:0005740,GO:0005743,GO:0006810,GO:0006811,GO:0006812,GO:0006820,GO:0006839,GO:0006855,GO:0006865,GO:0008150,GO:0008324,GO:0008509,GO:0008514,GO:0015075,GO:0015171,GO:0015174,GO:0015179,GO:0015181,GO:0015189,GO:0015238,GO:0015318,GO:0015711,GO:0015802,GO:0015807,GO:0015809,GO:0015849,GO:0015893,GO:0016020,GO:0016021,GO:0019866,GO:0022857,GO:0031090,GO:0031224,GO:0031966,GO:0031967,GO:0031975,GO:0034220,GO:0042221,GO:0042493,GO:0043226,GO:0043227,GO:0043229,GO:0043231,GO:0044422,GO:0044424,GO:0044425,GO:0044429,GO:0044444,GO:0044446,GO:0044464,GO:0045117,GO:0046942,GO:0046943,GO:0050896,GO:0051179,GO:0051234,GO:0055085,GO:0071702,GO:0071705,GO:0089709,GO:0098655,GO:0098656,GO:1901474,GO:1902022,GO:1902475,GO:1903401,GO:1903825,GO:1903826,GO:1905039,GO:1990822",ko:K15109,"ko04714,map04714",C,Belongs to the mitochondrial carrier (TC 2.A.29) family
LOC102591815,OG0013946,-1.41178536,0.004830189,4113.PGSC0003DMT400036997,,,,,
LOC102591077,OG0004162,1.127708504,0.004886815,2711.XP_006483348.1,,ko:K14638,,E,POT family
LOC102600451,OG0000110,-1.178282872,0.005104998,4113.PGSC0003DMT400046807,,,,T,Leucine Rich repeats (2 copies)
LOC102598357,OG0002385,1.213904442,0.005171898,4113.PGSC0003DMT400074806,,,,S,Protein of unknown function (DUF642)
LOC102588077,OG0000451,2.12164947,0.005229343,4113.PGSC0003DMT400072433,,,,S,Nodulin-like
LOC102604320,OG0001156,-1.503269307,0.005229343,4113.PGSC0003DMT400034899,,ko:K08912,"ko00196,ko01100,map00196,map01100",C,"The light-harvesting complex (LHC) functions as a light receptor, it captures and delivers excitation energy to photosystems with which it is closely associated"
LOC107058738,OG0001261,-1.192254932,0.005229343,NA,NA,NA,NA,NA,NA
LOC102596643,OG0008757,-1.09726084,0.005294019,4113.PGSC0003DMT400035882,"GO:0001101,GO:0003674,GO:0005215,GO:0005575,GO:0005623,GO:0005886,GO:0006810,GO:0006811,GO:0006820,GO:0006950,GO:0008150,GO:0008509,GO:0009414,GO:0009415,GO:0009628,GO:0010035,GO:0010167,GO:0015075,GO:0015103,GO:0015112,GO:0015318,GO:0015698,GO:0015706,GO:0016020,GO:0022857,GO:0034220,GO:0042221,GO:0044464,GO:0050896,GO:0051179,GO:0051234,GO:0055085,GO:0071705,GO:0071944,GO:0098656,GO:1901698,GO:1901700",ko:K14638,,P,POT family
LOC102606320,OG0000028,-1.021802463,0.005337127,4113.PGSC0003DMT400026646,"GO:0005575,GO:0005622,GO:0005623,GO:0005634,GO:0005737,GO:0005829,GO:0005886,GO:0016020,GO:0043226,GO:0043227,GO:0043229,GO:0043231,GO:0044424,GO:0044444,GO:0044464,GO:0071944",ko:K19996,,I,"CRAL/TRIO, N-terminal domain"
LOC102589531,OG0000273,1.243319531,0.005504434,4113.PGSC0003DMT400064817,"GO:0001676,GO:0003674,GO:0003824,GO:0004467,GO:0005575,GO:0005622,GO:0005623,GO:0005737,GO:0005783,GO:0005911,GO:0006082,GO:0006629,GO:0006631,GO:0006950,GO:0006952,GO:0007275,GO:0008150,GO:0008152,GO:0009058,GO:0009059,GO:0009506,GO:0009605,GO:0009607,GO:0009620,GO:0009653,GO:0009791,GO:0009987,GO:0010015,GO:0010101,GO:0010102,GO:0010143,GO:0010311,GO:0012505,GO:0015645,GO:0016405,GO:0016874,GO:0016877,GO:0016878,GO:0019752,GO:0022622,GO:0030054,GO:0031957,GO:0032501,GO:0032502,GO:0032787,GO:0043170,GO:0043207,GO:0043226,GO:0043227,GO:0043229,GO:0043231,GO:0043436,GO:0044237,GO:0044238,GO:0044255,GO:0044281,GO:0044424,GO:0044444,GO:0044464,GO:0048364,GO:0048527,GO:0048528,GO:0048646,GO:0048731,GO:0048856,GO:0050832,GO:0050896,GO:0051704,GO:0051707,GO:0055044,GO:0071704,GO:0090696,GO:0090697,GO:0090698,GO:0098542,GO:0099402,GO:1901576,GO:1905392,GO:1905393",ko:K01897,"ko00061,ko00071,ko01100,ko01212,ko02024,ko03320,ko04146,ko04216,ko04714,ko04920,map00061,map00071,map01100,map01212,map02024,map03320,map04146,map04216,map04714,map04920",I,acyl-CoA synthetase 2
LOC102581489,OG0000451,1.138787386,0.005504434,4113.PGSC0003DMT400013851,"GO:0005575,GO:0005623,GO:0005886,GO:0005911,GO:0009506,GO:0016020,GO:0030054,GO:0044464,GO:0055044,GO:0071944",,,T,Cytochrome b-561 / ferric reductase transmembrane domain.
LOC107062002,OG0001972,-1.121953959,0.005504434,4113.PGSC0003DMT400080553,"GO:0003674,GO:0003676,GO:0003723,GO:0003824,GO:0004518,GO:0004519,GO:0005488,GO:0005575,GO:0005622,GO:0005623,GO:0006139,GO:0006725,GO:0006807,GO:0006996,GO:0008150,GO:0008152,GO:0009451,GO:0009657,GO:0009658,GO:0009987,GO:0016043,GO:0016070,GO:0016787,GO:0016788,GO:0034641,GO:0043170,GO:0043226,GO:0043227,GO:0043229,GO:0043231,GO:0043412,GO:0044237,GO:0044238,GO:0044424,GO:0044464,GO:0046483,GO:0071704,GO:0071840,GO:0090304,GO:0090305,GO:0097159,GO:1901360,GO:1901363",,,S,Pentatricopeptide repeat-containing protein
LOC107058868,OG0000145,1.432476098,0.005770519,4113.PGSC0003DMT400033777,,,,S,VQ motif
LOC102591853,OG0002887,-1.234830232,0.005815651,4113.PGSC0003DMT400031252,,ko:K13993,"ko04141,map04141",O,Belongs to the small heat shock protein (HSP20) family
LOC102594619,OG0004281,1.342373956,0.005854667,4113.PGSC0003DMT400037826,,ko:K14516,"ko04016,ko04075,map04016,map04075",K,DNA-binding domain in plant proteins such as APETALA2 and EREBPs
LOC102579084,OG0002837,-1.320651101,0.005883779,4113.PGSC0003DMT400059966,"GO:0003674,GO:0003824,GO:0004791,GO:0004857,GO:0005488,GO:0005515,GO:0005575,GO:0005622,GO:0005623,GO:0005737,GO:0005829,GO:0006109,GO:0006950,GO:0006979,GO:0008047,GO:0008150,GO:0008152,GO:0009314,GO:0009416,GO:0009507,GO:0009532,GO:0009534,GO:0009536,GO:0009570,GO:0009579,GO:0009628,GO:0009636,GO:0009642,GO:0009987,GO:0015035,GO:0015036,GO:0016209,GO:0016491,GO:0016651,GO:0016667,GO:0016668,GO:0016671,GO:0019222,GO:0019725,GO:0019904,GO:0030234,GO:0031976,GO:0031984,GO:0033554,GO:0034599,GO:0042221,GO:0042592,GO:0043085,GO:0043086,GO:0043226,GO:0043227,GO:0043229,GO:0043231,GO:0044092,GO:0044093,GO:0044422,GO:0044424,GO:0044434,GO:0044435,GO:0044444,GO:0044446,GO:0044464,GO:0045454,GO:0047134,GO:0050789,GO:0050790,GO:0050794,GO:0050896,GO:0051716,GO:0055114,GO:0065007,GO:0065008,GO:0065009,GO:0070887,GO:0080090,GO:0097237,GO:0098754,GO:0098772,GO:0098869,GO:1990748",ko:K03671,"ko04621,ko05418,map04621,map05418",O,Thioredoxin
LOC102603728,OG0001617,-1.14495386,0.005922059,NA,NA,NA,NA,NA,NA
LOC102586921,OG0009853,-1.055422937,0.005994083,4113.PGSC0003DMT400074062,,,,S,Protein of unknown function (DUF1295)
LOC102586971,OG0004706,1.451259269,0.006008148,4081.Solyc09g090180.1.1,,,,S,Protein of unknown function (DUF640)
GBSS,NA,-1.069810417,0.006030518,4113.PGSC0003DMT400031568,"GO:0000166,GO:0000271,GO:0003674,GO:0003824,GO:0004373,GO:0005488,GO:0005575,GO:0005622,GO:0005623,GO:0005737,GO:0005975,GO:0005976,GO:0005982,GO:0006073,GO:0008150,GO:0008152,GO:0008194,GO:0009011,GO:0009058,GO:0009059,GO:0009250,GO:0009501,GO:0009507,GO:0009536,GO:0009569,GO:0009987,GO:0016051,GO:0016740,GO:0016757,GO:0016758,GO:0017076,GO:0019252,GO:0019863,GO:0019865,GO:0030554,GO:0032553,GO:0032555,GO:0032559,GO:0033692,GO:0034637,GO:0034645,GO:0035251,GO:0036094,GO:0043036,GO:0043167,GO:0043168,GO:0043170,GO:0043226,GO:0043227,GO:0043229,GO:0043231,GO:0043531,GO:0044042,GO:0044237,GO:0044238,GO:0044249,GO:0044260,GO:0044262,GO:0044264,GO:0044422,GO:0044424,GO:0044434,GO:0044435,GO:0044444,GO:0044446,GO:0044464,GO:0044877,GO:0046527,GO:0071704,GO:0097159,GO:0097367,GO:1901265,GO:1901363,GO:1901576",ko:K13679,"ko00500,ko01100,ko01110,map00500,map01100,map01110",H,"Granule-bound starch synthase 1, chloroplastic amyloplastic"
LOC102589962,OG0002982,1.878402907,0.00611515,4113.PGSC0003DMT400006654,,,,G,Beta-galactosidase
LOC102598607,OG0001483,1.642435761,0.00623455,4098.XP_009631261.1,"GO:0005575,GO:0005622,GO:0005623,GO:0005634,GO:0005737,GO:0005829,GO:0043226,GO:0043227,GO:0043229,GO:0043231,GO:0044424,GO:0044444,GO:0044464",,,G,Cytokinin-activating enzyme working in the direct activation pathway. Phosphoribohydrolase that converts inactive cytokinin nucleotides to the biologically active free-base forms
LOC102600534,NA,-1.389345297,0.006235153,4113.PGSC0003DMT400004187,,ko:K14488,"ko04075,map04075",S,Auxin-induced protein 15A-like
LOC102598583,OG0000128,1.208066346,0.006280905,4081.Solyc10g075090.1.1,"GO:0005575,GO:0006810,GO:0006869,GO:0008150,GO:0010876,GO:0016020,GO:0033036,GO:0051179,GO:0051234,GO:0071702",,,C,Plant non-specific lipid-transfer proteins transfer phospholipids as well as galactolipids across membranes. May play a role in wax or cutin deposition in the cell walls of expanding epidermal cells and certain secretory tissues
LOC102597952,OG0011763,2.215946753,0.00628176,4113.PGSC0003DMT400031202,"GO:0005575,GO:0006810,GO:0006869,GO:0008150,GO:0010876,GO:0016020,GO:0033036,GO:0051179,GO:0051234,GO:0071702",,,C,Plant non-specific lipid-transfer proteins transfer phospholipids as well as galactolipids across membranes. May play a role in wax or cutin deposition in the cell walls of expanding epidermal cells and certain secretory tissues
LOC102585558,OG0003605,2.09546752,0.006297669,4113.PGSC0003DMT400097765,,,,O,RING-H2 zinc finger domain
LOC102596966,OG0001616,-2.236154795,0.006477944,4113.PGSC0003DMT400050232,,ko:K08910,"ko00196,map00196",P,"The light-harvesting complex (LHC) functions as a light receptor, it captures and delivers excitation energy to photosystems with which it is closely associated"
LOC102599447,OG0001542,1.458709639,0.006481465,4081.Solyc06g010010.1.1,"GO:0005575,GO:0005623,GO:0005886,GO:0006950,GO:0006952,GO:0008150,GO:0016020,GO:0044464,GO:0050896,GO:0071944",ko:K08472,,G,May be involved in modulation of pathogen defense and leaf cell death
LOC102592790,NA,1.345446617,0.006515583,4081.Solyc04g079820.2.1,"GO:0001101,GO:0003674,GO:0003824,GO:0004439,GO:0005575,GO:0005623,GO:0005886,GO:0006629,GO:0006644,GO:0006650,GO:0006661,GO:0006793,GO:0006796,GO:0006950,GO:0006970,GO:0008150,GO:0008152,GO:0008610,GO:0008654,GO:0009058,GO:0009628,GO:0009651,GO:0009719,GO:0009725,GO:0009733,GO:0009737,GO:0009753,GO:0009987,GO:0010033,GO:0016020,GO:0016311,GO:0016787,GO:0016788,GO:0016791,GO:0019637,GO:0030258,GO:0033993,GO:0034485,GO:0034593,GO:0034594,GO:0034595,GO:0036092,GO:0042221,GO:0042578,GO:0043813,GO:0044237,GO:0044238,GO:0044249,GO:0044255,GO:0044464,GO:0045017,GO:0046474,GO:0046486,GO:0046488,GO:0046839,GO:0046856,GO:0050896,GO:0052866,GO:0071704,GO:0071944,GO:0090407,GO:0097305,GO:0106018,GO:0106019,GO:1901576,GO:1901700","ko:K01106,ko:K20278,ko:K20279","ko00562,ko01100,ko04070,map00562,map01100,map04070",U,"Inositol polyphosphate phosphatase, catalytic domain homologues"
LOC102589532,OG0000504,-1.356580512,0.0066686,4113.PGSC0003DMT400092927,,ko:K08912,"ko00196,ko01100,map00196,map01100",C,"The light-harvesting complex (LHC) functions as a light receptor, it captures and delivers excitation energy to photosystems with which it is closely associated"
LOC102583646,OG0011620,-1.440878363,0.006688261,4113.PGSC0003DMT400083158,,ko:K08910,"ko00196,map00196",P,"The light-harvesting complex (LHC) functions as a light receptor, it captures and delivers excitation energy to photosystems with which it is closely associated"
LOC102582553,OG0000215,2.46078216,0.006723912,4113.PGSC0003DMT400012487,"GO:0005575,GO:0005622,GO:0005623,GO:0005634,GO:0006355,GO:0008150,GO:0009889,GO:0010468,GO:0010556,GO:0019219,GO:0019222,GO:0031323,GO:0031326,GO:0043226,GO:0043227,GO:0043229,GO:0043231,GO:0044424,GO:0044464,GO:0048580,GO:0048583,GO:0048586,GO:0048587,GO:0050789,GO:0050793,GO:0050794,GO:0051171,GO:0051239,GO:0051252,GO:0060255,GO:0065007,GO:0080090,GO:1903506,GO:2000026,GO:2000028,GO:2000112,GO:2000241,GO:2001141",,,K,helix loop helix domain
LOC102585581,OG0011873,1.15299928,0.006723912,4113.PGSC0003DMT400056916,"GO:0000003,GO:0003006,GO:0003674,GO:0003700,GO:0005575,GO:0005622,GO:0005623,GO:0005634,GO:0006355,GO:0007154,GO:0007165,GO:0007275,GO:0008150,GO:0009653,GO:0009719,GO:0009725,GO:0009733,GO:0009734,GO:0009755,GO:0009790,GO:0009791,GO:0009793,GO:0009888,GO:0009889,GO:0009933,GO:0009987,GO:0010014,GO:0010016,GO:0010033,GO:0010072,GO:0010154,GO:0010468,GO:0010556,GO:0019219,GO:0019222,GO:0022414,GO:0022622,GO:0023052,GO:0031323,GO:0031326,GO:0032501,GO:0032502,GO:0032870,GO:0042221,GO:0043226,GO:0043227,GO:0043229,GO:0043231,GO:0044424,GO:0044464,GO:0048316,GO:0048364,GO:0048367,GO:0048507,GO:0048508,GO:0048527,GO:0048528,GO:0048532,GO:0048608,GO:0048731,GO:0048856,GO:0050789,GO:0050794,GO:0050896,GO:0051171,GO:0051252,GO:0051716,GO:0060255,GO:0061458,GO:0065007,GO:0070887,GO:0071310,GO:0071365,GO:0071495,GO:0080090,GO:0090421,GO:0090696,GO:0099402,GO:0140110,GO:1903506,GO:2000112,GO:2001141",,,K,No apical meristem (NAM) protein
LOC102606278,OG0008367,-1.275756703,0.006902522,4113.PGSC0003DMT400031969,,ko:K17479,,O,Glutaredoxin
LOC102578315,OG0000226,-1.251130934,0.006933013,4113.PGSC0003DMT400045836,,,,S,peptidase inhibitor activity
LOC102584145,OG0000067,1.879421476,0.00724651,4113.PGSC0003DMT400056122,"GO:0000902,GO:0003674,GO:0003824,GO:0005575,GO:0005622,GO:0005623,GO:0005737,GO:0006725,GO:0006790,GO:0006807,GO:0007154,GO:0007165,GO:0008150,GO:0008152,GO:0009058,GO:0009314,GO:0009403,GO:0009404,GO:0009416,GO:0009507,GO:0009536,GO:0009628,GO:0009653,GO:0009700,GO:0009719,GO:0009725,GO:0009733,GO:0009734,GO:0009755,GO:0009826,GO:0009889,GO:0009891,GO:0009893,GO:0009987,GO:0010033,GO:0010120,GO:0010252,GO:0010279,GO:0016043,GO:0016049,GO:0016874,GO:0016879,GO:0016881,GO:0018130,GO:0019222,GO:0019438,GO:0019748,GO:0023052,GO:0031323,GO:0031325,GO:0031326,GO:0031328,GO:0032502,GO:0032870,GO:0032989,GO:0034641,GO:0040007,GO:0042221,GO:0042430,GO:0042435,GO:0042592,GO:0042762,GO:0043226,GO:0043227,GO:0043229,GO:0043231,GO:0043455,GO:0044237,GO:0044249,GO:0044271,GO:0044272,GO:0044424,GO:0044444,GO:0044464,GO:0044550,GO:0046217,GO:0046483,GO:0048518,GO:0048522,GO:0048589,GO:0048856,GO:0048869,GO:0048878,GO:0050789,GO:0050794,GO:0050896,GO:0051171,GO:0051173,GO:0051176,GO:0051716,GO:0052314,GO:0052315,GO:0052317,GO:0052318,GO:0052319,GO:0052320,GO:0052322,GO:0060560,GO:0065007,GO:0065008,GO:0070887,GO:0071310,GO:0071365,GO:0071495,GO:0071704,GO:0071840,GO:1900376,GO:1900378,GO:1901182,GO:1901183,GO:1901360,GO:1901362,GO:1901564,GO:1901566,GO:1901576",ko:K14487,"ko04075,map04075",S,Indole-3-acetic acid-amido synthetase GH3.6
LOC102585106,OG0006132,1.011889859,0.007326667,4113.PGSC0003DMT400027247,"GO:0005575,GO:0005622,GO:0005623,GO:0005737,GO:0009507,GO:0009536,GO:0043226,GO:0043227,GO:0043229,GO:0043231,GO:0044424,GO:0044444,GO:0044464",,,G,GDP-fucose protein O-fucosyltransferase
LOC102596090,OG0005091,-2.305997818,0.007397088,4113.PGSC0003DMT400043275,"GO:0007275,GO:0008150,GO:0009653,GO:0009791,GO:0009888,GO:0009987,GO:0010016,GO:0010052,GO:0010103,GO:0010374,GO:0030154,GO:0032501,GO:0032502,GO:0048367,GO:0048731,GO:0048856,GO:0048869,GO:0090558,GO:0090626,GO:0090627,GO:0090698",,,S,Epidermal patterning factor proteins
LOC102577806,OG0002723,1.273531923,0.007397088,4113.PGSC0003DMT400004686,"GO:0000272,GO:0001101,GO:0003674,GO:0003824,GO:0004553,GO:0005575,GO:0005622,GO:0005623,GO:0005634,GO:0005737,GO:0005829,GO:0005975,GO:0005976,GO:0005982,GO:0005983,GO:0006073,GO:0006950,GO:0008150,GO:0008152,GO:0009056,GO:0009057,GO:0009251,GO:0009414,GO:0009415,GO:0009628,GO:0009987,GO:0010035,GO:0016052,GO:0016160,GO:0016161,GO:0016787,GO:0016798,GO:0042221,GO:0043170,GO:0043226,GO:0043227,GO:0043229,GO:0043231,GO:0044042,GO:0044237,GO:0044238,GO:0044247,GO:0044248,GO:0044260,GO:0044262,GO:0044264,GO:0044275,GO:0044424,GO:0044444,GO:0044464,GO:0050896,GO:0071704,GO:1901575,GO:1901700",ko:K01177,"ko00500,map00500",G,Beta-amylase 3
LOC102598482,OG0003394,2.578034972,0.007427333,4113.PGSC0003DMT400097427,"GO:0003674,GO:0003824,GO:0005575,GO:0005622,GO:0005623,GO:0005737,GO:0008150,GO:0008152,GO:0008168,GO:0008757,GO:0016740,GO:0016741,GO:0032259,GO:0044424,GO:0044464",,,Q,Methyltransferase domain
LOC102578838,OG0005049,1.46187935,0.007537625,4113.PGSC0003DMT400079776,"GO:0002376,GO:0003674,GO:0003824,GO:0005575,GO:0005623,GO:0005886,GO:0006950,GO:0006952,GO:0006955,GO:0008150,GO:0009605,GO:0009607,GO:0009814,GO:0009825,GO:0009987,GO:0016020,GO:0016043,GO:0016049,GO:0016829,GO:0016835,GO:0016837,GO:0030570,GO:0031224,GO:0031225,GO:0031226,GO:0040007,GO:0042545,GO:0042547,GO:0043207,GO:0044425,GO:0044459,GO:0044464,GO:0045087,GO:0045229,GO:0046658,GO:0050896,GO:0051704,GO:0051707,GO:0071554,GO:0071555,GO:0071840,GO:0071944,GO:0098542",ko:K01728,"ko00040,ko02024,map00040,map02024",G,Amb_all
LOC102598045,NA,1.887830952,0.007643903,4081.Solyc06g075090.2.1,"GO:0005575,GO:0005622,GO:0005623,GO:0005634,GO:0005737,GO:0005829,GO:0043226,GO:0043227,GO:0043229,GO:0043231,GO:0044424,GO:0044444,GO:0044464",,,G,Cytokinin-activating enzyme working in the direct activation pathway. Phosphoribohydrolase that converts inactive cytokinin nucleotides to the biologically active free-base forms
LOC102588093,OG0007547,1.478151522,0.007655488,4081.Solyc09g014990.2.1,,ko:K13424,"ko04016,ko04626,map04016,map04626",K,DNA binding domain
LOC102606161,OG0002051,-1.197761065,0.00775508,4113.PGSC0003DMT400075608,,ko:K05298,"ko00710,ko01100,ko01120,ko01200,map00710,map01100,map01120,map01200",G,Glyceraldehyde-3-phosphate dehydrogenase B
LOC102586908,OG0003105,1.167771655,0.008021307,4081.Solyc07g017610.2.1,"GO:0003674,GO:0003824,GO:0004753,GO:0005575,GO:0005622,GO:0005623,GO:0005737,GO:0006082,GO:0006091,GO:0006520,GO:0006553,GO:0006807,GO:0008150,GO:0008152,GO:0008652,GO:0009058,GO:0009066,GO:0009067,GO:0009085,GO:0009987,GO:0016053,GO:0016491,GO:0016645,GO:0016646,GO:0019752,GO:0019878,GO:0043436,GO:0044237,GO:0044238,GO:0044249,GO:0044281,GO:0044283,GO:0044424,GO:0044464,GO:0046394,GO:0055114,GO:0071704,GO:1901564,GO:1901566,GO:1901576,GO:1901605,GO:1901607","ko:K00293,ko:K14157","ko00300,ko00310,ko01100,ko01110,ko01130,ko01230,map00300,map00310,map01100,map01110,map01130,map01230",E,Alpha-aminoadipic semialdehyde
LOC107060372,OG0004639,2.377718305,0.008317263,29760.VIT_04s0008g04840.t01,,,,Q,Belongs to the ABC transporter superfamily. ABCG family. PDR (TC 3.A.1.205) subfamily
LOC102580947,OG0000066,1.080045913,0.008317263,4113.PGSC0003DMT400048020,"GO:0001666,GO:0002218,GO:0002253,GO:0002376,GO:0002682,GO:0002684,GO:0003674,GO:0003824,GO:0004497,GO:0006950,GO:0006952,GO:0006955,GO:0007154,GO:0007165,GO:0008150,GO:0008152,GO:0008219,GO:0009605,GO:0009607,GO:0009617,GO:0009620,GO:0009626,GO:0009627,GO:0009628,GO:0009814,GO:0009870,GO:0009987,GO:0010204,GO:0012501,GO:0016491,GO:0023052,GO:0031347,GO:0031349,GO:0033554,GO:0034050,GO:0036293,GO:0036294,GO:0042221,GO:0042742,GO:0043207,GO:0045087,GO:0045088,GO:0045089,GO:0048518,GO:0048583,GO:0048584,GO:0050776,GO:0050778,GO:0050789,GO:0050794,GO:0050832,GO:0050896,GO:0051704,GO:0051707,GO:0051716,GO:0055114,GO:0065007,GO:0070482,GO:0070887,GO:0071453,GO:0071456,GO:0080134,GO:0098542",ko:K00485,"ko00982,ko01120,map00982,map01120",Q,flavin-containing monooxygenase
LOC102588449,OG0000598,-1.098833104,0.008384237,4113.PGSC0003DMT400071337,"GO:0000166,GO:0000302,GO:0003674,GO:0005488,GO:0005515,GO:0005524,GO:0005575,GO:0005576,GO:0005618,GO:0005622,GO:0005623,GO:0005737,GO:0005739,GO:0005773,GO:0005774,GO:0005794,GO:0005829,GO:0005886,GO:0006464,GO:0006807,GO:0006950,GO:0006979,GO:0008144,GO:0008150,GO:0008152,GO:0009266,GO:0009314,GO:0009408,GO:0009416,GO:0009605,GO:0009607,GO:0009615,GO:0009617,GO:0009628,GO:0009636,GO:0009642,GO:0009644,GO:0009987,GO:0010035,GO:0010038,GO:0012505,GO:0016020,GO:0016567,GO:0017076,GO:0019538,GO:0019899,GO:0030312,GO:0030554,GO:0031090,GO:0031625,GO:0032446,GO:0032553,GO:0032555,GO:0032559,GO:0035639,GO:0036094,GO:0036211,GO:0042221,GO:0042493,GO:0042542,GO:0043167,GO:0043168,GO:0043170,GO:0043207,GO:0043226,GO:0043227,GO:0043229,GO:0043231,GO:0043412,GO:0044237,GO:0044238,GO:0044260,GO:0044267,GO:0044389,GO:0044422,GO:0044424,GO:0044437,GO:0044444,GO:0044446,GO:0044464,GO:0046677,GO:0046686,GO:0048046,GO:0050896,GO:0051704,GO:0051707,GO:0070647,GO:0071704,GO:0071944,GO:0097159,GO:0097367,GO:0098588,GO:0098805,GO:1901265,GO:1901363,GO:1901564,GO:1901700",ko:K03283,"ko03040,ko04010,ko04141,ko04144,ko04213,ko04612,ko04915,ko05134,ko05145,ko05162,ko05164,ko05169,map03040,map04010,map04141,map04144,map04213,map04612,map04915,map05134,map05145,map05162,map05164,map05169",O,heat shock protein 70
LOC107060433,OG0002408,1.093854703,0.008510953,NA,NA,NA,NA,NA,NA
LOC102603161,OG0003403,1.449742575,0.008601992,4113.PGSC0003DMT400018310,,ko:K13356,"ko00073,ko04146,ko04212,map00073,map04146,map04212",I,Catalyzes the reduction of fatty acyl-CoA to fatty alcohols
LOC102597769,OG0014347,1.058001845,0.008698993,4081.Solyc08g006330.2.1,"GO:0000302,GO:0001101,GO:0003674,GO:0003824,GO:0005575,GO:0005622,GO:0005623,GO:0005737,GO:0005829,GO:0006082,GO:0006520,GO:0006725,GO:0006807,GO:0006950,GO:0006970,GO:0006972,GO:0006979,GO:0007154,GO:0007275,GO:0008150,GO:0008152,GO:0008194,GO:0009072,GO:0009414,GO:0009415,GO:0009605,GO:0009628,GO:0009636,GO:0009651,GO:0009653,GO:0009696,GO:0009719,GO:0009725,GO:0009737,GO:0009850,GO:0009987,GO:0009991,GO:0010016,GO:0010029,GO:0010030,GO:0010033,GO:0010035,GO:0010817,GO:0016740,GO:0016757,GO:0016758,GO:0016999,GO:0017144,GO:0018874,GO:0018958,GO:0019752,GO:0031668,GO:0032501,GO:0032502,GO:0032787,GO:0032870,GO:0033554,GO:0033993,GO:0034599,GO:0034614,GO:0034641,GO:0035251,GO:0035690,GO:0042221,GO:0042430,GO:0042445,GO:0042493,GO:0042537,GO:0042538,GO:0042542,GO:0042631,GO:0043226,GO:0043227,GO:0043229,GO:0043231,GO:0043436,GO:0044237,GO:0044238,GO:0044281,GO:0044424,GO:0044444,GO:0044464,GO:0046482,GO:0046483,GO:0046527,GO:0046677,GO:0048367,GO:0048518,GO:0048580,GO:0048582,GO:0048731,GO:0048856,GO:0050789,GO:0050793,GO:0050896,GO:0051094,GO:0051239,GO:0051240,GO:0051716,GO:0052638,GO:0052639,GO:0052640,GO:0052641,GO:0065007,GO:0065008,GO:0070301,GO:0070887,GO:0071214,GO:0071215,GO:0071229,GO:0071236,GO:0071310,GO:0071396,GO:0071462,GO:0071470,GO:0071472,GO:0071474,GO:0071475,GO:0071495,GO:0071496,GO:0071704,GO:0080002,GO:0080024,GO:0080043,GO:0080044,GO:0080167,GO:0090704,GO:0097237,GO:0097305,GO:0097306,GO:0104004,GO:1900140,GO:1901360,GO:1901564,GO:1901615,GO:1901700,GO:1901701,GO:2000026","ko:K11820,ko:K13691,ko:K21374","ko00380,ko00966,ko01110,ko01210,map00380,map00966,map01110,map01210",CG,Belongs to the UDP-glycosyltransferase family
LOC102595387,OG0001796,-1.060970668,0.008753883,4113.PGSC0003DMT400058739,"GO:0003674,GO:0003824,GO:0005575,GO:0005622,GO:0005623,GO:0008194,GO:0016740,GO:0016757,GO:0016758,GO:0035251,GO:0043226,GO:0043227,GO:0043229,GO:0043231,GO:0044424,GO:0044464,GO:0046527,GO:0080043,GO:0080044",ko:K17193,"ko00942,map00942",CG,UDP-glucoronosyl and UDP-glucosyl transferase
LOC102604299,OG0007740,1.44357399,0.008795662,4113.PGSC0003DMT400049292,,ko:K11153,"ko00830,ko01100,map00830,map01100",Q,"Short-chain dehydrogenase TIC 32, chloroplastic-like"
LOC102605377,OG0008030,1.90157387,0.009329568,4113.PGSC0003DMT400063542,"GO:0003674,GO:0003779,GO:0005488,GO:0005515,GO:0008092",,,TZ,Belongs to the formin-like family
LOC102583540,OG0004432,1.329687393,0.009329568,4113.PGSC0003DMT400039220,,,,S,Methyltransferase domain
LOC102596765,OG0011042,-1.627906183,0.009339621,4113.PGSC0003DMT400022698,,ko:K08912,"ko00196,ko01100,map00196,map01100",C,"The light-harvesting complex (LHC) functions as a light receptor, it captures and delivers excitation energy to photosystems with which it is closely associated"
LOC102595362,OG0010461,3.354818324,0.009376417,102107.XP_008238780.1,"GO:0003674,GO:0005215,GO:0006810,GO:0006855,GO:0008150,GO:0015238,GO:0015893,GO:0022857,GO:0042221,GO:0042493,GO:0050896,GO:0051179,GO:0051234,GO:0055085",ko:K03327,,V,Belongs to the multi antimicrobial extrusion (MATE) (TC 2.A.66.1) family
LOC107061416,OG0003117,2.637798531,0.009376417,NA,NA,NA,NA,NA,NA
LOC107060147,OG0001247,-1.38662579,0.010041439,4113.PGSC0003DMT400063308,"GO:0001101,GO:0002376,GO:0003674,GO:0003824,GO:0006082,GO:0006790,GO:0006807,GO:0006950,GO:0006952,GO:0006955,GO:0008146,GO:0008150,GO:0008152,GO:0009058,GO:0009605,GO:0009607,GO:0009611,GO:0009719,GO:0009725,GO:0009753,GO:0009814,GO:0009861,GO:0009987,GO:0010033,GO:0016143,GO:0016144,GO:0016740,GO:0016782,GO:0019748,GO:0019757,GO:0019758,GO:0019760,GO:0019761,GO:0032260,GO:0042221,GO:0043207,GO:0043436,GO:0044237,GO:0044249,GO:0044272,GO:0044281,GO:0044550,GO:0045087,GO:0047364,GO:0050896,GO:0051704,GO:0051707,GO:0071704,GO:0080066,GO:0080067,GO:0080068,GO:0080069,GO:0080070,GO:0080071,GO:0098542,GO:1901135,GO:1901137,GO:1901564,GO:1901566,GO:1901576,GO:1901657,GO:1901659,GO:1901700","ko:K11821,ko:K22321","ko00380,ko00966,ko01110,ko01210,map00380,map00966,map01110,map01210",S,Belongs to the sulfotransferase 1 family
LOC102585593,NA,1.329370472,0.010041439,4113.PGSC0003DMT400069641,,,,S,PB1 domain
LOC102580689,OG0005513,1.161123293,0.010153427,4113.PGSC0003DMT400034299,"GO:0001678,GO:0003674,GO:0003824,GO:0004340,GO:0004396,GO:0005575,GO:0005622,GO:0005623,GO:0005737,GO:0005739,GO:0005740,GO:0005741,GO:0005829,GO:0005975,GO:0006082,GO:0006090,GO:0006091,GO:0006096,GO:0006139,GO:0006163,GO:0006164,GO:0006165,GO:0006725,GO:0006732,GO:0006733,GO:0006753,GO:0006754,GO:0006757,GO:0006793,GO:0006796,GO:0006807,GO:0006950,GO:0006970,GO:0007275,GO:0008150,GO:0008152,GO:0008865,GO:0009056,GO:0009058,GO:0009108,GO:0009117,GO:0009123,GO:0009124,GO:0009126,GO:0009127,GO:0009132,GO:0009135,GO:0009141,GO:0009142,GO:0009144,GO:0009145,GO:0009150,GO:0009152,GO:0009156,GO:0009161,GO:0009165,GO:0009166,GO:0009167,GO:0009168,GO:0009179,GO:0009185,GO:0009199,GO:0009201,GO:0009205,GO:0009206,GO:0009259,GO:0009260,GO:0009266,GO:0009409,GO:0009536,GO:0009628,GO:0009651,GO:0009653,GO:0009888,GO:0009987,GO:0010015,GO:0010053,GO:0010054,GO:0016020,GO:0016021,GO:0016052,GO:0016053,GO:0016301,GO:0016310,GO:0016740,GO:0016772,GO:0016773,GO:0017144,GO:0018130,GO:0019158,GO:0019200,GO:0019359,GO:0019362,GO:0019363,GO:0019438,GO:0019439,GO:0019637,GO:0019693,GO:0019725,GO:0019752,GO:0019867,GO:0021700,GO:0022622,GO:0030154,GO:0031090,GO:0031224,GO:0031300,GO:0031301,GO:0031306,GO:0031307,GO:0031966,GO:0031967,GO:0031968,GO:0031975,GO:0032501,GO:0032502,GO:0032592,GO:0032787,GO:0033500,GO:0034404,GO:0034641,GO:0034654,GO:0034655,GO:0042592,GO:0042593,GO:0042866,GO:0043226,GO:0043227,GO:0043229,GO:0043231,GO:0043436,GO:0044237,GO:0044238,GO:0044248,GO:0044249,GO:0044262,GO:0044270,GO:0044271,GO:0044281,GO:0044283,GO:0044422,GO:0044424,GO:0044425,GO:0044429,GO:0044444,GO:0044446,GO:0044455,GO:0044464,GO:0046031,GO:0046034,GO:0046390,GO:0046394,GO:0046434,GO:0046483,GO:0046496,GO:0046700,GO:0046835,GO:0046939,GO:0048364,GO:0048468,GO:0048469,GO:0048731,GO:0048764,GO:0048765,GO:0048856,GO:0048869,GO:0048878,GO:0050896,GO:0051156,GO:0051186,GO:0051188,GO:0055082,GO:0055086,GO:0065007,GO:0065008,GO:0071695,GO:0071704,GO:0072330,GO:0072521,GO:0072522,GO:0072524,GO:0072525,GO:0080147,GO:0090407,GO:0090558,GO:0090627,GO:0098573,GO:0098588,GO:0098805,GO:0099402,GO:1901135,GO:1901137,GO:1901292,GO:1901293,GO:1901360,GO:1901361,GO:1901362,GO:1901564,GO:1901566,GO:1901575,GO:1901576,GO:1905392",ko:K00844,"ko00010,ko00051,ko00052,ko00500,ko00520,ko00521,ko00524,ko01100,ko01110,ko01120,ko01130,ko01200,ko04066,ko04910,ko04930,ko04973,ko05230,map00010,map00051,map00052,map00500,map00520,map00521,map00524,map01100,map01110,map01120,map01130,map01200,map04066,map04910,map04930,map04973,map05230",G,Belongs to the hexokinase family
LOC102589148,NA,1.027008548,0.010166876,4113.PGSC0003DMT400025955,"GO:0003674,GO:0003824,GO:0004620,GO:0005575,GO:0005622,GO:0005623,GO:0005737,GO:0016020,GO:0016298,GO:0016787,GO:0016788,GO:0044424,GO:0044464,GO:0047372,GO:0052689",,,G,Lipolytic acyl hydrolase (LAH)
LOC102594652,NA,-1.665418816,0.010183207,4113.PGSC0003DMT400092927,,ko:K08912,"ko00196,ko01100,map00196,map01100",C,"The light-harvesting complex (LHC) functions as a light receptor, it captures and delivers excitation energy to photosystems with which it is closely associated"
LOC102578471,OG0002571,1.047728563,0.010616169,4113.PGSC0003DMT400052060,,,,S,Nodulin-like
LOC107063351,OG0001261,1.014347036,0.010632897,NA,NA,NA,NA,NA,NA
LOC102587531,OG0000860,-1.057608368,0.010825569,4113.PGSC0003DMT400029984,,,,S,isoform X1
LOC102602963,OG0010123,-1.270296538,0.01085047,4113.PGSC0003DMT400044283,,,,S,proton gradient regulation 5
LOC102587888,OG0009790,1.486204541,0.01086438,4081.Solyc09g007920.2.1,"GO:0001101,GO:0003674,GO:0003824,GO:0005575,GO:0006464,GO:0006508,GO:0006511,GO:0006725,GO:0006807,GO:0008150,GO:0008152,GO:0009056,GO:0009057,GO:0009058,GO:0009636,GO:0009698,GO:0009699,GO:0009719,GO:0009725,GO:0009739,GO:0009987,GO:0010033,GO:0010243,GO:0014070,GO:0016598,GO:0016829,GO:0016840,GO:0016841,GO:0019438,GO:0019538,GO:0019748,GO:0019941,GO:0030163,GO:0032991,GO:0033993,GO:0036211,GO:0042221,GO:0042493,GO:0043170,GO:0043412,GO:0043632,GO:0044237,GO:0044238,GO:0044248,GO:0044249,GO:0044257,GO:0044260,GO:0044265,GO:0044267,GO:0044550,GO:0045548,GO:0046677,GO:0046898,GO:0050896,GO:0051603,GO:0060992,GO:0071704,GO:0097305,GO:1901360,GO:1901362,GO:1901564,GO:1901565,GO:1901575,GO:1901576,GO:1901654,GO:1901698,GO:1901700","ko:K10775,ko:K13064","ko00360,ko00940,ko01100,ko01110,map00360,map00940,map01100,map01110",Q,Phenylalanine ammonia-lyase
LOC102598243,NA,1.089765095,0.010876352,4113.PGSC0003DMT400080247,,,,C,Plant non-specific lipid-transfer proteins transfer phospholipids as well as galactolipids across membranes. May play a role in wax or cutin deposition in the cell walls of expanding epidermal cells and certain secretory tissues
LOC107063122,OG0000652,-1.497073166,0.010992005,4113.PGSC0003DMT400081443,,,,S,leucine-rich repeat extensin-like protein
LOC102604128,OG0000066,1.243608205,0.011231956,4113.PGSC0003DMT400062335,,,,T,Receptor protein kinase zmpk1
LOC102601437,OG0007338,-1.216121795,0.011382741,4113.PGSC0003DMT400050448,"GO:0003674,GO:0003824,GO:0004721,GO:0004722,GO:0005575,GO:0005622,GO:0005623,GO:0005634,GO:0006464,GO:0006470,GO:0006793,GO:0006796,GO:0006807,GO:0008150,GO:0008152,GO:0009787,GO:0009788,GO:0009966,GO:0009968,GO:0009987,GO:0010029,GO:0010030,GO:0010646,GO:0010648,GO:0016311,GO:0016787,GO:0016788,GO:0016791,GO:0019538,GO:0023051,GO:0023057,GO:0036211,GO:0042578,GO:0043170,GO:0043226,GO:0043227,GO:0043229,GO:0043231,GO:0043412,GO:0044237,GO:0044238,GO:0044260,GO:0044267,GO:0044424,GO:0044464,GO:0048518,GO:0048519,GO:0048523,GO:0048580,GO:0048582,GO:0048583,GO:0048585,GO:0050789,GO:0050793,GO:0050794,GO:0051094,GO:0051239,GO:0051240,GO:0065007,GO:0071704,GO:0140096,GO:1900140,GO:1901419,GO:1901420,GO:1901564,GO:1905957,GO:1905958,GO:2000026",ko:K14497,"ko04016,ko04075,ko04931,map04016,map04075,map04931",T,Sigma factor PP2C-like phosphatases
LOC102599466,OG0001639,1.08046936,0.011382741,4113.PGSC0003DMT400060263,"GO:0003674,GO:0003676,GO:0003723,GO:0003729,GO:0003824,GO:0004672,GO:0004674,GO:0005488,GO:0005575,GO:0005622,GO:0005623,GO:0005634,GO:0005737,GO:0006464,GO:0006468,GO:0006793,GO:0006796,GO:0006807,GO:0006950,GO:0006970,GO:0007154,GO:0007165,GO:0008150,GO:0008152,GO:0009628,GO:0009651,GO:0009987,GO:0016301,GO:0016310,GO:0016740,GO:0016772,GO:0016773,GO:0019538,GO:0023052,GO:0035556,GO:0036211,GO:0043170,GO:0043226,GO:0043227,GO:0043229,GO:0043231,GO:0043412,GO:0044237,GO:0044238,GO:0044260,GO:0044267,GO:0044424,GO:0044464,GO:0050789,GO:0050794,GO:0050896,GO:0051716,GO:0065007,GO:0071704,GO:0097159,GO:0140096,GO:1901363,GO:1901564",ko:K14498,"ko04016,ko04075,map04016,map04075",T,"Serine/Threonine protein kinases, catalytic domain"
LOC102595416,OG0002197,2.338093949,0.011600406,4113.PGSC0003DMT400063499,,,,S,Putative S-adenosyl-L-methionine-dependent methyltransferase
PCAS-2,OG0002049,1.181869749,0.011667866,4098.XP_009628115.1,,ko:K13034,"ko00270,ko00460,ko00920,ko01100,ko01110,ko01120,ko01130,ko01200,ko01230,map00270,map00460,map00920,map01100,map01110,map01120,map01130,map01200,map01230",E,Bifunctional L-3-cyanoalanine synthase cysteine synthase 2
LOC102604954,OG0001795,-1.278712201,0.011827331,4113.PGSC0003DMT400094912,"GO:0003674,GO:0003824,GO:0004497,GO:0005575,GO:0008150,GO:0008152,GO:0009058,GO:0016020,GO:0016491,GO:0016705,GO:0016709,GO:0019748,GO:0044550,GO:0055114","ko:K00512,ko:K07418,ko:K15472","ko00140,ko00590,ko00591,ko00909,ko01100,ko01110,ko04212,ko04726,ko04750,ko04913,ko04917,ko04927,ko04934,map00140,map00590,map00591,map00909,map01100,map01110,map04212,map04726,map04750,map04913,map04917,map04927,map04934",Q,iron ion binding
LOC102584686,OG0014151,-1.104110557,0.011851359,4081.Solyc05g047590.2.1,"GO:0003674,GO:0003824,GO:0004857,GO:0005575,GO:0005623,GO:0008150,GO:0009605,GO:0009607,GO:0009617,GO:0016787,GO:0016788,GO:0030234,GO:0030599,GO:0043086,GO:0043207,GO:0044092,GO:0044464,GO:0046910,GO:0050790,GO:0050896,GO:0051704,GO:0051707,GO:0052689,GO:0065007,GO:0065009,GO:0071944,GO:0098772",ko:K01051,"ko00040,ko01100,map00040,map01100",G,Acts in the modification of cell walls via demethylesterification of cell wall pectin
LOC102592282,OG0005013,-1.162408577,0.011980821,4113.PGSC0003DMT400019583,"GO:0005575,GO:0005622,GO:0005623,GO:0005737,GO:0008150,GO:0009507,GO:0009532,GO:0009534,GO:0009535,GO:0009536,GO:0009570,GO:0009579,GO:0009719,GO:0009725,GO:0009735,GO:0010033,GO:0010287,GO:0016020,GO:0031976,GO:0031984,GO:0034357,GO:0042221,GO:0042651,GO:0043226,GO:0043227,GO:0043229,GO:0043231,GO:0044422,GO:0044424,GO:0044434,GO:0044435,GO:0044436,GO:0044444,GO:0044446,GO:0044464,GO:0050896,GO:0055035",ko:K02695,"ko00195,ko01100,map00195,map01100",S,Photosystem I reaction center subunit
LOC102590248,OG0000209,1.633945976,0.011996502,4113.PGSC0003DMT400010342,"GO:0000226,GO:0001932,GO:0001934,GO:0003674,GO:0003824,GO:0004672,GO:0004674,GO:0005575,GO:0005576,GO:0005622,GO:0005623,GO:0005737,GO:0005938,GO:0006464,GO:0006468,GO:0006793,GO:0006796,GO:0006807,GO:0006950,GO:0006996,GO:0007010,GO:0007017,GO:0007154,GO:0007165,GO:0007346,GO:0008150,GO:0008152,GO:0009653,GO:0009893,GO:0009987,GO:0010562,GO:0010604,GO:0016043,GO:0016301,GO:0016310,GO:0016740,GO:0016772,GO:0016773,GO:0019220,GO:0019222,GO:0019538,GO:0023014,GO:0023052,GO:0030587,GO:0030865,GO:0031098,GO:0031122,GO:0031323,GO:0031325,GO:0031399,GO:0031401,GO:0032147,GO:0032268,GO:0032270,GO:0032502,GO:0033554,GO:0033674,GO:0035556,GO:0036211,GO:0042325,GO:0042327,GO:0043085,GO:0043170,GO:0043412,GO:0043549,GO:0043622,GO:0044093,GO:0044237,GO:0044238,GO:0044260,GO:0044267,GO:0044424,GO:0044444,GO:0044464,GO:0045859,GO:0045860,GO:0045937,GO:0046777,GO:0048046,GO:0048518,GO:0048522,GO:0048856,GO:0050789,GO:0050790,GO:0050794,GO:0050896,GO:0051171,GO:0051173,GO:0051174,GO:0051246,GO:0051247,GO:0051338,GO:0051347,GO:0051703,GO:0051704,GO:0051716,GO:0051726,GO:0060255,GO:0065007,GO:0065009,GO:0071704,GO:0071840,GO:0071944,GO:0080090,GO:0090702,GO:0097435,GO:0099120,GO:0099568,GO:0140096,GO:1901564",,,T,Mitogen-activated protein kinase kinase kinase
LOC102578720,OG0005093,-1.169459238,0.012077442,4113.PGSC0003DMT400004360,"GO:0000302,GO:0003674,GO:0003824,GO:0004130,GO:0004601,GO:0005575,GO:0005622,GO:0005623,GO:0005737,GO:0005829,GO:0006950,GO:0006979,GO:0008150,GO:0008152,GO:0009056,GO:0009507,GO:0009536,GO:0009636,GO:0009987,GO:0016209,GO:0016491,GO:0016684,GO:0016688,GO:0016999,GO:0017001,GO:0017144,GO:0033554,GO:0034599,GO:0042221,GO:0042737,GO:0042743,GO:0042744,GO:0043226,GO:0043227,GO:0043229,GO:0043231,GO:0044237,GO:0044248,GO:0044424,GO:0044444,GO:0044464,GO:0050896,GO:0051186,GO:0051187,GO:0051716,GO:0055114,GO:0070887,GO:0072593,GO:0097237,GO:0098754,GO:0098869,GO:1901700,GO:1990748",ko:K00434,"ko00053,ko00480,map00053,map00480",E,Belongs to the peroxidase family
LOC102602802,OG0000117,-1.249047079,0.012151001,4113.PGSC0003DMT400046722,,"ko:K07408,ko:K07418","ko00140,ko00380,ko00590,ko00591,ko00830,ko00980,ko01100,ko04212,ko04726,ko04750,ko04913,ko05204,map00140,map00380,map00590,map00591,map00830,map00980,map01100,map04212,map04726,map04750,map04913,map05204",Q,Cytochrome p450
LOC102598934,OG0007141,1.407247182,0.012322072,4098.XP_009624194.1,"GO:0003674,GO:0003824,GO:0006082,GO:0006520,GO:0006807,GO:0008150,GO:0008152,GO:0008652,GO:0009058,GO:0009692,GO:0009693,GO:0009987,GO:0010817,GO:0016053,GO:0016829,GO:0016846,GO:0016847,GO:0018871,GO:0019752,GO:0032787,GO:0042218,GO:0042445,GO:0042446,GO:0043436,GO:0043449,GO:0043450,GO:0044237,GO:0044238,GO:0044249,GO:0044281,GO:0044283,GO:0046394,GO:0065007,GO:0065008,GO:0071704,GO:0072330,GO:1900673,GO:1900674,GO:1901564,GO:1901566,GO:1901576,GO:1901605,GO:1901607","ko:K01762,ko:K20772","ko00270,ko01100,ko01110,ko04016,map00270,map01100,map01110,map04016",E,1-aminocyclopropane-1-carboxylate synthase
LOC102591355,OG0004008,1.021477799,0.012459015,4113.PGSC0003DMT400046238,"GO:0003674,GO:0003824,GO:0004672,GO:0004674,GO:0005488,GO:0005515,GO:0005516,GO:0005575,GO:0005623,GO:0005886,GO:0006464,GO:0006468,GO:0006793,GO:0006796,GO:0006807,GO:0008150,GO:0008152,GO:0009987,GO:0016020,GO:0016301,GO:0016310,GO:0016740,GO:0016772,GO:0016773,GO:0019538,GO:0036211,GO:0043170,GO:0043412,GO:0044237,GO:0044238,GO:0044260,GO:0044267,GO:0044464,GO:0071704,GO:0071944,GO:0140096,GO:1901564",,,T,Serine threonine-protein kinase
LOC102591716,OG0007382,-1.005151407,0.0126027,4081.Solyc01g095310.1.1,,ko:K01183,"ko00520,ko01100,map00520,map01100",G,Glycosyl hydrolases family 18
LOC102580126,OG0001298,2.360135081,0.012656922,4113.PGSC0003DMT400049498,"GO:0003674,GO:0003824,GO:0004553,GO:0005575,GO:0005618,GO:0005623,GO:0008150,GO:0008152,GO:0008422,GO:0009505,GO:0015926,GO:0016787,GO:0016798,GO:0030312,GO:0044464,GO:0071704,GO:0071944,GO:1901135,GO:1901657",ko:K01188,"ko00460,ko00500,ko00940,ko01100,ko01110,map00460,map00500,map00940,map01100,map01110",G,Belongs to the glycosyl hydrolase 1 family
LOC102598072,OG0001813,-1.205295115,0.012821164,4113.PGSC0003DMT400029369,"GO:0005575,GO:0005622,GO:0005623,GO:0005737,GO:0005773,GO:0008150,GO:0009987,GO:0042546,GO:0043226,GO:0043227,GO:0043229,GO:0043231,GO:0044085,GO:0044424,GO:0044444,GO:0044464,GO:0071554,GO:0071840",,,S,Glycosyl transferase family 2
LOC102585792,OG0001930,2.414759665,0.0129189,NA,NA,NA,NA,NA,NA
LOC102606038,OG0017136,-1.414766197,0.013075756,4113.PGSC0003DMT400048376,"GO:0005575,GO:0005622,GO:0005623,GO:0005737,GO:0008150,GO:0009314,GO:0009416,GO:0009507,GO:0009534,GO:0009535,GO:0009536,GO:0009579,GO:0009628,GO:0009642,GO:0016020,GO:0031976,GO:0031984,GO:0034357,GO:0042651,GO:0043226,GO:0043227,GO:0043229,GO:0043231,GO:0044422,GO:0044424,GO:0044434,GO:0044435,GO:0044436,GO:0044444,GO:0044446,GO:0044464,GO:0050896,GO:0055035",,,S,One-helix protein
LOC102601093,OG0011134,-1.251708178,0.01339307,4113.PGSC0003DMT400054836,"GO:0003674,GO:0005488,GO:0005575,GO:0005622,GO:0005623,GO:0005737,GO:0006091,GO:0008150,GO:0008152,GO:0009314,GO:0009416,GO:0009507,GO:0009526,GO:0009532,GO:0009534,GO:0009535,GO:0009536,GO:0009570,GO:0009579,GO:0009628,GO:0009765,GO:0009768,GO:0009941,GO:0009987,GO:0010287,GO:0015979,GO:0016020,GO:0016168,GO:0019684,GO:0031409,GO:0031967,GO:0031975,GO:0031976,GO:0031984,GO:0034357,GO:0042651,GO:0043167,GO:0043168,GO:0043226,GO:0043227,GO:0043229,GO:0043231,GO:0044237,GO:0044422,GO:0044424,GO:0044434,GO:0044435,GO:0044436,GO:0044444,GO:0044446,GO:0044464,GO:0046906,GO:0048037,GO:0050896,GO:0055035,GO:0097159,GO:1901363",ko:K08909,"ko00196,map00196",C,"The light-harvesting complex (LHC) functions as a light receptor, it captures and delivers excitation energy to photosystems with which it is closely associated"
LOC102580010,OG0012351,1.022937871,0.01339307,4113.PGSC0003DMT400000626,"GO:0003674,GO:0003824,GO:0004842,GO:0006464,GO:0006508,GO:0006511,GO:0006807,GO:0008150,GO:0008152,GO:0009056,GO:0009057,GO:0009987,GO:0010498,GO:0016567,GO:0016740,GO:0019538,GO:0019787,GO:0019941,GO:0030163,GO:0032446,GO:0036211,GO:0043161,GO:0043170,GO:0043412,GO:0043632,GO:0044237,GO:0044238,GO:0044248,GO:0044257,GO:0044260,GO:0044265,GO:0044267,GO:0051603,GO:0061630,GO:0061659,GO:0070647,GO:0071704,GO:0140096,GO:1901564,GO:1901565,GO:1901575",,,O,RING-H2 finger protein
LOC102602737,OG0007897,-1.12927599,0.013544632,4113.PGSC0003DMT400032670,"GO:0000003,GO:0001101,GO:0003002,GO:0003006,GO:0003674,GO:0003824,GO:0005215,GO:0005319,GO:0005342,GO:0005488,GO:0005515,GO:0005575,GO:0005623,GO:0005886,GO:0006810,GO:0006811,GO:0006820,GO:0006869,GO:0006950,GO:0006970,GO:0007275,GO:0007389,GO:0008028,GO:0008150,GO:0008509,GO:0008514,GO:0009611,GO:0009628,GO:0009651,GO:0009653,GO:0009719,GO:0009725,GO:0009737,GO:0009790,GO:0009791,GO:0009793,GO:0009897,GO:0009965,GO:0009986,GO:0010016,GO:0010033,GO:0010051,GO:0010154,GO:0010222,GO:0010588,GO:0010876,GO:0015075,GO:0015245,GO:0015318,GO:0015399,GO:0015405,GO:0015711,GO:0015718,GO:0015849,GO:0015908,GO:0016020,GO:0016021,GO:0016462,GO:0016787,GO:0016817,GO:0016818,GO:0016887,GO:0017111,GO:0022414,GO:0022804,GO:0022857,GO:0031224,GO:0032501,GO:0032502,GO:0033036,GO:0033993,GO:0034220,GO:0042221,GO:0042623,GO:0042626,GO:0042802,GO:0042803,GO:0043492,GO:0044425,GO:0044459,GO:0044464,GO:0046942,GO:0046943,GO:0046983,GO:0048316,GO:0048366,GO:0048367,GO:0048598,GO:0048608,GO:0048731,GO:0048825,GO:0048826,GO:0048827,GO:0048856,GO:0050896,GO:0051179,GO:0051234,GO:0055085,GO:0061458,GO:0071702,GO:0071944,GO:0080051,GO:0090698,GO:0097305,GO:0098552,GO:0098656,GO:0099402,GO:1901700,GO:1903825,GO:1905039,GO:1905392",,,Q,ABC transporter G family member 11-like
LOC102597267,OG0008327,-1.463915307,0.013650026,4081.Solyc11g072310.1.1,"GO:0000003,GO:0000902,GO:0001101,GO:0003006,GO:0003674,GO:0003824,GO:0005575,GO:0005622,GO:0005623,GO:0005737,GO:0006082,GO:0006629,GO:0006720,GO:0006721,GO:0007154,GO:0007165,GO:0007275,GO:0008150,GO:0008152,GO:0008299,GO:0008610,GO:0009058,GO:0009314,GO:0009416,GO:0009628,GO:0009639,GO:0009648,GO:0009653,GO:0009685,GO:0009686,GO:0009719,GO:0009725,GO:0009739,GO:0009740,GO:0009755,GO:0009791,GO:0009826,GO:0009908,GO:0009987,GO:0010033,GO:0010228,GO:0010476,GO:0010817,GO:0016043,GO:0016049,GO:0016053,GO:0016101,GO:0016102,GO:0016114,GO:0016491,GO:0016705,GO:0016706,GO:0019752,GO:0022414,GO:0023052,GO:0032501,GO:0032502,GO:0032870,GO:0032989,GO:0033993,GO:0040007,GO:0042221,GO:0042445,GO:0042446,GO:0043436,GO:0044237,GO:0044238,GO:0044249,GO:0044255,GO:0044281,GO:0044283,GO:0044424,GO:0044464,GO:0045544,GO:0046394,GO:0048366,GO:0048367,GO:0048572,GO:0048573,GO:0048575,GO:0048589,GO:0048608,GO:0048731,GO:0048827,GO:0048856,GO:0048869,GO:0050789,GO:0050794,GO:0050896,GO:0051213,GO:0051716,GO:0055114,GO:0060560,GO:0061458,GO:0065007,GO:0065008,GO:0070887,GO:0071229,GO:0071310,GO:0071370,GO:0071396,GO:0071495,GO:0071704,GO:0071840,GO:0080167,GO:0090567,GO:0099402,GO:1901576,GO:1901700,GO:1901701",ko:K05282,"ko00904,ko01100,ko01110,map00904,map01100,map01110",Q,Belongs to the iron ascorbate-dependent oxidoreductase family
LOC102589657,OG0014433,1.203352986,0.013650026,4113.PGSC0003DMT400071600,,ko:K01246,"ko03410,map03410",L,Methyladenine glycosylase
LOC102604996,OG0009873,1.255322574,0.013671496,NA,NA,NA,NA,NA,NA
LOC102586553,OG0000162,-1.074352374,0.014087969,4113.PGSC0003DMT400086027,,,,,
LOC107060346,OG0013413,1.820268577,0.014131019,4081.Solyc07g065300.1.1,,ko:K01537,,P,"Cation transporting ATPase, C-terminus"
LOC102598985,OG0010102,2.192757844,0.014246329,4113.PGSC0003DMT400021511,,,,G,Glycosyl hydrolases family 31
LOC107058408,OG0002048,1.299156397,0.014261996,4113.PGSC0003DMT400011424,,,,S,Protein of unknown function (DUF1677)
LOC102579793,OG0009907,1.28320373,0.014261996,4113.PGSC0003DMT400079427,,,,S,Plastocyanin-like domain
LOC102596031,OG0011340,1.492376955,0.014470375,4113.PGSC0003DMT400021519,,,,G,Nucleotide-diphospho-sugar transferase
LOC102601967,OG0003798,1.297453618,0.014667067,4113.PGSC0003DMT400018674,"GO:0003674,GO:0003824,GO:0006725,GO:0008150,GO:0008152,GO:0009056,GO:0009058,GO:0009698,GO:0009699,GO:0009717,GO:0009987,GO:0016787,GO:0016788,GO:0016829,GO:0016835,GO:0016836,GO:0018130,GO:0019438,GO:0019748,GO:0033987,GO:0044237,GO:0044249,GO:0044550,GO:0046287,GO:0046483,GO:0052689,GO:0071704,GO:1901360,GO:1901362,GO:1901576",ko:K13258,"ko00943,ko01110,map00943,map01110",V,alpha/beta hydrolase fold
LOC102601592,OG0004688,1.064716088,0.014802617,4081.Solyc02g079330.2.1,"GO:0003674,GO:0005215,GO:0005337,GO:0005575,GO:0005623,GO:0005886,GO:0006810,GO:0008150,GO:0015858,GO:0015931,GO:0015932,GO:0016020,GO:0022857,GO:0044464,GO:0051179,GO:0051234,GO:0055085,GO:0071702,GO:0071705,GO:0071944,GO:1901264,GO:1901505,GO:1901642",ko:K15014,,F,Nucleoside transporter
LOC102594638,OG0003380,1.039810779,0.014884446,4113.PGSC0003DMT400031804,"GO:0003674,GO:0003824,GO:0004497,GO:0006082,GO:0006629,GO:0006631,GO:0008150,GO:0008152,GO:0009987,GO:0016491,GO:0016705,GO:0016713,GO:0018685,GO:0019752,GO:0032787,GO:0043436,GO:0044237,GO:0044238,GO:0044255,GO:0044281,GO:0055114,GO:0071704","ko:K15398,ko:K20544","ko00073,ko01100,map00073,map01100",Q,cytochrome P450
LOC102599748,OG0000779,1.138476748,0.015051728,4113.PGSC0003DMT400081375,,"ko:K01054,ko:K11649","ko00561,ko01100,ko04714,ko04723,ko04923,ko05225,map00561,map01100,map04714,map04723,map04923,map05225",I,Prolyl oligopeptidase family
LOC102600561,OG0003789,2.789825697,0.015068943,4113.PGSC0003DMT400043166,"GO:0001101,GO:0005575,GO:0005622,GO:0005623,GO:0005737,GO:0005773,GO:0005774,GO:0005783,GO:0005886,GO:0006950,GO:0006970,GO:0008150,GO:0009266,GO:0009409,GO:0009414,GO:0009415,GO:0009507,GO:0009534,GO:0009535,GO:0009536,GO:0009579,GO:0009628,GO:0009651,GO:0010035,GO:0012505,GO:0016020,GO:0031090,GO:0031976,GO:0031984,GO:0034357,GO:0042221,GO:0042651,GO:0043226,GO:0043227,GO:0043229,GO:0043231,GO:0044422,GO:0044424,GO:0044434,GO:0044435,GO:0044436,GO:0044437,GO:0044444,GO:0044446,GO:0044464,GO:0050896,GO:0055035,GO:0071944,GO:0098588,GO:0098805,GO:1901700",,,S,PLAT/LH2 domain
LOC102593824,OG0007229,-3.268027704,0.015118909,4113.PGSC0003DMT400012194,"GO:0005575,GO:0008150,GO:0008152,GO:0009058,GO:0009719,GO:0009725,GO:0009733,GO:0010033,GO:0016020,GO:0019748,GO:0042221,GO:0044550,GO:0050896",ko:K00512,"ko00140,ko01100,ko04913,ko04917,ko04927,ko04934,map00140,map01100,map04913,map04917,map04927,map04934",Q,Cytochrome p450
LOC102602820,OG0005031,1.188972129,0.015118909,4113.PGSC0003DMT400077544,,,,P,Sodium/hydrogen exchanger family
LOC102580995,NA,1.171494743,0.015118909,4113.PGSC0003DMT400003608,"GO:0005575,GO:0005618,GO:0005623,GO:0006949,GO:0008150,GO:0009653,GO:0009987,GO:0016020,GO:0030312,GO:0032502,GO:0044464,GO:0048646,GO:0048856,GO:0071944",ko:K20628,,S,Pollen allergen
LOC102588352,OG0001056,1.312464116,0.015289676,4113.PGSC0003DMT400059084,,ko:K04688,"ko01521,ko01522,ko04012,ko04066,ko04140,ko04150,ko04151,ko04152,ko04211,ko04212,ko04213,ko04350,ko04371,ko04666,ko04714,ko04910,ko04931,ko05165,ko05200,ko05205,ko05210,ko05212,ko05221,ko05224,ko05225,ko05226,ko05231,map01521,map01522,map04012,map04066,map04140,map04150,map04151,map04152,map04211,map04212,map04213,map04350,map04371,map04666,map04714,map04910,map04931,map05165,map05200,map05205,map05210,map05212,map05221,map05224,map05225,map05226,map05231",T,Protein kinase C terminal domain
LOC102586669,OG0001181,2.501662791,0.015314838,4113.PGSC0003DMT400061974,"GO:0001101,GO:0003674,GO:0005215,GO:0005451,GO:0005575,GO:0005623,GO:0005886,GO:0006810,GO:0006811,GO:0006812,GO:0006813,GO:0006820,GO:0007275,GO:0007568,GO:0008150,GO:0008324,GO:0008509,GO:0009987,GO:0010035,GO:0010038,GO:0010150,GO:0010167,GO:0015075,GO:0015077,GO:0015078,GO:0015079,GO:0015103,GO:0015112,GO:0015291,GO:0015297,GO:0015298,GO:0015299,GO:0015318,GO:0015386,GO:0015491,GO:0015672,GO:0015698,GO:0015706,GO:0016020,GO:0022804,GO:0022821,GO:0022857,GO:0022890,GO:0030001,GO:0032501,GO:0032502,GO:0034220,GO:0042221,GO:0042592,GO:0044464,GO:0046686,GO:0046873,GO:0048366,GO:0048367,GO:0048731,GO:0048827,GO:0048856,GO:0048878,GO:0050801,GO:0050896,GO:0051179,GO:0051234,GO:0055065,GO:0055067,GO:0055075,GO:0055080,GO:0055085,GO:0065007,GO:0065008,GO:0071705,GO:0071804,GO:0071805,GO:0071944,GO:0090693,GO:0098655,GO:0098656,GO:0098660,GO:0098662,GO:0098771,GO:0099402,GO:0099516,GO:1901698,GO:1901700,GO:1902600",ko:K14638,,E,POT family
LOC102594824,OG0030111,2.655459163,0.015326732,4113.PGSC0003DMT400002011,"GO:0000003,GO:0003002,GO:0003006,GO:0006355,GO:0007275,GO:0007389,GO:0008150,GO:0009653,GO:0009791,GO:0009889,GO:0009908,GO:0009954,GO:0009965,GO:0010016,GO:0010468,GO:0010556,GO:0019219,GO:0019222,GO:0022414,GO:0031323,GO:0031326,GO:0032501,GO:0032502,GO:0048366,GO:0048367,GO:0048437,GO:0048438,GO:0048441,GO:0048465,GO:0048608,GO:0048731,GO:0048827,GO:0048856,GO:0050789,GO:0050794,GO:0051171,GO:0051252,GO:0060255,GO:0061458,GO:0065007,GO:0080090,GO:0090567,GO:0099402,GO:1903506,GO:1905392,GO:2000112,GO:2001141",,,S,Lateral organ boundaries (LOB) domain
TRNAH-GUG_17,OG0003784,-1.823382142,0.015331257,NA,NA,NA,NA,NA,NA
PDR4,OG0000487,1.212494097,0.016277275,4113.PGSC0003DMT400005783,,,,Q,Belongs to the ABC transporter superfamily. ABCG family. PDR (TC 3.A.1.205) subfamily
LOC102582923,OG0002079,1.026463527,0.016454384,4113.PGSC0003DMT400068352,"GO:0000003,GO:0000902,GO:0000904,GO:0001101,GO:0003006,GO:0003674,GO:0005488,GO:0005509,GO:0005515,GO:0005575,GO:0005622,GO:0005623,GO:0005737,GO:0005886,GO:0006950,GO:0006970,GO:0007154,GO:0007165,GO:0008150,GO:0009266,GO:0009409,GO:0009414,GO:0009415,GO:0009628,GO:0009651,GO:0009653,GO:0009719,GO:0009725,GO:0009737,GO:0009738,GO:0009755,GO:0009826,GO:0009856,GO:0009860,GO:0009932,GO:0009987,GO:0010033,GO:0010035,GO:0016020,GO:0016043,GO:0016049,GO:0019722,GO:0019899,GO:0019900,GO:0019932,GO:0022414,GO:0023052,GO:0030154,GO:0032501,GO:0032502,GO:0032870,GO:0032989,GO:0033993,GO:0035556,GO:0040007,GO:0042221,GO:0042995,GO:0043167,GO:0043169,GO:0044424,GO:0044464,GO:0044706,GO:0046872,GO:0048468,GO:0048588,GO:0048589,GO:0048856,GO:0048868,GO:0048869,GO:0050789,GO:0050794,GO:0050896,GO:0051704,GO:0051716,GO:0060560,GO:0065007,GO:0070887,GO:0071215,GO:0071229,GO:0071310,GO:0071396,GO:0071495,GO:0071840,GO:0071944,GO:0090406,GO:0097305,GO:0097306,GO:0120025,GO:1901700,GO:1901701",ko:K06268,"ko04010,ko04020,ko04022,ko04114,ko04218,ko04310,ko04360,ko04370,ko04380,ko04650,ko04658,ko04659,ko04660,ko04662,ko04720,ko04724,ko04921,ko04922,ko04924,ko05010,ko05014,ko05031,ko05152,ko05166,ko05167,map04010,map04020,map04022,map04114,map04218,map04310,map04360,map04370,map04380,map04650,map04658,map04659,map04660,map04662,map04720,map04724,map04921,map04922,map04924,map05010,map05014,map05031,map05152,map05166,map05167",T,Calcineurin B-like protein 1
LOC102586172,OG0009730,-1.376596563,0.01684544,4113.PGSC0003DMT400032790,"GO:0003674,GO:0005488,GO:0005575,GO:0005622,GO:0005623,GO:0005737,GO:0006091,GO:0008150,GO:0008152,GO:0009314,GO:0009416,GO:0009507,GO:0009526,GO:0009532,GO:0009534,GO:0009535,GO:0009536,GO:0009570,GO:0009579,GO:0009628,GO:0009765,GO:0009768,GO:0009941,GO:0009987,GO:0010287,GO:0015979,GO:0016020,GO:0016168,GO:0019684,GO:0031409,GO:0031967,GO:0031975,GO:0031976,GO:0031984,GO:0034357,GO:0042651,GO:0043167,GO:0043168,GO:0043226,GO:0043227,GO:0043229,GO:0043231,GO:0044237,GO:0044422,GO:0044424,GO:0044434,GO:0044435,GO:0044436,GO:0044444,GO:0044446,GO:0044464,GO:0046906,GO:0048037,GO:0050896,GO:0055035,GO:0097159,GO:1901363",ko:K08917,"ko00196,ko01100,map00196,map01100",C,"The light-harvesting complex (LHC) functions as a light receptor, it captures and delivers excitation energy to photosystems with which it is closely associated"
LOC102600609,OG0006338,1.024984279,0.016880096,NA,NA,NA,NA,NA,NA
LOC102604529,OG0000018,-1.194031299,0.016991678,4113.PGSC0003DMT400055958,"GO:0005575,GO:0005622,GO:0005623,GO:0005737,GO:0044424,GO:0044464",ko:K13993,"ko04141,map04141",O,kDa class II heat shock protein-like
LOC102580746,OG0002234,-1.274919126,0.017028576,4113.PGSC0003DMT400072972,,,,,
LOC102588210,OG0015905,1.382131565,0.017557232,4113.PGSC0003DMT400063650,,ko:K21248,"ko04140,map04140",S,Vacuole membrane protein
LOC102602050,OG0006947,1.774539026,0.017581115,4113.PGSC0003DMT400043098,,,,,
LOC102581954,OG0007031,1.810157723,0.017617602,4081.Solyc08g068680.2.1,,ko:K22427,"ko00360,map00360",E,Aromatic amino acid decarboxylase
LOC102596343,OG0013745,1.153721033,0.017623197,4113.PGSC0003DMT400055488,"GO:0001101,GO:0003674,GO:0003824,GO:0006464,GO:0006508,GO:0006511,GO:0006725,GO:0006807,GO:0008150,GO:0008152,GO:0009056,GO:0009057,GO:0009058,GO:0009636,GO:0009698,GO:0009699,GO:0009719,GO:0009725,GO:0009739,GO:0009987,GO:0010033,GO:0010243,GO:0014070,GO:0016598,GO:0016829,GO:0016840,GO:0016841,GO:0019438,GO:0019538,GO:0019748,GO:0019941,GO:0030163,GO:0033993,GO:0036211,GO:0042221,GO:0042493,GO:0043170,GO:0043412,GO:0043632,GO:0044237,GO:0044238,GO:0044248,GO:0044249,GO:0044257,GO:0044260,GO:0044265,GO:0044267,GO:0044550,GO:0045548,GO:0046677,GO:0046898,GO:0050896,GO:0051603,GO:0060992,GO:0071704,GO:0097305,GO:1901360,GO:1901362,GO:1901564,GO:1901565,GO:1901575,GO:1901576,GO:1901654,GO:1901698,GO:1901700","ko:K10775,ko:K13064","ko00360,ko00940,ko01100,ko01110,map00360,map00940,map01100,map01110",Q,Phenylalanine ammonia-lyase
LOC102595547,OG0002095,2.035075845,0.017971874,4113.PGSC0003DMT400049412,,,,,
LOC102596326,OG0001621,1.51916391,0.018015156,4113.PGSC0003DMT400005530,,,,S,expressed protein
LOC102604793,OG0010214,2.24702621,0.018375195,72664.XP_006395808.1,"GO:0005575,GO:0005618,GO:0005623,GO:0005886,GO:0006950,GO:0006952,GO:0008150,GO:0009505,GO:0016020,GO:0030312,GO:0044464,GO:0050896,GO:0071944",,,T,Belongs to the DEFL family
LOC102600334,OG0010033,-1.255202786,0.018375195,4113.PGSC0003DMT400018519,"GO:0003674,GO:0003676,GO:0003677,GO:0003824,GO:0004497,GO:0005488,GO:0005575,GO:0005622,GO:0005623,GO:0005737,GO:0006725,GO:0006778,GO:0006779,GO:0006807,GO:0006996,GO:0008150,GO:0008152,GO:0009058,GO:0009507,GO:0009526,GO:0009528,GO:0009534,GO:0009535,GO:0009536,GO:0009579,GO:0009657,GO:0009658,GO:0009706,GO:0009941,GO:0009987,GO:0015994,GO:0015995,GO:0016020,GO:0016043,GO:0016491,GO:0016705,GO:0016709,GO:0018130,GO:0019222,GO:0019438,GO:0019866,GO:0031090,GO:0031323,GO:0031967,GO:0031969,GO:0031975,GO:0031976,GO:0031984,GO:0033013,GO:0033014,GO:0034357,GO:0034641,GO:0042170,GO:0042440,GO:0042651,GO:0043226,GO:0043227,GO:0043229,GO:0043231,GO:0044237,GO:0044249,GO:0044271,GO:0044422,GO:0044424,GO:0044434,GO:0044435,GO:0044436,GO:0044444,GO:0044446,GO:0044464,GO:0046148,GO:0046483,GO:0048529,GO:0050789,GO:0050794,GO:0051171,GO:0051186,GO:0051188,GO:0055035,GO:0055114,GO:0065007,GO:0071704,GO:0071840,GO:0097159,GO:1901360,GO:1901362,GO:1901363,GO:1901401,GO:1901564,GO:1901566,GO:1901576",ko:K04035,"ko00860,ko01100,ko01110,map00860,map01100,map01110",S,Rubrerythrin
LOC102584023,OG0010296,1.298672835,0.018476979,4113.PGSC0003DMT400036974,"GO:0003674,GO:0003824,GO:0004180,GO:0004185,GO:0005575,GO:0005618,GO:0005623,GO:0005911,GO:0006508,GO:0006807,GO:0008150,GO:0008152,GO:0008233,GO:0008236,GO:0008238,GO:0009056,GO:0009057,GO:0009505,GO:0009506,GO:0009987,GO:0016787,GO:0017171,GO:0019538,GO:0030054,GO:0030163,GO:0030312,GO:0043170,GO:0044237,GO:0044238,GO:0044248,GO:0044257,GO:0044260,GO:0044265,GO:0044267,GO:0044464,GO:0051603,GO:0055044,GO:0070008,GO:0070011,GO:0071704,GO:0071944,GO:0140096,GO:1901564,GO:1901565,GO:1901575",ko:K16297,,O,Belongs to the peptidase S10 family
LOC102590273,OG0008317,1.161390309,0.018720076,4113.PGSC0003DMT400021568,,,,S,A Receptor for Ubiquitination Targets
LOC102597459,NA,2.97393035,0.018788304,4113.PGSC0003DMT400026203,,,,S,PMR5 N terminal Domain
LOC102581808,OG0003074,-1.157281387,0.01887111,4113.PGSC0003DMT400004981,,ko:K09840,"ko00906,ko01100,ko01110,map00906,map01100,map01110",Q,"ccd4,nced4"
LOC102580681,OG0014415,1.015530519,0.019078353,4113.PGSC0003DMT400058751,,ko:K09286,,K,ethylene-responsive transcription factor
LOC102588871,OG0004235,1.626231988,0.019118383,4113.PGSC0003DMT400031522,,,,K,DNA-binding domain in plant proteins such as APETALA2 and EREBPs
LOC102581480,OG0003978,1.706437765,0.019637363,4113.PGSC0003DMT400009032,,,,S,Alpha/beta hydrolase family
LOC107061267,OG0005479,1.620014346,0.019710233,4113.PGSC0003DMT400073836,"GO:0008150,GO:0010033,GO:0010200,GO:0010243,GO:0042221,GO:0042493,GO:0050896,GO:1901698,GO:1901700",,,H,Modified RING finger domain
LOC102591287,OG0000749,1.22940316,0.019836003,4113.PGSC0003DMT400049601,"GO:0000325,GO:0001101,GO:0003674,GO:0005215,GO:0005575,GO:0005622,GO:0005623,GO:0005737,GO:0005773,GO:0005774,GO:0006810,GO:0006811,GO:0006820,GO:0006950,GO:0007154,GO:0008150,GO:0008509,GO:0008514,GO:0009414,GO:0009415,GO:0009507,GO:0009534,GO:0009535,GO:0009536,GO:0009579,GO:0009605,GO:0009628,GO:0009705,GO:0009987,GO:0009991,GO:0010035,GO:0015075,GO:0015711,GO:0016020,GO:0016021,GO:0022857,GO:0031090,GO:0031224,GO:0031668,GO:0031976,GO:0031984,GO:0033554,GO:0034220,GO:0034357,GO:0042221,GO:0042631,GO:0042651,GO:0043226,GO:0043227,GO:0043229,GO:0043231,GO:0044422,GO:0044424,GO:0044425,GO:0044434,GO:0044435,GO:0044436,GO:0044437,GO:0044444,GO:0044446,GO:0044464,GO:0050896,GO:0051179,GO:0051234,GO:0051716,GO:0055035,GO:0055085,GO:0070887,GO:0071214,GO:0071229,GO:0071462,GO:0071496,GO:0071702,GO:0098588,GO:0098656,GO:0098805,GO:0104004,GO:1901700,GO:1901701",ko:K08202,"ko05231,map05231",S,Organic cation
LOC102591678,OG0001789,1.170513853,0.01998481,4113.PGSC0003DMT400078065,"GO:0001101,GO:0003674,GO:0003824,GO:0004721,GO:0004722,GO:0005575,GO:0005622,GO:0005623,GO:0005737,GO:0006464,GO:0006470,GO:0006793,GO:0006796,GO:0006807,GO:0006950,GO:0006952,GO:0007154,GO:0007165,GO:0008150,GO:0008152,GO:0009536,GO:0009605,GO:0009607,GO:0009611,GO:0009620,GO:0009719,GO:0009725,GO:0009737,GO:0009738,GO:0009755,GO:0009987,GO:0010033,GO:0016311,GO:0016787,GO:0016788,GO:0016791,GO:0019538,GO:0023052,GO:0032870,GO:0033993,GO:0036211,GO:0042221,GO:0042578,GO:0043170,GO:0043207,GO:0043226,GO:0043227,GO:0043229,GO:0043231,GO:0043412,GO:0044237,GO:0044238,GO:0044260,GO:0044267,GO:0044424,GO:0044444,GO:0044464,GO:0050789,GO:0050794,GO:0050832,GO:0050896,GO:0051704,GO:0051707,GO:0051716,GO:0065007,GO:0070887,GO:0071215,GO:0071229,GO:0071310,GO:0071396,GO:0071495,GO:0071704,GO:0097305,GO:0097306,GO:0098542,GO:0140096,GO:1901564,GO:1901700,GO:1901701",ko:K17506,,T,protein phosphatase 2C 25
LOC102595916,OG0001575,2.849369714,0.021371982,4113.PGSC0003DMT400025123,"GO:0003674,GO:0005215,GO:0005345,GO:0005575,GO:0006810,GO:0006863,GO:0008150,GO:0009605,GO:0009607,GO:0009624,GO:0015205,GO:0015851,GO:0016020,GO:0022857,GO:0043207,GO:0050896,GO:0051179,GO:0051234,GO:0051704,GO:0051707,GO:0055085,GO:0071702,GO:0071705,GO:0072530,GO:1904823",,,S,purine permease 9
LOC102588618,OG0005614,1.005712257,0.021569524,4113.PGSC0003DMT400072314,"GO:0003674,GO:0003824,GO:0004842,GO:0006464,GO:0006508,GO:0006511,GO:0006807,GO:0008150,GO:0008152,GO:0009056,GO:0009057,GO:0009987,GO:0010498,GO:0016567,GO:0016740,GO:0019538,GO:0019787,GO:0019941,GO:0030163,GO:0032446,GO:0036211,GO:0043161,GO:0043170,GO:0043412,GO:0043632,GO:0044237,GO:0044238,GO:0044248,GO:0044257,GO:0044260,GO:0044265,GO:0044267,GO:0051603,GO:0061630,GO:0061659,GO:0070647,GO:0071704,GO:0140096,GO:1901564,GO:1901565,GO:1901575",ko:K19041,,O,RING-like zinc finger
LOC102606295,OG0004487,-1.044864151,0.021655699,4113.PGSC0003DMT400066123,"GO:0000302,GO:0006950,GO:0006979,GO:0008150,GO:0009266,GO:0009314,GO:0009408,GO:0009416,GO:0009628,GO:0009636,GO:0009642,GO:0009644,GO:0010035,GO:0042221,GO:0042493,GO:0042542,GO:0046677,GO:0050896,GO:1901700",,,M,"zinc metallopeptidase EGY3, chloroplastic"
LOC102588598,OG0001215,-1.03629526,0.022290899,4113.PGSC0003DMT400070826,"GO:0003674,GO:0005488,GO:0005515,GO:0007275,GO:0008150,GO:0009653,GO:0009791,GO:0009888,GO:0009987,GO:0010016,GO:0010052,GO:0010103,GO:0010374,GO:0019899,GO:0019900,GO:0019901,GO:0030154,GO:0032501,GO:0032502,GO:0048367,GO:0048519,GO:0048580,GO:0048581,GO:0048731,GO:0048856,GO:0048869,GO:0050789,GO:0050793,GO:0051093,GO:0051239,GO:0051241,GO:0065007,GO:0090558,GO:0090626,GO:0090627,GO:0090698,GO:2000026,GO:2000038,GO:2000122",ko:K20729,"ko04016,map04016",S,Epidermal patterning factor proteins
LOC102588964,OG0001503,1.546565727,0.022844743,4113.PGSC0003DMT400020003,,,,S,TMV resistance protein N-like
LOC102584010,OG0002405,1.239128768,0.023004794,4081.Solyc04g008970.2.1,,,,S,GEM-like protein 8
LOC102589078,OG0003437,-1.354830318,0.023351302,4113.PGSC0003DMT400030385,"GO:0000302,GO:0005575,GO:0005622,GO:0005623,GO:0005737,GO:0006950,GO:0006979,GO:0008150,GO:0009266,GO:0009314,GO:0009408,GO:0009416,GO:0009507,GO:0009536,GO:0009628,GO:0009636,GO:0009642,GO:0009644,GO:0010035,GO:0010286,GO:0042221,GO:0042493,GO:0042542,GO:0043226,GO:0043227,GO:0043229,GO:0043231,GO:0044424,GO:0044444,GO:0044464,GO:0046677,GO:0050896,GO:1901700",ko:K13993,"ko04141,map04141",O,Belongs to the small heat shock protein (HSP20) family
LOC102602456,OG0008054,1.131584886,0.023452325,4113.PGSC0003DMT400064346,,,,G,G-type lectin S-receptor-like serine threonine-protein kinase At4g27290
LOC102595989,OG0003140,-1.561748796,0.023534903,4113.PGSC0003DMT400035858,,,,S,Hydrophobic seed protein
TD,OG0002014,4.124202785,0.023604582,4113.PGSC0003DMT400033801,"GO:0003674,GO:0003824,GO:0004794,GO:0005488,GO:0005515,GO:0005575,GO:0005622,GO:0005623,GO:0005737,GO:0006082,GO:0006520,GO:0006549,GO:0006807,GO:0008150,GO:0008152,GO:0008652,GO:0009058,GO:0009081,GO:0009082,GO:0009097,GO:0009507,GO:0009536,GO:0009987,GO:0016053,GO:0016829,GO:0016840,GO:0016841,GO:0019752,GO:0042802,GO:0043226,GO:0043227,GO:0043229,GO:0043231,GO:0043436,GO:0044237,GO:0044238,GO:0044249,GO:0044281,GO:0044283,GO:0044424,GO:0044444,GO:0044464,GO:0046394,GO:0071704,GO:1901564,GO:1901566,GO:1901576,GO:1901605,GO:1901607",ko:K01754,"ko00260,ko00290,ko01100,ko01110,ko01130,ko01200,ko01230,map00260,map00290,map01100,map01110,map01130,map01200,map01230",E,Belongs to the serine threonine dehydratase family
LOC102583528,OG0008607,-1.03984523,0.023711255,4081.Solyc07g055550.1.1,,"ko:K10717,ko:K20660","ko00908,ko01100,ko01110,map00908,map01100,map01110",Q,Cytochrome P450
LOC102583161,OG0001139,-1.41208053,0.023798779,4113.PGSC0003DMT400039833,,"ko:K00512,ko:K13260,ko:K20623","ko00140,ko00905,ko00943,ko01100,ko01110,ko04913,ko04917,ko04927,ko04934,map00140,map00905,map00943,map01100,map01110,map04913,map04917,map04927,map04934",Q,Cytochrome P450
LOC102582494,OG0000316,1.287353205,0.023969992,4113.PGSC0003DMT400043007,"GO:0005575,GO:0005622,GO:0005623,GO:0005634,GO:0043226,GO:0043227,GO:0043229,GO:0043231,GO:0044424,GO:0044464",ko:K08332,,S,Armadillo/beta-catenin-like repeat
LOC107060673,OG0013947,1.19417461,0.024002452,4113.PGSC0003DMT400008366,,ko:K14488,"ko04075,map04075",S,Auxin responsive protein
LOC102598575,OG0013554,-2.148234481,0.024014789,4098.XP_009628756.1,,ko:K08912,"ko00196,ko01100,map00196,map01100",C,"The light-harvesting complex (LHC) functions as a light receptor, it captures and delivers excitation energy to photosystems with which it is closely associated"
LOC102590196,OG0007371,-1.018520693,0.02402394,4113.PGSC0003DMT400008496,,,,,
LOC102594705,OG0001456,1.485388665,0.024475193,4113.PGSC0003DMT400028653,"GO:0003674,GO:0003824,GO:0008194,GO:0016740,GO:0016757,GO:0016758,GO:0035251,GO:0046527,GO:0047254","ko:K07408,ko:K13227,ko:K13493","ko00140,ko00380,ko00402,ko00830,ko00908,ko00980,ko01100,ko01110,ko04913,ko05204,map00140,map00380,map00402,map00830,map00908,map00980,map01100,map01110,map04913,map05204",CG,Belongs to the UDP-glycosyltransferase family
LOC102591775,OG0005152,1.642113081,0.024567017,4081.Solyc08g067620.2.1,,,,Q,Belongs to the ABC transporter superfamily. ABCG family. PDR (TC 3.A.1.205) subfamily
LOC107061997,OG0000663,-1.068049874,0.024614604,4113.PGSC0003DMT400075714,"GO:0000003,GO:0003006,GO:0003674,GO:0003824,GO:0006464,GO:0006486,GO:0006725,GO:0006807,GO:0007275,GO:0008150,GO:0008152,GO:0008194,GO:0009058,GO:0009059,GO:0009100,GO:0009101,GO:0009308,GO:0009653,GO:0009690,GO:0009791,GO:0009888,GO:0009889,GO:0009908,GO:0009965,GO:0009966,GO:0009987,GO:0010015,GO:0010016,GO:0010073,GO:0010075,GO:0010083,GO:0010154,GO:0010380,GO:0010646,GO:0010817,GO:0016740,GO:0016757,GO:0016758,GO:0016763,GO:0019222,GO:0019538,GO:0022414,GO:0022622,GO:0023051,GO:0031323,GO:0031326,GO:0032501,GO:0032502,GO:0034645,GO:0034754,GO:0035251,GO:0035252,GO:0036211,GO:0040008,GO:0042285,GO:0042445,GO:0043170,GO:0043412,GO:0043413,GO:0044237,GO:0044238,GO:0044249,GO:0044260,GO:0044267,GO:0045926,GO:0046483,GO:0046527,GO:0048316,GO:0048364,GO:0048366,GO:0048367,GO:0048439,GO:0048507,GO:0048509,GO:0048519,GO:0048583,GO:0048608,GO:0048638,GO:0048731,GO:0048827,GO:0048831,GO:0048856,GO:0050403,GO:0050404,GO:0050502,GO:0050789,GO:0050793,GO:0050794,GO:0051171,GO:0051193,GO:0051239,GO:0061458,GO:0065007,GO:0065008,GO:0070085,GO:0071704,GO:0080036,GO:0090056,GO:0090567,GO:0090698,GO:0099402,GO:1901135,GO:1901137,GO:1901401,GO:1901463,GO:1901564,GO:1901566,GO:1901576,GO:1905392,GO:1905613,GO:2000026",ko:K13495,"ko00908,map00908",CG,Belongs to the UDP-glycosyltransferase family
LOC102588887,OG0001786,1.12155193,0.024925045,4113.PGSC0003DMT400037425,"GO:0005575,GO:0005622,GO:0005623,GO:0005737,GO:0005783,GO:0005789,GO:0008150,GO:0008152,GO:0009058,GO:0009719,GO:0009725,GO:0009733,GO:0010033,GO:0012505,GO:0016020,GO:0019748,GO:0031090,GO:0031984,GO:0042175,GO:0042221,GO:0043226,GO:0043227,GO:0043229,GO:0043231,GO:0044422,GO:0044424,GO:0044425,GO:0044432,GO:0044444,GO:0044446,GO:0044464,GO:0044550,GO:0050896,GO:0098827",ko:K20562,,Q,Cytochrome p450
LOC102600532,OG0000663,1.069027668,0.024988096,4113.PGSC0003DMT400082472,"GO:0001067,GO:0001666,GO:0003674,GO:0003676,GO:0003677,GO:0003700,GO:0005488,GO:0005575,GO:0005622,GO:0005623,GO:0005737,GO:0006082,GO:0006355,GO:0006790,GO:0006807,GO:0006950,GO:0008150,GO:0008152,GO:0009507,GO:0009536,GO:0009611,GO:0009628,GO:0009787,GO:0009788,GO:0009889,GO:0009966,GO:0009968,GO:0009987,GO:0010468,GO:0010556,GO:0010646,GO:0010648,GO:0016143,GO:0019219,GO:0019222,GO:0019748,GO:0019757,GO:0019760,GO:0023051,GO:0023057,GO:0031323,GO:0031326,GO:0036293,GO:0043226,GO:0043227,GO:0043229,GO:0043231,GO:0043436,GO:0043565,GO:0044212,GO:0044237,GO:0044281,GO:0044424,GO:0044444,GO:0044464,GO:0048519,GO:0048523,GO:0048583,GO:0048585,GO:0050789,GO:0050794,GO:0050896,GO:0051171,GO:0051252,GO:0060255,GO:0065007,GO:0070482,GO:0071704,GO:0080090,GO:0097159,GO:0140110,GO:1901135,GO:1901363,GO:1901419,GO:1901420,GO:1901564,GO:1901657,GO:1903506,GO:1905957,GO:1905958,GO:2000112,GO:2001141",,,K,No apical meristem (NAM) protein
LOC102605593,OG0001786,-2.68102072,0.02506009,NA,NA,NA,NA,NA,NA
LOC102599130,OG0000663,1.288088544,0.025109056,4113.PGSC0003DMT400046778,"GO:0000003,GO:0001704,GO:0001706,GO:0003006,GO:0005575,GO:0005618,GO:0005623,GO:0005886,GO:0006810,GO:0006833,GO:0006950,GO:0007275,GO:0007369,GO:0007389,GO:0007492,GO:0008104,GO:0008150,GO:0009505,GO:0009531,GO:0009611,GO:0009653,GO:0009790,GO:0009791,GO:0009793,GO:0009798,GO:0009888,GO:0009987,GO:0010154,GO:0010453,GO:0010470,GO:0016020,GO:0022414,GO:0022603,GO:0030104,GO:0030154,GO:0030312,GO:0032501,GO:0032502,GO:0033036,GO:0035987,GO:0042044,GO:0042592,GO:0042659,GO:0044426,GO:0044462,GO:0044464,GO:0045184,GO:0045595,GO:0045995,GO:0048226,GO:0048316,GO:0048598,GO:0048608,GO:0048646,GO:0048731,GO:0048856,GO:0048869,GO:0048878,GO:0050789,GO:0050793,GO:0050794,GO:0050801,GO:0050896,GO:0051179,GO:0051234,GO:0051239,GO:0051302,GO:0055065,GO:0055067,GO:0055075,GO:0055080,GO:0061458,GO:0065001,GO:0065007,GO:0065008,GO:0071944,GO:0090558,GO:0090708,GO:0098771,GO:0099402,GO:1903224,GO:1905392,GO:1905421,GO:2000026,GO:2000067,GO:2000280",,,T,Leucine rich repeat N-terminal domain
LOC102606006,OG0003609,1.109935612,0.025166272,4081.Solyc10g085280.1.1,"GO:0003674,GO:0003824,GO:0008194,GO:0016740,GO:0016757,GO:0016758,GO:0035251,GO:0046527,GO:0047254","ko:K07408,ko:K13227,ko:K13493","ko00140,ko00380,ko00402,ko00830,ko00908,ko00980,ko01100,ko01110,ko04913,ko05204,map00140,map00380,map00402,map00830,map00908,map00980,map01100,map01110,map04913,map05204",CG,Belongs to the UDP-glycosyltransferase family
LOC102581337,OG0003609,1.504493306,0.025194699,4113.PGSC0003DMT400001826,,,,I,Belongs to the 'GDSL' lipolytic enzyme family
LOC102605303,OG0001150,-1.059929836,0.026141885,4113.PGSC0003DMT400020338,"GO:0003002,GO:0007275,GO:0007389,GO:0008150,GO:0009653,GO:0009791,GO:0009888,GO:0009987,GO:0010016,GO:0010052,GO:0010103,GO:0010374,GO:0010375,GO:0030154,GO:0032501,GO:0032502,GO:0048367,GO:0048519,GO:0048580,GO:0048581,GO:0048731,GO:0048856,GO:0048869,GO:0050789,GO:0050793,GO:0051093,GO:0051239,GO:0051241,GO:0065007,GO:0090558,GO:0090626,GO:0090627,GO:0090698,GO:2000026,GO:2000038,GO:2000122",ko:K20729,"ko04016,map04016",S,Protein EPIDERMAL PATTERNING FACTOR 1
LOC102592890,OG0000431,-1.33083769,0.027809753,4113.PGSC0003DMT400001898,,,,S,Conserved gene of
LOC102590788,OG0007550,1.348526393,0.027971475,4113.PGSC0003DMT400029256,"GO:0001101,GO:0006950,GO:0006970,GO:0008150,GO:0009605,GO:0009607,GO:0009611,GO:0009617,GO:0009628,GO:0009651,GO:0009719,GO:0009725,GO:0009737,GO:0009751,GO:0009753,GO:0009961,GO:0010033,GO:0010243,GO:0014070,GO:0033993,GO:0042221,GO:0042493,GO:0043200,GO:0043207,GO:0046677,GO:0050896,GO:0051704,GO:0051707,GO:0097305,GO:1901698,GO:1901700",,,S,F-box protein
LOC102605302,OG0001108,1.26467384,0.028214923,NA,NA,NA,NA,NA,NA
LOC102578578,OG0004583,1.429680232,0.028215044,4113.PGSC0003DMT400032576,"GO:0001101,GO:0003674,GO:0005488,GO:0005575,GO:0005622,GO:0005623,GO:0005737,GO:0005829,GO:0008150,GO:0009719,GO:0009725,GO:0009737,GO:0010033,GO:0016597,GO:0031406,GO:0033993,GO:0036094,GO:0042221,GO:0043167,GO:0043168,GO:0043177,GO:0044424,GO:0044444,GO:0044464,GO:0050896,GO:0097305,GO:1901700",,,S,ACT domain
LOC102584892,NA,1.029112757,0.028496699,4113.PGSC0003DMT400014304,"GO:0000295,GO:0003674,GO:0005215,GO:0005346,GO:0005347,GO:0005471,GO:0005575,GO:0005622,GO:0005623,GO:0005737,GO:0006810,GO:0006811,GO:0006820,GO:0006855,GO:0006862,GO:0008150,GO:0008509,GO:0008514,GO:0009507,GO:0009526,GO:0009536,GO:0009941,GO:0015075,GO:0015215,GO:0015216,GO:0015217,GO:0015238,GO:0015291,GO:0015297,GO:0015301,GO:0015605,GO:0015711,GO:0015748,GO:0015865,GO:0015866,GO:0015867,GO:0015868,GO:0015893,GO:0015931,GO:0015932,GO:0016020,GO:0022804,GO:0022857,GO:0031090,GO:0031967,GO:0031969,GO:0031975,GO:0034220,GO:0042170,GO:0042221,GO:0042493,GO:0043226,GO:0043227,GO:0043229,GO:0043231,GO:0044422,GO:0044424,GO:0044434,GO:0044435,GO:0044444,GO:0044446,GO:0044464,GO:0050896,GO:0051179,GO:0051234,GO:0051503,GO:0055085,GO:0071702,GO:0071705,GO:0098656,GO:0099516,GO:1901264,GO:1901505,GO:1901679",ko:K03301,,P,Plastidic ATP
LOC102587808,OG0001382,1.05536907,0.028679138,4113.PGSC0003DMT400028090,,,,S,Sulfite exporter TauE/SafE
LOC102586333,OG0010616,2.018858837,0.028763815,4113.PGSC0003DMT400029641,"GO:0003674,GO:0005215,GO:0005575,GO:0005623,GO:0005886,GO:0006810,GO:0008150,GO:0016020,GO:0022857,GO:0044464,GO:0051179,GO:0051234,GO:0055085,GO:0071944",,,S,Transporter
LOC107059706,OG0000312,-2.180508063,0.029200066,4096.XP_009770445.1,,,,T,positive regulation of spermidine biosynthetic process
LOC102596379,OG0001412,1.01491242,0.03003441,4113.PGSC0003DMT400036890,"GO:0005575,GO:0005622,GO:0005623,GO:0005737,GO:0006950,GO:0008150,GO:0009266,GO:0009314,GO:0009409,GO:0009416,GO:0009507,GO:0009526,GO:0009532,GO:0009534,GO:0009535,GO:0009536,GO:0009570,GO:0009579,GO:0009628,GO:0009719,GO:0009725,GO:0009735,GO:0009743,GO:0009744,GO:0009941,GO:0010033,GO:0010319,GO:0016020,GO:0031967,GO:0031975,GO:0031976,GO:0031984,GO:0034285,GO:0034357,GO:0042221,GO:0042651,GO:0043226,GO:0043227,GO:0043229,GO:0043231,GO:0044422,GO:0044424,GO:0044434,GO:0044435,GO:0044436,GO:0044444,GO:0044446,GO:0044464,GO:0050896,GO:0055035,GO:1901700",,,S,protein DS12 from 2D-PAGE of leaf
LOC102586488,OG0012886,-1.790183172,0.0300589,4113.PGSC0003DMT400042219,"GO:0006355,GO:0008150,GO:0009889,GO:0009890,GO:0009892,GO:0010468,GO:0010556,GO:0010558,GO:0010605,GO:0010629,GO:0019219,GO:0019222,GO:0031323,GO:0031324,GO:0031326,GO:0031327,GO:0045892,GO:0045934,GO:0048519,GO:0048523,GO:0050789,GO:0050794,GO:0051171,GO:0051172,GO:0051252,GO:0051253,GO:0060255,GO:0065007,GO:0080090,GO:1902679,GO:1903506,GO:1903507,GO:2000112,GO:2000113,GO:2001141",,,S,Transcription repressor OFP15-like
LOC102582888,OG0001071,-2.360314265,0.030118955,4113.PGSC0003DMT400029311,,,,S,BEST Arabidopsis thaliana protein match is
LOC102597074,OG0001569,-1.075696273,0.030884481,4113.PGSC0003DMT400050900,"GO:0003674,GO:0003824,GO:0004497,GO:0005575,GO:0008150,GO:0008152,GO:0009058,GO:0016020,GO:0016491,GO:0016705,GO:0016709,GO:0019748,GO:0044550,GO:0055114","ko:K00512,ko:K07418,ko:K15472","ko00140,ko00590,ko00591,ko00909,ko01100,ko01110,ko04212,ko04726,ko04750,ko04913,ko04917,ko04927,ko04934,map00140,map00590,map00591,map00909,map01100,map01110,map04212,map04726,map04750,map04913,map04917,map04927,map04934",Q,iron ion binding
LOC102582189,OG0008903,-1.033628536,0.031053806,4113.PGSC0003DMT400013831,"GO:0000166,GO:0003674,GO:0003824,GO:0005488,GO:0005575,GO:0005622,GO:0005623,GO:0005737,GO:0005829,GO:0008150,GO:0008152,GO:0010181,GO:0016491,GO:0016645,GO:0016646,GO:0032553,GO:0036094,GO:0043167,GO:0043168,GO:0044424,GO:0044444,GO:0044464,GO:0048037,GO:0050662,GO:0052873,GO:0055114,GO:0097159,GO:0097367,GO:1901265,GO:1901363",ko:K19784,,S,NADPH quinone
LOC102595306,OG0002281,1.822545107,0.031218533,4113.PGSC0003DMT400025463,"GO:0003674,GO:0005215,GO:0005274,GO:0005345,GO:0005350,GO:0005575,GO:0005622,GO:0005623,GO:0005737,GO:0005886,GO:0006139,GO:0006206,GO:0006725,GO:0006807,GO:0006810,GO:0006811,GO:0006812,GO:0006855,GO:0006863,GO:0008150,GO:0008152,GO:0008324,GO:0008655,GO:0009058,GO:0009112,GO:0009507,GO:0009536,GO:0009987,GO:0015075,GO:0015077,GO:0015078,GO:0015205,GO:0015210,GO:0015238,GO:0015291,GO:0015293,GO:0015294,GO:0015295,GO:0015318,GO:0015672,GO:0015720,GO:0015851,GO:0015855,GO:0015857,GO:0015893,GO:0016020,GO:0018130,GO:0019438,GO:0019856,GO:0022804,GO:0022857,GO:0022890,GO:0034220,GO:0034641,GO:0034654,GO:0042221,GO:0042493,GO:0042886,GO:0042887,GO:0042906,GO:0042907,GO:0043094,GO:0043100,GO:0043226,GO:0043227,GO:0043229,GO:0043231,GO:0044237,GO:0044238,GO:0044249,GO:0044271,GO:0044281,GO:0044424,GO:0044444,GO:0044464,GO:0046112,GO:0046483,GO:0050896,GO:0051179,GO:0051234,GO:0055085,GO:0055086,GO:0071702,GO:0071704,GO:0071705,GO:0071944,GO:0072527,GO:0072528,GO:0072530,GO:0072531,GO:0098655,GO:0098660,GO:0098662,GO:1901360,GO:1901362,GO:1901564,GO:1901566,GO:1901576,GO:1902600,GO:1903791,GO:1904082,GO:1904823",,,S,"Transmembrane family, TMEM144 of transporters"
LOC102602717,OG0001228,-1.081827269,0.031526926,4113.PGSC0003DMT400082799,,,,S,O-acyltransferase WSD1-like
LOC102600034,OG0001908,2.274263175,0.031955664,4113.PGSC0003DMT400071045,"GO:0003674,GO:0003824,GO:0006082,GO:0006629,GO:0006720,GO:0006721,GO:0008150,GO:0008152,GO:0008300,GO:0009056,GO:0009314,GO:0009416,GO:0009628,GO:0009685,GO:0009987,GO:0010817,GO:0016042,GO:0016054,GO:0016101,GO:0016103,GO:0016115,GO:0016491,GO:0016705,GO:0016706,GO:0019752,GO:0042445,GO:0042447,GO:0043436,GO:0044237,GO:0044238,GO:0044242,GO:0044248,GO:0044255,GO:0044281,GO:0044282,GO:0045487,GO:0045543,GO:0046395,GO:0050896,GO:0051213,GO:0052634,GO:0055114,GO:0065007,GO:0065008,GO:0071704,GO:1901575",ko:K04125,"ko00904,ko01110,map00904,map01110",Q,Belongs to the iron ascorbate-dependent oxidoreductase family
LOC102578252,OG0006749,1.36370047,0.03210446,4113.PGSC0003DMT400004660,,,,S,Belongs to the expansin family
LOC107058761,OG0000817,1.918339501,0.032282855,4113.PGSC0003DMT400005150,,,,,
LOC102593930,OG0005919,1.439706003,0.032560984,4113.PGSC0003DMT400095159,"GO:0005575,GO:0016020",ko:K03921,"ko00061,ko01040,ko01212,map00061,map01040,map01212",C,Acyl- acyl-carrier-protein desaturase
LOC102595219,OG0017230,-1.148831871,0.032777071,4081.Solyc11g066100.1.1,,ko:K03283,"ko03040,ko04010,ko04141,ko04144,ko04213,ko04612,ko04915,ko05134,ko05145,ko05162,ko05164,ko05169,map03040,map04010,map04141,map04144,map04213,map04612,map04915,map05134,map05145,map05162,map05164,map05169",O,Heat shock cognate 70 kDa
LOC107057675,OG0006199,2.128860661,0.033347707,4096.XP_009789585.1,,,,,
LOC107062963,OG0011129,1.21551247,0.033347707,4081.Solyc01g086810.2.1,"GO:0000166,GO:0002376,GO:0003674,GO:0005488,GO:0005575,GO:0005623,GO:0005886,GO:0006950,GO:0006952,GO:0006955,GO:0007154,GO:0007165,GO:0008150,GO:0008219,GO:0009626,GO:0009987,GO:0012501,GO:0016020,GO:0019897,GO:0019898,GO:0023052,GO:0033554,GO:0034050,GO:0036094,GO:0044425,GO:0044459,GO:0044464,GO:0045087,GO:0050789,GO:0050794,GO:0050896,GO:0051716,GO:0065007,GO:0071944,GO:0097159,GO:1901265,GO:1901363",ko:K13457,"ko04626,map04626",T,Belongs to the disease resistance NB-LRR family
LOC102594594,OG0003014,-1.594515395,0.033441938,4113.PGSC0003DMT400069936,,,,DZ,Regulator of chromosome condensation (RCC1) repeat
LOC102579840,OG0003255,2.043680002,0.033886861,4081.Solyc08g068680.2.1;4113.PGSC0003DMT400038296,,"ko:K01590,ko:K01649,ko:K22427;ko:K22427","ko00290,ko00340,ko00360,ko00620,ko01100,ko01110,ko01210,ko01230,map00290,map00340,map00360,map00620,map01100,map01110,map01210,map01230;ko00360,map00360",E,Aromatic amino acid decarboxylase
LK299_pgt015,OG0002399,-3.041375412,0.034591576,NA,NA,NA,NA,NA,NA
LOC102604927,NA,1.856735352,0.03490425,4113.PGSC0003DMT400032944,,ko:K19476,"ko04144,map04144",Z,Regulator of Vps4 activity in the MVB pathway
LOC102604346,OG0012673,-1.451654257,0.035542193,4113.PGSC0003DMT400067283,,,,,
LOC107059980,OG0000964,-1.586488979,0.035691466,NA,NA,NA,NA,NA,NA
LOC102591561,OG0003286,-1.159893438,0.035810235,4113.PGSC0003DMT400013376,"GO:0000271,GO:0000302,GO:0001101,GO:0003674,GO:0003824,GO:0005575,GO:0005622,GO:0005623,GO:0005737,GO:0005829,GO:0005975,GO:0005976,GO:0005977,GO:0005978,GO:0005996,GO:0006012,GO:0006073,GO:0006091,GO:0006112,GO:0006950,GO:0006970,GO:0006979,GO:0008150,GO:0008152,GO:0008194,GO:0008378,GO:0008466,GO:0009058,GO:0009059,GO:0009250,GO:0009266,GO:0009314,GO:0009408,GO:0009409,GO:0009414,GO:0009415,GO:0009416,GO:0009628,GO:0009636,GO:0009642,GO:0009644,GO:0009651,GO:0009719,GO:0009725,GO:0009737,GO:0009987,GO:0010033,GO:0010035,GO:0015980,GO:0016051,GO:0016740,GO:0016757,GO:0016758,GO:0019318,GO:0033692,GO:0033993,GO:0034637,GO:0034645,GO:0035250,GO:0035251,GO:0042221,GO:0042493,GO:0042542,GO:0043170,GO:0044042,GO:0044237,GO:0044238,GO:0044249,GO:0044260,GO:0044262,GO:0044264,GO:0044281,GO:0044424,GO:0044444,GO:0044464,GO:0046527,GO:0046677,GO:0047216,GO:0050896,GO:0055114,GO:0071704,GO:0097305,GO:1901576,GO:1901700",ko:K18819,"ko00052,map00052",H,Belongs to the glycosyltransferase 8 family
LOC102584670,OG0001384,-1.10429088,0.035810235,4113.PGSC0003DMT400064512,"GO:0001101,GO:0003674,GO:0003824,GO:0004022,GO:0005575,GO:0005622,GO:0005623,GO:0005737,GO:0005829,GO:0006066,GO:0006082,GO:0006520,GO:0006560,GO:0006561,GO:0006629,GO:0006714,GO:0006720,GO:0006721,GO:0006807,GO:0006950,GO:0007154,GO:0007165,GO:0008150,GO:0008152,GO:0008299,GO:0008610,GO:0008652,GO:0009058,GO:0009064,GO:0009084,GO:0009266,GO:0009408,GO:0009414,GO:0009415,GO:0009628,GO:0009687,GO:0009688,GO:0009743,GO:0009746,GO:0009750,GO:0009756,GO:0009889,GO:0009987,GO:0010033,GO:0010035,GO:0010115,GO:0010182,GO:0010301,GO:0010565,GO:0016053,GO:0016106,GO:0016114,GO:0016491,GO:0016614,GO:0016616,GO:0018130,GO:0019216,GO:0019222,GO:0019747,GO:0019752,GO:0023052,GO:0031323,GO:0031326,GO:0032787,GO:0034284,GO:0042221,GO:0043288,GO:0043289,GO:0043436,GO:0043455,GO:0044237,GO:0044238,GO:0044249,GO:0044255,GO:0044281,GO:0044283,GO:0044424,GO:0044444,GO:0044464,GO:0046165,GO:0046394,GO:0046483,GO:0046890,GO:0050789,GO:0050794,GO:0050896,GO:0051716,GO:0055114,GO:0062012,GO:0065007,GO:0070887,GO:0071310,GO:0071322,GO:0071704,GO:0072330,GO:0080090,GO:1901360,GO:1901362,GO:1901564,GO:1901566,GO:1901576,GO:1901605,GO:1901607,GO:1901615,GO:1901617,GO:1901700,GO:1901701,GO:1902644,GO:1902645,GO:1902930",ko:K09841,"ko00906,ko01100,ko01110,map00906,map01100,map01110",Q,KR domain
LOC107058867,OG0000893,1.29380343,0.036114572,4113.PGSC0003DMT400033778,,,,S,VQ motif
LOC102601089,OG0000444,-1.515012222,0.03629731,102107.XP_008245364.1,"GO:0005575,GO:0005622,GO:0005623,GO:0005634,GO:0005694,GO:0043226,GO:0043227,GO:0043228,GO:0043229,GO:0043231,GO:0043232,GO:0044424,GO:0044464",ko:K11253,"ko05034,ko05202,ko05322,map05034,map05202,map05322",B,Histone H3
LOC102595334,OG0001532,-1.045704895,0.036841368,4113.PGSC0003DMT400078243,"GO:0003674,GO:0003824,GO:0004672,GO:0004674,GO:0005575,GO:0005622,GO:0005623,GO:0005737,GO:0005829,GO:0006464,GO:0006468,GO:0006793,GO:0006796,GO:0006807,GO:0007154,GO:0007165,GO:0008150,GO:0008152,GO:0009987,GO:0016301,GO:0016310,GO:0016740,GO:0016772,GO:0016773,GO:0019538,GO:0023052,GO:0035556,GO:0036211,GO:0043170,GO:0043412,GO:0044237,GO:0044238,GO:0044260,GO:0044267,GO:0044424,GO:0044444,GO:0044464,GO:0050789,GO:0050794,GO:0050896,GO:0051716,GO:0065007,GO:0071704,GO:0140096,GO:1901564",,,T,LIM domain-containing serine threonine-protein kinase DDB_G0287001
LOC102600799,OG0000253,1.31148872,0.037240213,4113.PGSC0003DMT400002410,"GO:0003674,GO:0003700,GO:0006355,GO:0008150,GO:0009889,GO:0010468,GO:0010556,GO:0019219,GO:0019222,GO:0031323,GO:0031326,GO:0050789,GO:0050794,GO:0051171,GO:0051252,GO:0060255,GO:0065007,GO:0080090,GO:0140110,GO:1903506,GO:2000112,GO:2001141",,,K,MYB family transcription factor
LOC102589647,NA,1.202899843,0.037499368,4098.XP_009624094.1,"GO:0003674,GO:0003824,GO:0003883,GO:0006139,GO:0006206,GO:0006213,GO:0006220,GO:0006221,GO:0006241,GO:0006629,GO:0006644,GO:0006725,GO:0006753,GO:0006793,GO:0006796,GO:0006807,GO:0008150,GO:0008152,GO:0008610,GO:0008654,GO:0009058,GO:0009112,GO:0009116,GO:0009117,GO:0009119,GO:0009141,GO:0009142,GO:0009147,GO:0009148,GO:0009163,GO:0009165,GO:0009199,GO:0009201,GO:0009208,GO:0009209,GO:0009218,GO:0009220,GO:0009259,GO:0009260,GO:0009987,GO:0016874,GO:0016879,GO:0018130,GO:0019438,GO:0019637,GO:0019693,GO:0019856,GO:0034404,GO:0034641,GO:0034654,GO:0042455,GO:0044237,GO:0044238,GO:0044249,GO:0044255,GO:0044271,GO:0044281,GO:0044283,GO:0046036,GO:0046112,GO:0046131,GO:0046132,GO:0046134,GO:0046390,GO:0046483,GO:0055086,GO:0071704,GO:0072527,GO:0072528,GO:0090407,GO:1901135,GO:1901137,GO:1901293,GO:1901360,GO:1901362,GO:1901564,GO:1901566,GO:1901576,GO:1901657,GO:1901659",ko:K01937,"ko00240,ko01100,map00240,map01100",F,Catalyzes the ATP-dependent amination of UTP to CTP with either L-glutamine or ammonia as the source of nitrogen
LOC102579771,OG0001439,1.201947922,0.037499368,4113.PGSC0003DMT400041633,"GO:0003674,GO:0005215,GO:0005310,GO:0005342,GO:0005575,GO:0005622,GO:0005623,GO:0005737,GO:0005739,GO:0005740,GO:0005743,GO:0006810,GO:0006811,GO:0006812,GO:0006817,GO:0006820,GO:0006835,GO:0006839,GO:0006855,GO:0008150,GO:0008272,GO:0008509,GO:0008514,GO:0015075,GO:0015103,GO:0015116,GO:0015117,GO:0015131,GO:0015140,GO:0015141,GO:0015238,GO:0015291,GO:0015297,GO:0015318,GO:0015556,GO:0015672,GO:0015698,GO:0015709,GO:0015711,GO:0015729,GO:0015740,GO:0015743,GO:0015744,GO:0015849,GO:0015893,GO:0016020,GO:0016021,GO:0017077,GO:0019866,GO:0022804,GO:0022857,GO:0031090,GO:0031224,GO:0031966,GO:0031967,GO:0031975,GO:0034220,GO:0035435,GO:0042221,GO:0042493,GO:0043226,GO:0043227,GO:0043229,GO:0043231,GO:0044422,GO:0044424,GO:0044425,GO:0044429,GO:0044444,GO:0044446,GO:0044464,GO:0046942,GO:0046943,GO:0050896,GO:0051179,GO:0051234,GO:0055085,GO:0071422,GO:0071423,GO:0071702,GO:0072348,GO:0098655,GO:0098656,GO:0098660,GO:0098661,GO:0098662,GO:1901682,GO:1902356,GO:1902358,GO:1902600,GO:1903825,GO:1905039",ko:K15104,,C,Belongs to the mitochondrial carrier (TC 2.A.29) family
LOC102591890,OG0001777,-1.008865533,0.038250319,4113.PGSC0003DMT400018375,"GO:0000325,GO:0003674,GO:0005215,GO:0005372,GO:0005575,GO:0005622,GO:0005623,GO:0005737,GO:0005773,GO:0005774,GO:0005886,GO:0005887,GO:0006810,GO:0006811,GO:0006833,GO:0008150,GO:0009705,GO:0015250,GO:0015267,GO:0015318,GO:0016020,GO:0016021,GO:0022803,GO:0022838,GO:0022857,GO:0031090,GO:0031224,GO:0031226,GO:0034220,GO:0042044,GO:0042807,GO:0043226,GO:0043227,GO:0043229,GO:0043231,GO:0044422,GO:0044424,GO:0044425,GO:0044437,GO:0044444,GO:0044446,GO:0044459,GO:0044464,GO:0051179,GO:0051234,GO:0055085,GO:0071944,GO:0098588,GO:0098805",ko:K09873,,G,Belongs to the MIP aquaporin (TC 1.A.8) family
LOC102578637,OG0005614,-1.235756839,0.038285328,4113.PGSC0003DMT400057774,,,,,
LOC102591018,OG0004111,2.588921127,0.038428397,4113.PGSC0003DMT400002375,"GO:0001067,GO:0001101,GO:0003674,GO:0003676,GO:0003677,GO:0003700,GO:0005488,GO:0005575,GO:0005622,GO:0005623,GO:0005634,GO:0006355,GO:0006950,GO:0008150,GO:0009266,GO:0009408,GO:0009409,GO:0009628,GO:0009719,GO:0009725,GO:0009751,GO:0009753,GO:0009889,GO:0009891,GO:0009893,GO:0009987,GO:0010033,GO:0010468,GO:0010556,GO:0010557,GO:0010604,GO:0010628,GO:0014070,GO:0019219,GO:0019222,GO:0031323,GO:0031325,GO:0031326,GO:0031328,GO:0033554,GO:0034605,GO:0042221,GO:0042493,GO:0043226,GO:0043227,GO:0043229,GO:0043231,GO:0043565,GO:0044212,GO:0044424,GO:0044464,GO:0045893,GO:0045935,GO:0046677,GO:0048518,GO:0048522,GO:0050789,GO:0050794,GO:0050826,GO:0050896,GO:0051171,GO:0051173,GO:0051252,GO:0051254,GO:0051716,GO:0060255,GO:0065007,GO:0070417,GO:0071497,GO:0080090,GO:0097159,GO:0140110,GO:1901363,GO:1901700,GO:1902680,GO:1903506,GO:1903508,GO:2000112,GO:2001141",,,K,DNA-binding domain in plant proteins such as APETALA2 and EREBPs
LOC102586119,OG0006276,1.045960265,0.038925999,4081.Solyc10g006660.2.1,,ko:K10840,"ko03420,map03420",DZ,EF-hand domain pair
LOC102580349,OG0001439,1.414575058,0.039140295,4113.PGSC0003DMT400061611,,,,,
LOC102582293,OG0000860,1.178661041,0.039140295,4113.PGSC0003DMT400002738,"GO:0003674,GO:0003824,GO:0004497,GO:0006629,GO:0008150,GO:0008152,GO:0008202,GO:0008395,GO:0009719,GO:0009725,GO:0009741,GO:0010033,GO:0010268,GO:0010817,GO:0014070,GO:0016128,GO:0016131,GO:0016491,GO:0033993,GO:0042221,GO:0042445,GO:0042592,GO:0044238,GO:0048878,GO:0050896,GO:0055088,GO:0055114,GO:0065007,GO:0065008,GO:0071704,GO:1901360,GO:1901615,GO:1901700",ko:K15639,"ko00905,map00905",Q,Belongs to the cytochrome P450 family
LOC107062558,OG0009560,1.127049819,0.039140295,4113.PGSC0003DMT400017805,,,,S,LOB domain-containing protein
LOC102595782,OG0003205,-1.056738366,0.039682046,4113.PGSC0003DMT400045658,,,,T,LRR receptor-like serine threonine-protein kinase
LOC102586749,OG0004182,1.47093487,0.040467689,4113.PGSC0003DMT400016955,"GO:0000413,GO:0003674,GO:0003755,GO:0003824,GO:0005575,GO:0005622,GO:0005623,GO:0005737,GO:0005768,GO:0005770,GO:0005771,GO:0005783,GO:0005794,GO:0005795,GO:0005802,GO:0005829,GO:0005886,GO:0006464,GO:0006807,GO:0008150,GO:0008152,GO:0009987,GO:0012505,GO:0016020,GO:0016853,GO:0016859,GO:0018193,GO:0018208,GO:0019538,GO:0031410,GO:0031982,GO:0031984,GO:0036211,GO:0043170,GO:0043226,GO:0043227,GO:0043229,GO:0043231,GO:0043412,GO:0044237,GO:0044238,GO:0044260,GO:0044267,GO:0044422,GO:0044424,GO:0044431,GO:0044444,GO:0044446,GO:0044464,GO:0071704,GO:0071944,GO:0097708,GO:0098791,GO:0140096,GO:1901564",ko:K01802,,O,PPIases accelerate the folding of proteins. It catalyzes the cis-trans isomerization of proline imidic peptide bonds in oligopeptides
LOC102605731,OG0009633,1.399518207,0.041785954,4081.Solyc09g005400.2.1,"GO:0005575,GO:0005622,GO:0005623,GO:0005737,GO:0009507,GO:0009536,GO:0043226,GO:0043227,GO:0043229,GO:0043231,GO:0044424,GO:0044444,GO:0044464",,,S,Major latex
LOC102580574,OG0011647,1.238041624,0.041788746,4113.PGSC0003DMT400079797,,,,S,Protein of unknown function (DUF1635)
LOC102586581,OG0002356,-1.190035318,0.041965753,4113.PGSC0003DMT400060313,"GO:0003674,GO:0005488,GO:0005515,GO:0005575,GO:0005622,GO:0005623,GO:0005737,GO:0006091,GO:0006950,GO:0008150,GO:0008152,GO:0009266,GO:0009314,GO:0009409,GO:0009416,GO:0009507,GO:0009526,GO:0009532,GO:0009534,GO:0009535,GO:0009536,GO:0009570,GO:0009579,GO:0009628,GO:0009637,GO:0009639,GO:0009642,GO:0009644,GO:0009645,GO:0009765,GO:0009768,GO:0009941,GO:0009987,GO:0010114,GO:0010218,GO:0010287,GO:0015979,GO:0016020,GO:0016168,GO:0019684,GO:0019904,GO:0031409,GO:0031967,GO:0031975,GO:0031976,GO:0031984,GO:0034357,GO:0042651,GO:0043167,GO:0043168,GO:0043226,GO:0043227,GO:0043229,GO:0043231,GO:0044237,GO:0044422,GO:0044424,GO:0044434,GO:0044435,GO:0044436,GO:0044444,GO:0044446,GO:0044464,GO:0046906,GO:0048037,GO:0050896,GO:0055035,GO:0097159,GO:1901363",ko:K08907,"ko00196,map00196",C,"The light-harvesting complex (LHC) functions as a light receptor, it captures and delivers excitation energy to photosystems with which it is closely associated"
LOC102583065,OG0003104,2.287090751,0.042412925,4113.PGSC0003DMT400027951,,ko:K03676,,O,Glutaredoxin
LOC102593559,OG0005997,-1.066664214,0.042537711,4081.Solyc02g082070.2.1,"GO:0003674,GO:0003824,GO:0004497,GO:0005575,GO:0008150,GO:0008152,GO:0009058,GO:0016020,GO:0016491,GO:0016705,GO:0016709,GO:0019748,GO:0044550,GO:0055114","ko:K00512,ko:K07418,ko:K15472","ko00140,ko00590,ko00591,ko00909,ko01100,ko01110,ko04212,ko04726,ko04750,ko04913,ko04917,ko04927,ko04934,map00140,map00590,map00591,map00909,map01100,map01110,map04212,map04726,map04750,map04913,map04917,map04927,map04934",Q,Cytochrome P450
LOC102580064,OG0006518,2.033609967,0.042967684,4081.Solyc03g007790.2.1,"GO:0003674,GO:0003824,GO:0004672,GO:0004674,GO:0005488,GO:0005515,GO:0005516,GO:0005575,GO:0005623,GO:0005886,GO:0006464,GO:0006468,GO:0006793,GO:0006796,GO:0006807,GO:0008150,GO:0008152,GO:0009987,GO:0016020,GO:0016301,GO:0016310,GO:0016740,GO:0016772,GO:0016773,GO:0019538,GO:0036211,GO:0043170,GO:0043412,GO:0044237,GO:0044238,GO:0044260,GO:0044267,GO:0044464,GO:0071704,GO:0071944,GO:0140096,GO:1901564",ko:K04733,"ko04010,ko04064,ko04620,ko04621,ko04624,ko04722,ko05133,ko05140,ko05142,ko05145,ko05152,ko05162,ko05164,map04010,map04064,map04620,map04621,map04624,map04722,map05133,map05140,map05142,map05145,map05152,map05162,map05164",T,Bulb-type mannose-specific lectin
LOC102600539,OG0002195,-1.809995006,0.04298807,4113.PGSC0003DMT400036628,"GO:0001067,GO:0003674,GO:0003676,GO:0003677,GO:0003700,GO:0005488,GO:0005575,GO:0005622,GO:0005623,GO:0005634,GO:0006355,GO:0007275,GO:0008150,GO:0009314,GO:0009416,GO:0009628,GO:0009639,GO:0009640,GO:0009787,GO:0009788,GO:0009791,GO:0009889,GO:0009966,GO:0009968,GO:0010468,GO:0010556,GO:0010646,GO:0010648,GO:0019219,GO:0019222,GO:0023051,GO:0023057,GO:0031323,GO:0031326,GO:0032501,GO:0032502,GO:0043226,GO:0043227,GO:0043229,GO:0043231,GO:0044212,GO:0044424,GO:0044464,GO:0048519,GO:0048523,GO:0048583,GO:0048585,GO:0048856,GO:0050789,GO:0050794,GO:0050896,GO:0051171,GO:0051252,GO:0060255,GO:0065007,GO:0080090,GO:0097159,GO:0140110,GO:1901363,GO:1901419,GO:1901420,GO:1903506,GO:1905957,GO:1905958,GO:2000112,GO:2001141",,,S,Zinc finger protein
LOC107058358,NA,1.939252717,0.043749617,4096.XP_009762032.1,,,,E,Ribonuclease H protein
LOC107063386,OG0005441,1.257254513,0.044884388,4113.PGSC0003DMT400008686,,,,S,PDDEXK-like family of unknown function
LOC107059760,OG0001575,1.382493151,0.044999154,4081.Solyc12g088250.1.1,,"ko:K09756,ko:K16296","ko00940,map00940",EO,Belongs to the peptidase S10 family
LOC102594892,OG0006577,-1.164032316,0.045132478,4113.PGSC0003DMT400047710,"GO:0005575,GO:0005618,GO:0005622,GO:0005623,GO:0005634,GO:0005654,GO:0005730,GO:0005737,GO:0005773,GO:0005774,GO:0005783,GO:0005794,GO:0005829,GO:0005886,GO:0005911,GO:0006508,GO:0006511,GO:0006807,GO:0006950,GO:0008150,GO:0008152,GO:0009056,GO:0009057,GO:0009506,GO:0009507,GO:0009536,GO:0009719,GO:0009725,GO:0009735,GO:0009987,GO:0010033,GO:0010035,GO:0010038,GO:0010243,GO:0010498,GO:0012505,GO:0016020,GO:0016592,GO:0019538,GO:0019941,GO:0030054,GO:0030163,GO:0030312,GO:0030433,GO:0031090,GO:0031974,GO:0031981,GO:0032991,GO:0033554,GO:0034976,GO:0036503,GO:0042221,GO:0043161,GO:0043170,GO:0043226,GO:0043227,GO:0043228,GO:0043229,GO:0043231,GO:0043232,GO:0043233,GO:0043632,GO:0044237,GO:0044238,GO:0044248,GO:0044257,GO:0044260,GO:0044265,GO:0044267,GO:0044422,GO:0044424,GO:0044428,GO:0044437,GO:0044444,GO:0044446,GO:0044451,GO:0044464,GO:0046686,GO:0050896,GO:0051603,GO:0051716,GO:0055044,GO:0070013,GO:0071704,GO:0071944,GO:0098588,GO:0098805,GO:1901564,GO:1901565,GO:1901575,GO:1901698",ko:K09490,"ko03060,ko04141,ko04918,ko05020,map03060,map04141,map04918,map05020",O,Belongs to the heat shock protein 70 family
LOC102587692,OG0005784,-1.446453871,0.045937993,4113.PGSC0003DMT400057397,,,,,
LOC102590378,OG0012367,1.905968702,0.04651456,4113.PGSC0003DMT400029422,"GO:0000287,GO:0001676,GO:0002532,GO:0002538,GO:0002539,GO:0003008,GO:0003013,GO:0003018,GO:0003674,GO:0003824,GO:0004301,GO:0005102,GO:0005488,GO:0005515,GO:0005575,GO:0005622,GO:0005623,GO:0005737,GO:0005777,GO:0005782,GO:0005829,GO:0006082,GO:0006605,GO:0006625,GO:0006629,GO:0006631,GO:0006633,GO:0006690,GO:0006725,GO:0006793,GO:0006796,GO:0006805,GO:0006810,GO:0006873,GO:0006874,GO:0006875,GO:0006886,GO:0006950,GO:0006952,GO:0006954,GO:0006996,GO:0007031,GO:0007600,GO:0008015,GO:0008104,GO:0008150,GO:0008152,GO:0008217,GO:0008610,GO:0009056,GO:0009058,GO:0009410,GO:0009636,GO:0009810,GO:0009893,GO:0009987,GO:0010468,GO:0010604,GO:0010628,GO:0015031,GO:0015643,GO:0015833,GO:0016043,GO:0016053,GO:0016311,GO:0016787,GO:0016788,GO:0016791,GO:0016801,GO:0016803,GO:0017144,GO:0018904,GO:0019216,GO:0019218,GO:0019222,GO:0019233,GO:0019369,GO:0019373,GO:0019439,GO:0019725,GO:0019752,GO:0030003,GO:0030258,GO:0031907,GO:0031974,GO:0032501,GO:0032787,GO:0033036,GO:0033365,GO:0033559,GO:0034613,GO:0035150,GO:0035296,GO:0042221,GO:0042577,GO:0042578,GO:0042579,GO:0042592,GO:0042632,GO:0042759,GO:0042802,GO:0042803,GO:0042886,GO:0043167,GO:0043169,GO:0043226,GO:0043227,GO:0043229,GO:0043231,GO:0043233,GO:0043436,GO:0043574,GO:0043651,GO:0044237,GO:0044238,GO:0044248,GO:0044249,GO:0044255,GO:0044281,GO:0044283,GO:0044422,GO:0044424,GO:0044438,GO:0044439,GO:0044444,GO:0044446,GO:0044464,GO:0045184,GO:0045777,GO:0046272,GO:0046394,GO:0046483,GO:0046839,GO:0046872,GO:0046907,GO:0046983,GO:0048518,GO:0048878,GO:0050789,GO:0050801,GO:0050877,GO:0050880,GO:0050896,GO:0051179,GO:0051234,GO:0051641,GO:0051649,GO:0051716,GO:0055065,GO:0055074,GO:0055080,GO:0055082,GO:0055088,GO:0055092,GO:0060255,GO:0062012,GO:0065007,GO:0065008,GO:0070013,GO:0070727,GO:0070887,GO:0071466,GO:0071702,GO:0071704,GO:0071705,GO:0071840,GO:0072330,GO:0072503,GO:0072507,GO:0072593,GO:0072594,GO:0072662,GO:0072663,GO:0080090,GO:0090066,GO:0090181,GO:0097176,GO:0097746,GO:0097755,GO:0098771,GO:1900673,GO:1901360,GO:1901361,GO:1901568,GO:1901575,GO:1901576",,,I,epoxide hydrolase
LOC107058102,OG0003692,-1.488043413,0.04651456,NA,NA,NA,NA,NA,NA
LOC102583094,OG0005924,1.03443849,0.046795956,4113.PGSC0003DMT400056352,"GO:0000122,GO:0000976,GO:0000977,GO:0000978,GO:0000987,GO:0001012,GO:0001067,GO:0003674,GO:0003676,GO:0003677,GO:0003690,GO:0003700,GO:0005488,GO:0005575,GO:0005622,GO:0005623,GO:0005634,GO:0006355,GO:0006357,GO:0006950,GO:0007275,GO:0008150,GO:0009653,GO:0009791,GO:0009888,GO:0009889,GO:0009890,GO:0009892,GO:0009987,GO:0010015,GO:0010053,GO:0010055,GO:0010468,GO:0010556,GO:0010558,GO:0010605,GO:0010629,GO:0019219,GO:0019222,GO:0022622,GO:0030154,GO:0031323,GO:0031324,GO:0031326,GO:0031327,GO:0032101,GO:0032104,GO:0032107,GO:0032501,GO:0032502,GO:0033554,GO:0043226,GO:0043227,GO:0043229,GO:0043231,GO:0043565,GO:0043620,GO:0044212,GO:0044424,GO:0044464,GO:0045892,GO:0045934,GO:0048364,GO:0048519,GO:0048523,GO:0048527,GO:0048528,GO:0048583,GO:0048731,GO:0048856,GO:0048869,GO:0050789,GO:0050794,GO:0050896,GO:0051171,GO:0051172,GO:0051252,GO:0051253,GO:0051716,GO:0060255,GO:0065007,GO:0080090,GO:0090558,GO:0090627,GO:0090696,GO:0097159,GO:0099402,GO:0140110,GO:1901363,GO:1902679,GO:1903506,GO:1903507,GO:1905392,GO:1990837,GO:2000112,GO:2000113,GO:2001141",,,K,DNA binding domain
LOC102590240,OG0001323,1.239506856,0.046999063,4113.PGSC0003DMT400032865,,,,,
LOC102596856,OG0010521,4.0810912,0.047674894,4113.PGSC0003DMT400007438,"GO:0001101,GO:0003674,GO:0003824,GO:0006950,GO:0008150,GO:0009414,GO:0009415,GO:0009628,GO:0009719,GO:0009725,GO:0009737,GO:0009819,GO:0010033,GO:0010035,GO:0016298,GO:0016787,GO:0016788,GO:0033993,GO:0042221,GO:0050896,GO:0097305,GO:1901700",ko:K17991,"ko00073,map00073",S,Caleosin related protein
LOC102604984,OG0000097,1.63681788,0.048643141,4113.PGSC0003DMT400004191,"GO:0001101,GO:0003674,GO:0005215,GO:0005451,GO:0005575,GO:0005623,GO:0005886,GO:0006810,GO:0006811,GO:0006812,GO:0006813,GO:0006820,GO:0007275,GO:0007568,GO:0008150,GO:0008324,GO:0008509,GO:0009987,GO:0010035,GO:0010038,GO:0010150,GO:0010167,GO:0015075,GO:0015077,GO:0015078,GO:0015079,GO:0015103,GO:0015112,GO:0015291,GO:0015297,GO:0015298,GO:0015299,GO:0015318,GO:0015386,GO:0015491,GO:0015672,GO:0015698,GO:0015706,GO:0016020,GO:0022804,GO:0022821,GO:0022857,GO:0022890,GO:0030001,GO:0032501,GO:0032502,GO:0034220,GO:0042221,GO:0042592,GO:0044464,GO:0046686,GO:0046873,GO:0048366,GO:0048367,GO:0048731,GO:0048827,GO:0048856,GO:0048878,GO:0050801,GO:0050896,GO:0051179,GO:0051234,GO:0055065,GO:0055067,GO:0055075,GO:0055080,GO:0055085,GO:0065007,GO:0065008,GO:0071705,GO:0071804,GO:0071805,GO:0071944,GO:0090693,GO:0098655,GO:0098656,GO:0098660,GO:0098662,GO:0098771,GO:0099402,GO:0099516,GO:1901698,GO:1901700,GO:1902600",ko:K14638,,E,POT family
LOC102591414,OG0004664,1.310614449,0.049639701,4113.PGSC0003DMT400080203,"GO:0000272,GO:0003674,GO:0003824,GO:0004553,GO:0004567,GO:0005975,GO:0005976,GO:0007275,GO:0008150,GO:0008152,GO:0009056,GO:0009057,GO:0009791,GO:0009845,GO:0009987,GO:0010412,GO:0015923,GO:0016052,GO:0016787,GO:0016798,GO:0016985,GO:0016998,GO:0032501,GO:0032502,GO:0043170,GO:0044036,GO:0044237,GO:0044238,GO:0044247,GO:0044248,GO:0044260,GO:0044262,GO:0044264,GO:0044275,GO:0046355,GO:0048856,GO:0071554,GO:0071704,GO:0090351,GO:1901575",ko:K19355,"ko00051,map00051",G,Belongs to the glycosyl hydrolase 5 (cellulase A) family
LOC102593672,OG0003969,1.129665295,0.049851885,4113.PGSC0003DMT400045987,,ko:K09753,"ko00940,ko01100,ko01110,map00940,map01100,map01110",V,Cinnamoyl-CoA reductase
