Orthogroup,PRJNA1137360_Solanum_tuberosum,PRJNA394727_Humulus_lupulus,PRJNA515607_Solanum_lycopersicum,PRJNA515609_Solanum_lycopersicum,PRJNA795883_Cucumis_sativus,PRJNA849770_Solanum_lycopersicum,PRJNA914898_Solanum_tuberosum
OG0000000,,LOC133823026_-2.10750657003644,,,,,
OG0000002,,LOC133779929_6.78504483095998;LOC133823820_6.233860116424;LOC133792190_-5.15532934825382;LOC133784393_2.36043407365579;LOC133825304_-1.12102698349365,,,,,
OG0000003,,LOC133832416_6.12496262747229;LOC133819478_1.39398445413587;LOC133832147_-4.18137179712159,,,,LOC104648289_3.09466909788221,
OG0000004,,LOC133815473_-3.84351024003925;LOC133815172_5.13428615871377;LOC133824979_4.68824209538774;LOC133789589_5.45062993391789,,,,,
OG0000005,LOC102602984_-2.120764814,LOC133778056_5.62518912621113;LOC133778020_4.64809955252376;LOC133834279_4.14332159506239;LOC133778011_5.29115983579695;LOC133778013_5.30909221553445;LOC133834436_-2.9683765348013;LOC133777960_3.83490190564774;LOC133813863_-2.46229403104862;LOC133784768_4.00617168671037;LOC133781586_-3.68621369972452;LOC133780219_3.32509347714029;LOC133778961_-4.45600172570516;LOC133797179_-1.26886775476986;LOC133834284_2.63670014166634;LOC133815619_3.06459179711223;LOC133784636_-3.79623843218276;LOC133784648_4.13921813251739,,LOC101256687_1.26813715036188,LOC101218552_-1.26862983557041;LOC101219889_-2.12055755271654,LOC101256986_-4.97803931284701,
OG0000007,,LOC133786003_8.13638802547552;LOC133802025_4.57902816912835;LOC133786052_6.33634629887818;LOC133824771_5.71930863949815;LOC133802028_4.75505452187074;LOC133802015_2.49974858872413;LOC133786104_5.55411976528188;LOC133786049_5.22103398646851;LOC133786056_4.87874213721928;LOC133817766_4.56914695106307;LOC133833067_1.89064682977547;LOC133783399_3.29236310476792;LOC133785988_4.52032444370132;LOC133825813_5.50425833759038;LOC133783272_3.76978135622963;LOC133786044_3.87181982576275;LOC133783252_4.62902545171852,,,,LOC138340577_1.25671511289524,
OG0000008,,LOC133798572_-5.92386613887355;LOC133823939_-6.42806637542563,,,,,
OG0000012,,LOC133781752_1.77868559180942;LOC133801078_1.85905006558266;LOC133801121_-2.15871386753835;LOC133781753_1.74047484523804,,,,,
OG0000013,,LOC133790517_6.06140922418911;LOC133778443_-2.4414665079731;LOC133784687_4.7740461377841;LOC133789057_1.35580690190741;LOC133790516_1.19158160249478;LOC133783636_4.80147202533429,,,,LOC101262610_1.24031452464417,
OG0000015,,LOC133789321_-3.53363444827027;LOC133781356_-2.74478743301864;LOC133781364_-1.99044238900139;LOC133783601_1.41282984617846;LOC133789288_-2.73559861481288,,,,,
OG0000016,,LOC133795063_-3.84755645427716;LOC133823649_-5.70989397696925,,,,,
OG0000017,,LOC133781843_2.84165465767707;LOC133801175_2.15045255683344;LOC133815708_2.54908389747698;LOC133819841_-1.66788140267763,,,,,
OG0000018,LOC102590122_-1.224797519;LOC102604529_-1.194031299,LOC133801272_4.16846076555497;LOC133794208_4.18140875029402;LOC133783396_1.5973132003486;LOC133829696_2.08902102614821;LOC133782554_3.29963834583277;LOC133794210_1.68012248702704;LOC133819980_2.48621087531718,,LOC101244686_-2.05429022028099;LOC104648558_3.48160750293885,,LOC101251977_1.54861868746978;LOC109121373_1.64879821068514,LOC102578309_-3.147492975
OG0000021,,LOC133778393_-1.64518670254711,,,,,
OG0000022,,LOC133821136_6.53358971893211;LOC133806466_4.77173655753731,,,,,
OG0000023,,LOC133782904_-1.6808974231338,,,LOC105436058_3.25238190484297,,
OG0000024,,LOC133813866_-4.26375203316973;LOC133816928_-1.22308544145042;LOC133816931_3.61676406177048;LOC133789334_-2.90821911082704;LOC133816934_-3.35357463523789;LOC133815807_-1.92023446344518;LOC133792690_-4.25433385497877,,,LOC101208383_-2.8745852451414,,
OG0000028,LOC102606320_-1.021802463,LOC133823786_5.47747304506585;LOC133822288_5.72889158819621;LOC133822286_7.62297677767714,,LOC101250572_-2.98621759579823,,,LOC102604395_4.672237133
OG0000031,,LOC133801065_5.32000524565078,,,,,
OG0000033,,LOC133791319_5.54201902088109;LOC133783443_8.42444625675694;LOC133791318_6.82583514885086;LOC133783522_6.97943679767752;LOC133783432_8.48001304394565;LOC133790581_3.79565599513749;LOC133784555_6.7472839464202;LOC133783543_7.61876994265623;LOC133783545_7.30730974553181;LOC133786246_5.52131015761205;LOC133818223_2.8673855172793;LOC133786185_4.93584712109439,,,,,
OG0000035,,LOC133781915_-2.02492753688027;LOC133789070_2.52525712880546;LOC133781868_-1.51663570520771;LOC133781919_-2.09233619940477;LOC133789082_2.29260040982912,,,,,
OG0000037,,,LOC101265539_5.60748365638502,,,,
OG0000038,LOC102603358_-2.418794844;LOC102597894_1.062336327,LOC133790234_-2.07031319686816;LOC133790257_-2.48803745391835;LOC133790229_-1.74805533704426;LOC133789587_-5.68676831541808;LOC133789585_-3.70314634999783;LOC133789591_-1.58555859663318;LOC133790316_5.34391493453496;LOC133790260_-4.03480110842496;LOC133790377_1.24848263410398;LOC133790256_-1.19631011472997,,LOC101258147_1.09436366063434;NRC4a_1.02193150467538,,,
OG0000039,,LOC133794295_3.8902652736961;LOC133794305_-3.16830506941431;LOC133794300_2.60327285200588;LOC133794310_-3.19989677625983;LOC133794265_1.61560198019001;LOC133794267_3.73584911375134;LOC133794907_4.97014001326912;LOC133794311_2.25435229977478,,,,LOC101264991_1.23922824132,
OG0000040,,LOC133830166_-4.33320597548268,,,,,
OG0000041,,LOC133834234_-6.53476764667029,,,,,
OG0000042,,,,,,LOC101246690_3.49072724192898,
OG0000045,,LOC133803230_5.57000655210804;LOC133804108_2.26316418353166;LOC133812191_8.94627282455148,,,LOC101213457_1.00813206035957,,
OG0000048,,LOC133834337_-9.08074707692508;LOC133817627_-2.90586499322164,,,,,
OG0000050,,LOC133824164_-1.6599897881504,,,,,
OG0000052,,LOC133829904_-2.78955753732796;LOC133829804_-8.68469034159512;LOC133830167_-5.44472678878116;LOC133829751_1.43377377750753;LOC133828792_3.80539518706665;LOC133829750_-1.83493996026779;LOC133831807_-5.21549138368632;LOC133829915_-2.6091190636074,,,,,
OG0000054,,,,,,LOC138343833_1.21689898025915,
OG0000056,,LOC133823071_-4.33844456946262;LOC133802418_1.65233186767509,,,,,
OG0000058,LOC102585071_2.935812018,,,Ve1_2.58856152218694,,Ve1_1.19664377917132,
OG0000059,,LOC133801825_1.66968480868156;LOC133821323_-5.61301992898093,,,,,
OG0000065,LOC107061456_2.461711142,,,LOC101257064_3.24911251929844,,LOC101257064_1.24589833718682;LOC101259341_1.55171391234028,
OG0000066,LOC102580947_1.080045913;LOC102604128_1.243608205,LOC133819225_1.84786070916209,,LOC101247078_-2.13927272521547;LOC101248819_1.01429765027478,,,LOC102581671_2.732848673
OG0000067,LOC102584145_1.879421476,LOC133834539_-7.32115401438702;LOC133834489_5.09622033580534;LOC133834520_-2.42517297269685;LOC133781417_5.59198729958185;LOC133831258_3.40752687408536;LOC133784683_4.21359127660366,,LOC101249240_1.03928518116707,,LOC101252760_3.20744811476077,
OG0000068,,LOC133784000_-2.07915254297908;LOC133781537_-3.60877501868217,,,,,
OG0000069,,LOC133797873_-5.58430828045787,,,,,
OG0000074,,LOC133797433_2.75400851218262,,,,,
OG0000077,,LOC133814653_7.52886849230228;LOC133794940_-2.87147019776747,,,,,
OG0000079,,LOC133832741_2.4606001127044,,,,,
OG0000080,,LOC133821639_2.97439282261114;LOC133788576_1.36987112858593,,,,,
OG0000081,LOC102605491_1.73226736;LOC102590017_-1.103952251,LOC133822350_4.66727955472647,,LOC104649441_-1.40060866596029;LOC101265070_-1.01766658197729,LOC101218082_-1.0744447117011,,
OG0000088,LOC102598554_1.13587527,LOC133790348_4.24397188756422,,LOC101254849_-1.49126630885771,,,
OG0000090,,LOC133790593_-2.65154010521711,,,,LOC101262356_1.6716530054634,
OG0000092,,LOC133817015_1.33435008554209;LOC133817017_1.28937802466964,,,,,
OG0000093,LOC102585794_-1.720880552,LOC133801341_2.57869735291258;LOC133801342_-3.50350910262119;LOC133801343_-1.1722447691779,,LOC101254516_-2.04220061337925,,,LOC102599833_2.327474904
OG0000094,,LOC133794394_7.0143845218084;LOC133794395_4.21200374598581;LOC133794393_5.91927296453357;LOC133794392_6.79158654973028;LOC133797157_2.50250133353909;LOC133794953_4.22687212052238;LOC133794948_4.68207745121992;LOC133794950_2.09033779151753,,,,,
OG0000096,,LOC133805166_4.68805649720655;LOC133781974_2.20203341815938,,,LOC105436088_-1.43576358086238,,
OG0000097,LOC102586605_-1.059559825;LOC102589201_-1.27041764;LOC102604984_1.63681788,LOC133781658_4.52805613923404;LOC133781645_3.05987854615225;LOC133781657_1.68917324187964,,LOC101258876_1.0434127818893;LOC101258571_1.82597570658222,,,
OG0000098,,LOC133819667_2.24319310200281,,,,,
OG0000100,,LOC133797404_2.66370514005299,,,LOC101214675_-1.64831346849935,,
OG0000102,,LOC133821921_2.97902047209746;LOC133821919_3.90497229009242;LOC133821918_3.16278200828674;LOC133821899_2.70513377278497;LOC133821917_2.51970821260575;LOC133821903_4.21354866054299,,,,LOC101263961_1.25985343157164,
OG0000103,,LOC133790996_1.0149801908521,,,,,
OG0000104,,LOC133828788_4.13934504068617;LOC133829762_2.05672481141501,,,,LOC101266616_2.81381699357525;LOC101268751_1.13675918394477,
OG0000105,,LOC133822221_3.57758964352466;LOC133822216_7.25498190366977,,,,,
OG0000107,,LOC133818392_1.54616840187371,,,,,
OG0000108,,LOC133815732_3.28493867022409,,,,,
OG0000110,LOC102600451_-1.178282872,LOC133822716_-2.906437562789;LOC133822727_2.21945752197528,,LOC101251024_-1.21112589181551,,,
OG0000111,,,,,,UGT76E1_-3.1233899354619,
OG0000113,,LOC133819036_2.34432656552501,,,,,
OG0000115,,LOC133834445_1.4381822403134,,,,,
OG0000117,LOC102601558_1.993558214;LOC102602802_-1.249047079,LOC133819433_6.96691204511221;LOC133819431_3.82537057213602;LOC133819430_3.34000004231598;LOC133819441_7.58768685226754;LOC133819435_3.65525938035715;LOC133819439_5.91719846531193;LOC133819443_3.62358884676072,,LOC101246381_-1.50112619686366;TSI-1_-1.16791849672813,,TSI-1_3.55611649916276;LOC101244652_1.84943952636069,
OG0000120,LOC102598281_-1.07322262,LOC133824598_4.39791881103976;LOC133789133_-3.59286546200504,,LOC101265297_1.40138845357512,,LOC101263799_2.44607138316152,
OG0000123,LOC102590684_2.461861037,LOC133812813_3.49599089021232;LOC133812798_1.49401885131321,,LOC101267231_1.10477197508308,,,
OG0000124,,LOC133829741_-2.74829625785469;LOC133829756_-3.39995233615827;LOC133829694_-4.8640399126327,,,,,
OG0000125,,LOC133822583_-3.89148832790896;LOC133834285_-6.52650381362896;LOC133822591_3.15313009768392,,,,,
OG0000126,,LOC133802432_1.2851357403616;LOC133802433_2.60808471302543,,,,,
OG0000127,,LOC133818792_1.43378351719933,,,,,
OG0000128,LOC102585403_3.824897275;LOC102598583_1.208066346,LOC133819922_1.2960606295189;LOC133819925_2.22028836208242;LOC133819936_2.07331406285156;LOC133819933_1.87036600121958,,ODD_3.09302873408121;LOC101250009_1.06569256758717,,LOC101244528_-1.25061274316354;ODD_1.3065270610988,
OG0000129,,LOC133778246_8.41541146920892,,,,,
OG0000130,,LOC133814244_-3.41635069479128;LOC133817784_-1.21958021208895,,,,,
OG0000133,,LOC133790504_2.74909421138056;LOC133791289_3.07033356723333;LOC133790502_1.68012094685728;LOC133817643_3.32366402070795;LOC133817660_8.81705050606353;LOC133817644_4.17859233590251,,,,,
OG0000135,,LOC133789201_-8.04786279585816;LOC133789208_-8.46319912322801;LOC133800515_3.63221700696428;LOC133799390_5.28814464298867;LOC133831439_1.32498884592204;LOC133800533_4.22892302122168;LOC133786117_4.90961261354543;LOC133801603_2.02842201520885;LOC133777735_4.90244366853595;LOC133801919_1.72112881188777;LOC133777734_1.46492570756358;LOC133799394_2.09574566596928,,,,,
OG0000136,,,,,,LOC101260686_1.73478642745697,
OG0000141,LOC102602952_-1.639351196,LOC133805373_4.53167611173847;LOC133797986_2.78077868627467;LOC133805831_3.29435455980149;LOC133804141_3.0039740314042;LOC133804250_3.93004903775645,,LOC101265038_1.87470323016399,,,
OG0000143,,LOC133834332_1.63746535349262,,,,,
OG0000145,LOC102580068_-1.062267771;LOC107058868_1.432476098,LOC133812673_2.35875759856119,,LOC101261461_2.27177553663595;LOC101250479_3.11666059146226,,LOC101244925_3.56659489013088;LOC101261461_3.21024883756094;LOC101266892_1.28216588810347,
OG0000147,LOC102583191_-1.122670301,LOC133783219_-3.58869697711897,,LOC101251277_-1.734084243217,,,LOC102594074_1.627524614
OG0000151,,LOC133824395_7.98396308730368;LOC133825737_6.20009211035795;LOC133825740_6.40357281224869;LOC133824398_6.21564466038892;LOC133825735_2.72811083956558;LOC133818014_2.58128349566465,,,,,
OG0000155,,LOC133822064_-1.6336827458889,,,,,
OG0000160,,LOC133801904_4.89443884658093;LOC133794202_2.23471797373143;LOC133801492_2.5464872288328,,,,,
OG0000161,,LOC133783845_4.02049783769178,,,LOC101206718_-1.36529294981714;ERAF16_-1.13731964721436,,
OG0000162,LOC102586553_-1.074352374,LOC133794072_5.50435625991927,,LOC101245896_3.56583110195217,,LOC101262533_-1.64422557747446,
OG0000166,LOC102585817_1.312375599,,,LOC101267988_-1.12477197230399,,,
OG0000167,,LOC133829939_-3.67325643353343,,,,,
OG0000168,,LOC133789665_-1.84121021721812,,,,,
OG0000178,,LOC133823071_-4.33844456946262;LOC133830835_1.19975456275988;LOC133788676_-5.89751772204498;LOC133818936_1.02456019228012,,,,,
OG0000180,,LOC133801487_6.57269058982768;LOC133801486_2.87105771908155;LOC133799306_2.12941080287452;LOC133801496_5.35995619311117;LOC133801914_2.18674939192788;LOC133800635_2.47582586661893,,,,,
OG0000184,,LOC133819718_1.28100047836989;LOC133824800_-4.17620519850559;LOC133819719_2.49723176043238,,,,,
OG0000187,LOC102604654_-1.553094816,LOC133793594_-1.64534046506099,,LOC101253159_-1.80809322994731,,,LOC102589972_2.964421024
OG0000188,,LOC133790603_1.23930516696935,,,,,
OG0000190,,LOC133823616_8.09783522483035;LOC133822033_4.80122857044792,,,,,
OG0000192,,LOC133794597_6.46445344025019;LOC133794598_6.43392740051768;LOC133794600_2.2698655385494,,,,,
OG0000193,,LOC133831602_6.53345703841463,,,,,
OG0000194,,LOC133803344_1.07735324929903,,,,,
OG0000195,,LOC133834529_2.24260642840082;LOC133834530_1.87427868323102;LOC133781415_2.81303789042887;LOC133783409_5.4596094357269;LOC133834534_2.05399702292446;LOC133783655_2.37478415702188,,,,LOC101250956_1.16569387731508;LOC101251453_1.39108638573087,
OG0000197,,LOC133834183_4.63534686368725;LOC133834180_2.36887147730201;LOC133834153_2.25039562623581;LOC133834185_4.31043650838982;LOC133782022_5.06315398066258;LOC133834186_4.18245245167929,,,,,
OG0000204,,LOC133831214_-1.33123722887611;LOC133831211_1.79637219876494,,,,,
OG0000208,,LOC133817224_4.01557590785802;LOC133817226_-3.05531698012505,,,,,
OG0000209,LOC102590248_1.633945976,,,LOC101246409_1.06224147923005,,,
OG0000210,,LOC133780161_6.50269847419442;LOC133780150_7.32191335782347;LOC133834641_2.77044844772103;LOC133780154_1.58457705172971;LOC133778520_1.67141933897674,,,,,
OG0000215,LOC102582553_2.46078216,LOC133822249_-3.47380130570746;LOC133822248_-2.90670343317582,,LOC101249457_-1.50301165091694,,,
OG0000216,,LOC133821846_2.31094536443059;LOC133820897_2.66582321824396;LOC133821847_1.40950788695436,,,,,
OG0000222,,LOC133815638_1.52365784839874;LOC133817879_3.71792230252268,,,,,
OG0000224,,LOC133791106_1.26697929750306;LOC133824803_2.91601796424316,,,,GRAS4_1.27068097993235,
OG0000226,LOC102578315_-1.251130934,,,LOC101249249_1.04416097699557,,LOC101247130_2.59098158400167,
OG0000228,,,,,LOC105435665_-24.0030758548295,,
OG0000229,,LOC133798358_4.81665800834121,,,,,
OG0000240,,LOC133818414_-1.00355453694147,,,,,
OG0000245,,LOC133797605_-3.64087366540988;LOC133797602_-1.37715066821922,,,,LOC101244886_-1.07474999596972,
OG0000249,,LOC133777723_-3.59554588771473,,,,,
OG0000250,,LOC133817860_2.36338409383227;LOC133817864_1.60873783839413;LOC133834169_2.39106466906247;LOC133783369_1.25814233790649,,,,,
OG0000251,,LOC133800970_-1.12057787669421,,,,,
OG0000253,NIR_-1.229136075;LOC102600799_1.31148872,,,LOC101260634_-1.56728488895238,,,16R_-1.941279749
OG0000255,,LOC133819285_2.16549443994931;LOC133804266_5.81270586735031,,,,,
OG0000256,,LOC133804136_1.42969378688181,,,,,
OG0000257,LOC102579389_1.66307824,LOC133822969_-3.37960478684905,,LOC101261933_-1.45503387694601,,,
OG0000258,,LOC133778776_6.98736849968239;LOC133783293_5.83522657887677;LOC133807398_4.06765765325662,,,,,
OG0000259,LOC102588089_1.172106964,LOC133782637_1.18509557615063,,LOC101257618_3.13714092288294,,,
OG0000261,,LOC133789051_-2.90845350604072;LOC133819467_-2.80303235789925;LOC133795512_1.18509383783525;LOC133819468_2.61008745599577;LOC133782897_-2.24263299836776,,,,,
OG0000263,LOC102591739_2.651625942,,,LOC109119848_-1.83875924148403,,,LOC102583621_2.129203169
OG0000264,,LOC133822870_-3.37322287923198,,,,,
OG0000271,,LOC133797248_6.18484950711206;LOC133778571_2.61542359732679,,,,,
OG0000273,LOC102588131_1.702873942;LOC102589531_1.243319531,,,LOC101266471_5.67248748659429;LOC101250569_2.47399316905512,,,
OG0000276,,LOC133794689_-1.07561213186572,,,,,
OG0000277,,LOC133819521_8.16628898935544;LOC133790465_6.09955767765046,,,,,
OG0000284,,LOC133804491_3.72207760940787;LOC133804002_4.01819655614628;LOC133804680_3.56364930107566;LOC133803233_3.75885648133384;LOC133804470_2.65251356520637,,,,,
OG0000289,,LOC133834576_-1.63960540072204,,,,,
OG0000290,,LOC133811472_8.15255364429292;LOC133811503_5.19243526240139,,,,,
OG0000292,,,,,,LOC101251733_1.14289836459074,
OG0000296,LOC102582853_1.257171362,,,LOC101264199_3.22052920866094,,,
OG0000298,,LOC133812949_-5.90218646367724,,,,,
OG0000305,,LOC133797662_-3.13149176750298,,,,,
OG0000309,LOC102604552_-1.03698761,,,LOC101251636_-1.06892266258457,,,
OG0000310,,LOC133794123_1.82160357737882,,,,,
OG0000312,LOC107059706_-2.180508063,,,Dea1_-1.44155282954782,,,
OG0000313,LOC102585865_-1.090370429,,,LOC101261799_4.4196468755712,,LOC101261799_2.66314552946678,
OG0000316,LOC102593655_3.918891183;LOC102582494_1.287353205,LOC133796883_1.54254858496006,twi1_5.01693544956753,twi1_1.82681818755308;GAME1_-1.4599737810671,,GAME1_-1.0386628390282,
OG0000317,,LOC133831359_-1.97531695493115;LOC133831357_-2.06576965842162,,,,,
OG0000332,,LOC133829999_7.17025795171266;LOC133822427_2.73745106640508,,,,LOC101255592_-1.08086480891366,
OG0000337,,LOC133829929_5.08849561817727,,,,,
OG0000346,,,,,,LOC101253295_1.799497983084,
OG0000347,,LOC133816903_1.77822749674893,,,,LOC101260531_1.64516646602752,
OG0000348,,LOC133791091_1.62092415968481,,,,,
OG0000351,,LOC133778595_1.68938713945353;LOC133834554_3.04894237084817,,,,,
OG0000352,,LOC133791323_1.30427764997885,,,,,
OG0000356,,LOC133829738_-1.97760954965312,,,,,
OG0000358,,LOC133785166_2.41633413098925,,,,LOC112941846_2.6974103049287;LOC101252819_1.18024991794862,
OG0000361,LOC102603616_2.496819307,,,LOC101255839_-1.69866130858782,,,LOC102604525_1.300538213
OG0000362,,LOC133819391_1.86133623382438,,,,LOC101248717_2.84997973755269,
OG0000367,,LOC133803859_3.58464825243554,,,,,
OG0000371,,LOC133802180_1.72359929919077,,,,,
OG0000374,,LOC133819898_3.44875053873829;LOC133819894_1.55016362217253,,,,,
OG0000379,,LOC133818566_-1.91634303154493,,,,,
OG0000380,,LOC133782609_3.86188380597836,,,,,
OG0000381,,LOC133801640_1.66386524354401,,,,,
OG0000382,,LOC133800659_6.11953877697986;LOC133801433_2.36282797196788,,,,,
OG0000388,,LOC133789183_1.31218016234451,,,,,
OG0000389,,LOC133824869_-5.46868092241006,,,,,
OG0000390,,LOC133806661_-2.58885162980956,,,,,
OG0000391,,LOC133819272_3.28158229965907,,,,,
OG0000393,,LOC133829974_1.09257884769544,,,,,
OG0000394,LOC102604680_-1.367565067;LOC102606129_1.572249491,LOC133804255_4.50300570287744,,LOC101267468_2.45194990793334;LOC101265517_1.7035898806948,,,
OG0000395,,LOC133801281_-1.69582881713338;LOC133801273_3.67219197971617;LOC133801275_2.75856685796459;LOC133801263_2.48439484956664,,,,LOC101265571_1.23809991166417;ctu1_1.40853664239413;LOC101268216_3.43980890174334,
OG0000397,LOC102583844_1.347340837,,,LOC101254582_1.15499542528276,,,
OG0000400,,LOC133801620_2.98445199667469;LOC133801619_5.78640524218423;LOC133801622_3.15193914712144,,,,,
OG0000401,,LOC133796393_-4.2576025603797,,,,,
OG0000415,LOC102592299_1.882618241,LOC133788002_4.03873875538436;LOC133787986_-1.76166143569985,,LOC101260928_1.27666915587329,,LOC101260928_1.58712555371695;LOC101258393_1.17639683759569,
OG0000431,LOC102592890_-1.33083769,LOC133798065_2.11846005141526,,ERF-A5_2.89786366669008,,JRE4_-1.14903630591637;ERF-A2_2.10680125451132;PTI4_1.53502825339675;JRE1_4.81689067598292;JRE2_4.99862426446764,
OG0000435,,LOC133800062_2.16832043734012,,,,,
OG0000438,LOC102579297_1.56310678,LOC133790800_3.98280205545522,,LOC109118983_1.53661484445557,,LOC101247659_2.11272403557223,
OG0000442,LOC107058793_-1.388463817,LOC133794550_1.82842635414894,,LOC101252373_1.91647231456887,,LOC101252550_1.51239087136452,
OG0000444,LOC102601089_-1.515012222,,,ABCC2_1.13232649472825,,,
OG0000447,,LOC133817843_-3.7505648826947;LOC133830739_-3.58175261940082,,,,,
OG0000451,LOC102588077_2.12164947;LOC102581489_1.138787386,,,LOC101250536_1.21714887672679;LOC101250829_1.43618389045179,,,
OG0000452,,LOC133817990_1.6324767622596;LOC133828816_2.07586154452686;LOC133829952_1.02531975151224,,,,,
OG0000454,,,CEVI-1_3.10072050818556,,,,
OG0000457,,,,,,LOC101248330_-1.04326922634461,
OG0000460,,LOC133801593_4.6600002322536,,,,,
OG0000473,,LOC133834286_-6.08389465284493;LOC133834278_-6.23271761101518;LOC133834280_-5.31586920000617,,,,,
OG0000474,LOC102577921_1.079172407,,,LOC101253711_-1.32281073405405,,,
OG0000476,,LOC133798352_-5.60329386576815;LOC133800519_1.49811721021838,,,,,
OG0000477,,,,,,LOC101261193_-1.09983680588213,
OG0000478,,LOC133798554_1.13765997447413,,,,,
OG0000487,PDR4_1.212494097,,,LOC101244940_-1.004297613681,,,
OG0000489,,LOC133777996_7.01346713869522;LOC133803165_1.57571424573606;LOC133801940_3.00104979907213;LOC133799375_2.48702170518576,,,,,
OG0000492,,LOC133783747_-2.41303943390717,,,,,
OG0000494,,LOC133830208_2.21794508817379,,,,,
OG0000500,,LOC133801214_-6.55408839956381;LOC133815878_-1.96285921948296,,,,LOC101256480_-1.11638493129506,
OG0000502,,LOC133825259_4.40037831588572,,,,,
OG0000504,LOC102589532_-1.356580512,,,LOC101249609_-1.27006816109222,,LOC101249609_1.18317988314072,
OG0000508,LOC102587590_1.839520364,,,LOC101268695_1.6734719937494,,,
OG0000509,,LOC133818282_2.72193553385989,,,,,
OG0000512,LOC102591470_-1.159991557,LOC133818054_-1.08390692291953,,LOC101264625_1.37257904754328,,,
OG0000513,,LOC133782886_4.85249338694776,,,,,
OG0000515,,LOC133818377_-1.60516046432979,,,,,
OG0000523,,LOC133829611_2.7768473672479,,,,,
OG0000525,LOC102605099_-1.433847016,,,LOC101261742_-1.41851601976059,,,
OG0000527,LOC102591854_1.07091204,,,LOC101261233_-1.16875096483252,,,
OG0000530,,LOC133783092_-3.60198230618011,,,,,
OG0000536,,LOC133818585_1.62040649199615,,,,,
OG0000541,,LOC133778634_1.49559187817703,,,,,
OG0000545,,LOC133824558_-2.87275922319826;LOC133830622_2.23861266390653;LOC133832389_1.81604189279126;LOC133802419_2.09954360556707;LOC133818936_1.02456019228012;LOC133782928_2.27116850406752,,,,,
OG0000546,,LOC133823872_2.67125664934652;LOC133829082_-1.91460311341672;LOC133794761_-2.94193724113051;LOC133793470_-3.97465586579441,,,,,
OG0000548,,LOC133818521_1.33200794404993,,,,,
OG0000550,,LOC133815844_-1.4810368270158,,,,,
OG0000552,,,,,,LOC101250962_1.07801885817711,
OG0000564,,LOC133801383_3.64766200862499;LOC133831649_-5.4422295281761;LOC133801397_3.87956173174151;LOC133802575_5.20137380331002;LOC133801391_4.02848225876637;LOC133801381_5.07956666926967,,,,,
OG0000569,,LOC133804672_5.96996689829954,,,,,
OG0000570,,LOC133789114_6.71758672016828,LOC100191111_3.26466535939212,,,,
OG0000573,,LOC133830682_-1.20821472583146,,,,,
OG0000575,,LOC133822010_3.09448853470287,,,,,
OG0000576,,LOC133781957_1.78563770075472,,,,LOC101264281_1.07276068326975,
OG0000577,,LOC133804092_3.92287554059621;LOC133777595_4.88908031902235,,,,,
OG0000578,LOC102605430_-1.078065464;LOC102593756_1.100859327,LOC133819260_3.13724718973246,,LOC101255332_-1.45695614109959;LOC101255625_1.14708599684272,,,
OG0000579,LOC102597633_1.735847781;LOC102600986_1.322707602,LOC133783539_-8.53135605180842,,LOC101256015_-1.27168505054836;LOC101252861_-1.08374774879726,,LOC101252861_1.13525914540415,
OG0000581,LOC102594548_-1.365247544,,,RDRP_1.10657411882281,,,
OG0000582,,LOC133822225_4.18898854299558,,,,,
OG0000583,,,,,,LOC101260442_1.49890941197347,
OG0000586,,,,,,LOC101262152_1.47164645136944,
OG0000588,,LOC133823589_1.76769453444037;LOC133788854_1.3298568849213,,,,,
OG0000598,LOC102588449_-1.098833104,,,LOC101248706_1.25083329250985,,,
OG0000607,,LOC133800904_1.72877958386982,,,,,
OG0000608,,LOC133794893_3.31753053597129,,,,,
OG0000611,LOC107059131_-1.378479883,LOC133794784_2.83370063508215,,LOC101254097_1.1049107139708,,,
OG0000618,LOC102591359_2.057533662,,LOC101264700_3.47796743962962,LOC101264700_2.50270007845811,,,
OG0000622,,LOC133797500_-5.63123833500878;LOC133797502_2.38135457834145,,,,,
OG0000623,LOC102584563_-1.523216187;LOC102583986_-1.41038459,,,LOC101261737_-1.48768055288915;LOC101260854_-1.10545056314664,,,
OG0000624,,LOC133797963_2.07657860709084;LOC133797966_2.15255661138791,,,,,
OG0000625,LOC102581508_1.499952277,LOC133805982_2.53099616477749,,LOC101265986_1.34623520395566,,,
OG0000627,,LOC133834406_1.39754510083533,,,,,
OG0000628,,LOC133793660_-3.62064557610899;LOC133834728_1.76898751956185,,,,,
OG0000629,,LOC133805140_1.44171073962195,,,,,
OG0000632,,LOC133797236_3.82708992715214,,,,,
OG0000633,,LOC133824648_-5.07861191468,,,,,
OG0000634,,LOC133792747_-1.05732242190208,,,,,
OG0000635,,LOC133783056_4.92923061758592;LOC133783050_4.42540417865962,,,,,
OG0000640,,LOC133794184_1.02373272493458,,,,,
OG0000641,,LOC133782745_1.7399049131795,,,,,
OG0000649,LOC102595552_-1.023560686,,,LOC101263766_1.60379088568896,,,
OG0000652,LOC107063122_-1.497073166,,,LOC101247111_-1.12974813969868,,,
OG0000663,LOC107061997_-1.068049874;LOC102600532_1.069027668;LOC102599130_1.288088544,,,exp18_-2.03775481492398;EXP1_-1.31333716482148;exp9_-1.64398812705411,,,LOC102598120_3.914978659;LOC102600694_1.216974292
OG0000666,,LOC133818155_1.80241796676058,,,,,
OG0000669,,LOC133777417_1.12191711795212;LOC133786785_1.82562478816535,,,,,
OG0000670,,LOC133812570_1.33559016262961,,,,,
OG0000671,LOC102600196_1.024599343,,,LOC101254950_-1.44774597285058,,,
OG0000673,,LOC133818275_1.56065528621832,,,,LOC101255096_1.38978182165607,
OG0000677,,LOC133784658_1.60195281654171,,,,,
OG0000680,,LOC133821904_1.40141846902909;LOC133821886_2.04534327001144;LOC133821888_1.27735832778843,,,,,
OG0000682,,,,,,LOC101247399_1.47612771066378,
OG0000685,LOC102602960_1.150070648,,,LOC101265165_1.12782179670297,,,
OG0000686,,LOC133800151_-1.64941046452343,,,,LOC101267913_-5.8375632072019,
OG0000687,,LOC133817883_1.95499937497109,,,,,
OG0000691,,LOC133795183_1.53262947187182,,,,,
OG0000696,LOC102581417_-1.954546272,,,LOC101257764_1.26798862282485,,,
OG0000697,,LOC133829568_1.11374999461927,,,,,
OG0000698,,LOC133822773_2.45766694176505,,,,,
OG0000702,,LOC133791090_1.15966993534587,,,,,
OG0000714,LOC102581866_1.197791765,,,LOC101263742_-1.07107450467713,,,
OG0000721,,LOC133797856_1.29827913027257,,,,,
OG0000727,,LOC133798600_-5.26084270773832,,,,,
OG0000738,LOC102586693_1.939394643,LOC133783305_1.58355262250478,,LOC101263765_1.13035840699439,,,
OG0000745,,LOC133794196_-1.52890246704407,,,,LOC101251823_1.11907103029702,
OG0000747,LOC102602426_1.538087131;LOC102586960_1.081612748,,,LOC104645681_2.30524473240259;LOC104645721_1.53638080151567,,,
OG0000748,,LOC133782062_6.53133480337822;LOC133782063_5.75748647194183,,,,,
OG0000749,LOC102591287_1.22940316,,,LOC101055571_1.02768869294514,,,
OG0000752,,LOC133797718_1.77016399469002;LOC133790563_2.62714539603115;LOC133790561_-2.10158610717211;LOC133790565_1.19334357999352;LOC133789406_-4.17985001735077;LOC133790562_3.38198114963964,,,,,
OG0000754,,LOC133822468_-5.98754721773415;LOC133821111_6.53933999073109,,,,,
OG0000757,,,,,,ABCB9_1.01068203778418,
OG0000758,,LOC133829350_-5.53897653785387,,,,,
OG0000763,,LOC133797401_1.11183156941976,,,,,
OG0000765,LOC102580803_2.312768288,,,LOC101257588_-1.87943177722709,,,LOC102606102_5.253428714
OG0000768,,LOC133790335_3.97129204577126;LOC133790334_1.62695994321743,,,,,
OG0000770,,LOC133801647_3.09135472006607,,,,,
OG0000772,,LOC133791022_2.43193276377157;LOC133831752_2.23367520916302,,,,LOC101261885_3.05551251207065;LOC138339491_2.13038978855737,
OG0000779,LOC102599748_1.138476748,,,LOC101245593_1.91255105281148,,,
OG0000780,,,,,,LOC101246126_1.32538556854999,
OG0000782,,,,,,LOC101260808_1.03736831789012,
OG0000785,,LOC133782829_2.70610186637542,,,,,
OG0000788,,LOC133818983_1.27972490416887,,,,,
OG0000795,LOC102582766_1.08922839,,,LOC101262174_1.35903728823004,,,
OG0000797,,LOC133788532_1.33351849104188;LOC133798562_1.95721545677012;LOC133801567_1.40595217590326,,,,,
OG0000800,LOC107058602_-1.46159236,,,LOC101264367_-1.20836760079042,,,
OG0000801,LOC102579718_1.857257512,LOC133831480_-2.81572193365829,,LOC101254400_1.43050245902711,,,
OG0000809,,LOC133822167_2.33120582528732,,,,,
OG0000811,,LOC133798376_3.98692888447644,,,,,
OG0000817,LOC107058761_1.918339501,,,BR1_-2.0210499412828,,tXET-B2_3.43088864599405;LOC543916_1.72692551801987,LOC102581469_3.895034986
OG0000818,,LOC133818039_4.09387743795656,,,,,
OG0000823,,,,,,LOC543701_2.52010780194265,
OG0000826,,LOC133821700_-1.63993067269437,,,,,
OG0000827,,LOC133794349_2.14999870119518,,,,,
OG0000829,,LOC133798116_1.37301454729185,,,,,
OG0000830,,,,,,LOC101260740_1.58738045683464,
OG0000835,,LOC133790297_1.15231280505035,,,,,
OG0000838,,LOC133818245_5.6256043524281,,,,,
OG0000841,,LOC133788571_1.57425423446446,,,,,
OG0000849,,,,,,LOC101263809_1.09390619244481,
OG0000858,,LOC133805226_3.14018733355403;LOC133822500_4.04383780412977,,,,ERF-D5_3.00757565642223,
OG0000859,,LOC133800525_1.20281800098341,,,,,
OG0000860,LOC102592324_1.104620636;LOC102587531_-1.057608368;LOC102582293_1.178661041,LOC133797122_1.85106539253995;LOC133778749_2.4859651050515;LOC133797121_2.30902057525109;LOC133797123_1.93990046320626,,LOC101247644_4.01651471422992;LOC101260016_1.18536317379707,,,
OG0000861,,LOC133795263_1.54118933715351,,,,,
OG0000864,,LOC133801107_1.07792897069543,,,,,
OG0000868,,LOC133822574_1.73137559540808;LOC133794211_2.74155461677021;LOC133822561_1.04938241959338,,,,,
OG0000871,,LOC133834420_1.80275167397751;LOC133834419_-2.37355852480537;LOC133834418_1.43538490666217,,,,LOC101256566_-1.20053027936774,
OG0000879,LOC102591898_-1.184001481,,,LOC101263279_-1.18919370104425,,,
OG0000889,,LOC133793590_5.78307152280038,,,,,
OG0000890,,LOC133822187_5.08088829710842;LOC133822190_3.27844540901377;LOC133822188_3.62943629734266,,,,,
OG0000891,,LOC133795042_-3.34701620485544,,,,,
OG0000893,LOC107058867_1.29380343,,,ABCC5_1.50235895078098,,,
OG0000896,,,,,,LOC101250152_2.41366552199235;LOC101254632_2.6907399748763;LOC101255237_1.63554251478715,
OG0000899,,LOC133798369_-1.15912982483196,,,,,
OG0000900,,,,,,LOC101258756_-3.26422982487684,
OG0000903,,LOC133817007_-1.23104728784779,,,,,
OG0000905,,LOC133807400_1.73096579819912,,,,,
OG0000911,,LOC133818964_5.35526546875966;LOC133818966_-2.02292777653902,,,,,
OG0000914,,LOC133798507_-1.29043340701031,,,,,
OG0000922,LOC107062156_1.827513591,LOC133778365_7.69563975683853;LOC133821853_3.21091592298625;LOC133778364_6.0206640329473;LOC133821854_2.34573374389163;LOC133778361_5.21235626836341;LOC133834047_-3.75434583691035,LOC543878_4.45421402429623,LOC543878_-1.00932457279516,,PR-5_1.27758101162904;LOC104645134_1.33365881805716,
OG0000934,LOC102590625_-1.090114277,,,LOC101264836_-1.08466139642876,,,
OG0000935,,LOC133823588_2.37695606308073,,,,LOC101268603_3.78252699927394;LOC101266548_2.12794415208252;LOC101267151_4.1906092515246,
OG0000942,,LOC133822705_2.85558503879214,,,,,
OG0000953,,LOC133795745_-5.63054479145933,,,,,
OG0000961,,LOC133788343_-1.57167278257244;LOC133824271_3.40993069025326,,,,,
OG0000964,LOC107059980_-1.586488979,,,ABCG33_1.1138804925276,LOC101208054_-1.32072328236028,,
OG0000965,,LOC133816780_5.02767959231708;LOC133783073_2.88580559451787,,,,,
OG0000970,,LOC133831142_2.77243005114136,,,,LOC101259996_1.41961304655754;LOC101249986_1.15376475886724,
OG0000973,,LOC133817265_-1.66119137803091;LOC133784109_-1.35918263889884,,,,,
OG0000977,,LOC133830239_1.60194297282074,,,,LOC101266924_1.38711985185846,
OG0000994,,LOC133790206_2.08179052921314,,,,,
OG0000996,,LOC133798639_4.17893165104427,,,,,
OG0000998,,LOC133834751_1.04304288818838,,,,,
OG0001000,,LOC133801161_-1.41949814673219,,,,,
OG0001005,,LOC133811075_2.32580662078661,,,,,
OG0001011,,LOC133782842_2.20467053662198,,,,,
OG0001016,,LOC133798595_1.01696214166776,,,,,
OG0001018,,,,,LOC105434601_-2.04192501046951,,
OG0001023,,LOC133824239_4.54879229307273;LOC133824241_5.80673992931729;LOC133824235_3.40140129410455,,,,,
OG0001024,,LOC133781695_3.2722122770478,,,,,
OG0001026,,LOC133791077_1.86138142962334,,,,,
OG0001027,LOC102578169_-1.196654395,,,LOC101266893_2.08335082401686,,,
OG0001035,,LOC133819295_-1.54270397135194,,,,,
OG0001043,,LOC133778003_6.28350014499106;LOC133777989_2.42690512620473,,,,,
OG0001046,,LOC133791139_1.85111476603197,,,,,
OG0001049,LOC102604208_1.782922569,,,LOC101268463_1.66499451339417,,,
OG0001053,,LOC133798339_2.43569831558378;LOC133789545_2.73714652847468,,,,,
OG0001056,LOC102591012_1.296969838;LOC102588352_1.312464116,LOC133798359_5.04614308363842,,LOC101245087_-1.57981643985411;LOC101265786_2.1084348301158,,,LOC102582841_2.437581097
OG0001057,,LOC133829652_6.14865335065353;LOC133809553_-1.86213559156455;LOC133829653_6.26663305239364,,,,,
OG0001071,LOC102582888_-2.360314265,,,CYCD3C2_-1.20098358099806,,,
OG0001072,,,,,,LOC101250420_1.23856400392223,
OG0001075,,LOC133794576_2.43341169631284;LOC133794579_-1.82305058420988,,,,,
OG0001078,,LOC133781711_2.64780374856981;LOC133781686_2.27022166167963,,,,,
OG0001086,,LOC133825765_-4.14923256324065,,,,,
OG0001088,,LOC133824835_-1.39173121939635;LOC133824888_-1.77675933101677;LOC133824833_1.08495658840767,,,,,
OG0001092,,,,,,LOC101253669_1.64367770439185;LOC101245711_4.5412705761178,
OG0001097,,LOC133796764_1.57304918160938,,,,,
OG0001107,,,,,LOC101216002_-1.42741534675468,,
OG0001108,LOC102605302_1.26467384,,,EREB_2.23444362173767,,,
OG0001109,LOC107057752_-1.966775966;LOC102592553_-1.140916763,LOC133787549_1.30587417385593,,LOC101261024_1.69492923722356;LOC101257025_1.10807314037419,,,
OG0001130,,LOC133801395_3.30067877323667,,,,,
OG0001135,,LOC133783468_-7.85766693492898,,,,,
OG0001139,LOC102583161_-1.41208053,,,GAME18_-1.55371832722377,,,LOC102590022_1.486923162
OG0001145,,LOC133794183_1.15596015236459,,,,,
OG0001150,LOC102605303_-1.059929836,LOC133798064_2.08682488196577;LOC133778099_2.01765962462623,,ERF-B5_-1.15010443733012,,ERF5_1.50949468041355;ERF-B5_1.25457555920014;DDTFR10A_1.06068833033604,
OG0001156,LOC102604320_-1.503269307,,,LOC101250736_-1.54267289163052,,,LOC102593654_1.61014643
OG0001159,,LOC133831423_-2.62850861307836;LOC133829645_5.06048532132898,,,,,
OG0001167,,LOC133794315_3.41128101055033;LOC133794316_4.19508160810834,,,,,
OG0001169,,LOC133803470_4.84901255071376;LOC133803551_1.52806895262435;LOC133805632_1.92194727188551,,,,,
OG0001180,,,,,,LOC101267223_2.78548036825622,
OG0001181,LOC102586669_2.501662791,,,LOC101245065_2.01965439726415,,,
OG0001184,,LOC133823007_5.42126472792027;LOC133823006_2.0457101209475;LOC133817963_-1.49768725763389,,,,LOC101247877_1.71644124438606,
OG0001194,,LOC133819748_1.15960884027747,,,,,
OG0001199,LOC102600498_-1.62965373,LOC133812640_-3.00478659987827,,LOC101252663_-2.06036580233757,,,LOC102592819_4.00860416
OG0001205,,LOC133823947_4.12807707038032,,,,,
OG0001210,,LOC133823442_-1.61747517301543,,,,,
OG0001215,LOC102588598_-1.03629526,,,LOC100301920_1.26667351109358,,,
OG0001216,LOC102581529_2.956476556,LOC133783120_-1.67620285994744,WRKY81_2.84030769624618,WRKY81_3.95717179804707,,WRKY81_1.3889764960005,
OG0001218,,,,,LOC101216829_-1.49482565030607,,
OG0001219,,LOC133830409_-1.11126583213476,,,,,
OG0001220,,LOC133794981_2.68671713078309,,,,,
OG0001222,,LOC133817333_3.46603154260192,,,,,
OG0001228,LOC102602717_-1.081827269,,,CHI1_-2.20352208639764,,,LOC102582832_3.620592542
OG0001232,,LOC133806958_2.56612683057031,,,,,
OG0001233,LOC102598259_1.480328582,,,TCP3_-1.51516333192577,,,LOC102599011_4.900201738
OG0001235,,LOC133797694_-1.40555335641845,,,,,
OG0001236,LOC102601783_1.607971052,,,LOC101256870_1.1960695750019,,,
OG0001238,,LOC133796876_1.19780618524749,,,,,
OG0001241,,LOC133798092_3.57428097881931;LOC133793953_3.12287588388177,,,,,
OG0001243,,LOC133796582_1.89726953143168,,,,,
OG0001245,LOC102606359_-2.163365946,,,LOC101267733_1.32290776351937,,LOC101267733_1.18591020544807,
OG0001247,LOC107060147_-1.38662579,,,LOC101247990_-2.19122762678503,,,LOC102596960_3.158104025
OG0001249,,LOC133829963_7.77477210782932,,,,,
OG0001250,,LOC133830976_-3.88483410988048,,,,,
OG0001261,LOC107058738_-1.192254932;LOC107063351_1.014347036,LOC133790828_-2.55095836805302,,LOC101250654_1.7330150081751;LOC101247696_-1.1236528351252,,,
OG0001262,LOC102603731_1.509955288,,,LOC101267728_1.86799395707969,,,
OG0001263,,LOC133778500_3.31888425754024,,,,LOC101258194_2.72923053364874,
OG0001268,,LOC133811419_-4.15798656556063,,,,,
OG0001276,,LOC133796399_1.06813083778214,,,,,
OG0001281,,,,,,HSP17.4_1.98171139515732,
OG0001282,LOC102606321_-1.955806693,,,LOC101264799_-1.02938121346623,,,
OG0001286,,,,,,LOC101257433_1.32252383088094,
OG0001290,,LOC133804043_1.87204365211935,,,,,
OG0001298,LOC102580126_2.360135081,,,LOC101246264_-1.24475728025996,,,
OG0001301,,,,,,LOC101263528_-3.825238590219,
OG0001312,,LOC133797952_-2.15155352348475,,,,,
OG0001317,,LOC133801470_1.3322804998237;LOC133801467_1.52015156007799,,,,,
OG0001318,,LOC133790410_5.70235308958079;LOC133790419_5.33143094518771,,,,,
OG0001319,LOC102588630_1.752806869,,,LOC101263714_-1.10721041108709,,,
OG0001323,LOC102591342_1.07552097;LOC102590240_1.239506856,,,LOC101259034_-1.27773147092706,,,
OG0001331,,LOC133796815_1.22295540430487,,,,,
OG0001338,,LOC133831565_-1.05414406044686;LOC133833130_4.33280633223905,,,,,
OG0001345,,LOC133828769_-2.6254748557621,,,,,
OG0001353,LOC102589571_1.242942343,,,LOC101253258_1.75690003264145,,,
OG0001355,,LOC133817102_4.82444168205905,,,,,
OG0001358,,LOC133784722_1.37906759078677,,,,,
OG0001359,,LOC133790735_1.37637250905684,,,,,
OG0001362,,LOC133822430_2.52530678055563,,,,,
OG0001368,,LOC133798276_2.17526005702182,,,,,
OG0001369,,,,,,LOC101248193_1.26227195770434,
OG0001371,,LOC133810212_2.50931638312952,,,,,
OG0001374,,LOC133795213_-3.31931171216828,,,,,
OG0001376,,LOC133823539_-1.45753425049763,,,,,
OG0001379,,LOC133819643_1.14426720555186,,,,,
OG0001382,LOC102587808_1.05536907,,,DNAJ_1.69318846350643,,,
OG0001383,LOC102606117_1.918863299,LOC133834331_3.16798815218187,,LOC101263772_1.24402767513106,,,
OG0001384,LOC102584670_-1.10429088,,,ABCG12_1.29211002782461,,,
OG0001388,,LOC133796736_-2.55136430412589,,,,,
OG0001402,,LOC133801250_-6.59792567055198,,,,,
OG0001403,,LOC133803322_1.10370502796371,,,,LOC101252910_1.65884140900704,
OG0001412,LOC102596379_1.01491242,,,DCL2d_1.04937346878032,,DCL2d_1.60238940092144,
OG0001427,,LOC133817545_2.72926765768106,,,,,
OG0001429,LOC102593928_1.781962317,,,LOC112940370_-1.19335981445406,,,
OG0001430,,LOC133796467_2.56002771733131,,,,,
OG0001432,,LOC133781591_3.92883051391177,,,,,
OG0001439,LOC102579094_3.869457115;LOC102600694_-1.866721554;LOC102579771_1.201947922;LOC102580349_1.414575058,,,LOC101260427_-1.1838040762861;LOC101260130_3.15687287382797,,,
OG0001447,LOC107063518_1.330189204,LOC133800795_1.61830406922815,,LOC101253243_1.35448308445217,,,
OG0001452,,LOC133819048_2.85413275223167,,,,,
OG0001456,LOC102594705_1.485388665,,,Fad7_1.69557263915591,,,
OG0001467,,LOC133797848_-2.23059993043042,,,,,
OG0001469,,LOC133804448_4.21952508865376,,,,,
OG0001475,,LOC133823375_-1.07482583810684,,,,,
OG0001483,LOC102598607_1.642435761,LOC133790880_2.09109414952652;LOC133790878_2.91037722357938,,LOC101250098_-1.29881759578727,,,
OG0001485,,LOC133821798_3.66884564272183,,,,LOC101268888_1.30820151345584,
OG0001490,,LOC133812906_1.67695735477695,,,,LOC101249419_1.14307272894901,
OG0001500,,,,,,LOC101246106_-1.20498625944634,
OG0001502,,LOC133801122_2.63656510666763,,,,,
OG0001503,LOC102588964_1.546565727,,,LOC100147721_-1.2336180753876,,,
OG0001507,,LOC133796839_1.74937010951357,,,,,
OG0001508,,LOC133777548_1.53244207205769,,,,,
OG0001515,,,,,LOC101209106_-1.43067442251411,,
OG0001521,,LOC133794440_2.69921142421576,,,,,
OG0001524,LOC102591437_1.486664321,,,SLJAZ3_2.75814718761189,,,
OG0001530,LOC102600629_-1.190150509,,,LOC101252606_1.01671537287774,,,
OG0001532,LOC102587098_-1.356138823;LOC102595334_-1.045704895,LOC133798481_4.11177028993292;LOC133830984_1.27680752677512,,LOC101260696_-1.78951624637583,,,LOC102589739_2.885015968
OG0001535,,LOC133797403_3.48975227201719,,,,,
OG0001541,LOC102586408_1.955558943,,,Phyt4_-1.78977371001722,,,LOC102588222_2.975317584
OG0001542,LOC102599447_1.458709639,,,LOC101249663_1.08366617333323,,,
OG0001543,,,,,,LOC101266862_1.52874529777042,
OG0001545,,LOC133796846_2.42221072830801,,,,,
OG0001547,,LOC133801249_-1.06468379684887,,,,,
OG0001557,,LOC133813978_5.49033031584465;LOC133830910_2.77064900306756;LOC133777645_1.65601399690546,,,,,
OG0001559,,LOC133794358_2.47255155917964,,,,,
OG0001560,,LOC133796845_1.41848221211358;LOC133778274_2.17187498105988,,,,,
OG0001562,,LOC133790839_4.78548924087837,,,,,
OG0001569,LOC102597074_-1.075696273,,,CRF4_-1.55390253271793,,,LOC102578851_1.702637407
OG0001571,LOC102604104_-1.146436118,LOC133782304_-1.44471513918359,,LOC101262133_1.04690259287282,,,
OG0001575,LOC107060432_1.374746521;LOC102595916_2.849369714;LOC107059760_1.382493151,,,LOC100316887_1.37884925796158;LOC101259371_1.04904160206014,,LOC101259371_1.17123665314599,
OG0001588,LOC102601030_-1.364869883,,,LOC101260711_-1.41721696035479,,,
OG0001591,,,,,,LOC101264120_1.01127472242264,
OG0001607,,LOC133779138_4.99780858087395;LOC133783759_4.03804661600391,,,,,
OG0001613,,LOC133788536_1.05072502325275;LOC133831018_2.89162332531616,,,,,
OG0001615,,LOC133795007_-1.67386836102486,,,,,
OG0001616,LOC102596966_-2.236154795,,,LOC101249694_2.68413027127947,,,
OG0001617,LOC102603728_-1.14495386,,,LOC101250294_-1.03400280303581,,,
OG0001620,,,,,,CBF1_3.60052582683272,
OG0001621,LOC102596326_1.51916391,LOC133808222_4.21975422870709,,LOC101244162_-1.44990801942027,,LOC101244162_1.57720544002323,
OG0001638,,LOC133797567_4.70673018888395,,,,,
OG0001639,LOC102587827_2.73882977;LOC102599466_1.08046936,LOC133796472_1.08467409649444,,WRKY46_5.59882402730174;LOC101246812_2.92248510261134,,WRKY46_2.91923255274249;WRKY40_1.10879511628224,
OG0001641,,LOC133788432_1.97339927991869,,,,,
OG0001646,,LOC133781481_1.81184333027389;LOC133781475_2.52369287487223,,,,,
OG0001668,,LOC133804435_-1.01516842215532,,,,,
OG0001676,LOC102591913_1.917241898,,,LOC101268737_1.23750386643961,,LOC101268737_1.44020957523502;LOC101258270_1.57996688755467,
OG0001679,,LOC133788381_1.11176355716246,,,,,
OG0001682,,LOC133783097_3.99074140454504;LOC133784454_-5.49278225709992;LOC133783131_-1.97291556683982,,,,,
OG0001687,,LOC133778484_1.13851703458141,,,,,
OG0001690,,LOC133797104_2.49319260396625,,,,,
OG0001691,,LOC133781970_4.58817973722073,,,,,
OG0001693,,LOC133803203_1.36591741227999,,,,,
OG0001703,,,,,,LOC101250474_-1.66059553067679,
OG0001704,,LOC133782664_-1.73085184338685,,,,,
OG0001708,,LOC133823101_-1.70067387620112;LOC133825235_-1.6578132659006,,,,,
OG0001716,,LOC133778574_1.34097906377407;LOC133834587_2.96814518989554,,,,WRKY41_1.35452760194706,
OG0001718,,LOC133803373_-2.57957334240019;LOC133798451_-6.38499085450512,,,,,
OG0001720,,LOC133824116_1.01319056014633,,,,,
OG0001734,,LOC133790733_3.67192773419339,,,,,
OG0001738,,LOC133816894_-2.99154790712493,,,LOC101215654_2.67959810198655,,
OG0001751,,LOC133791709_2.97376803679276,,,,,
OG0001752,LOC102587178_-1.179260759,,,LOC101260885_1.37908169435652,,,
OG0001753,,LOC133777467_1.09271138259433,,,,,
OG0001757,LOC102594291_1.579004072,LOC133825121_-4.11947153581246,,LOC101267354_1.4163953359944,,LOC101267354_1.68782624739069,
OG0001763,,LOC133803374_1.83418806595633;LOC133817583_1.56335691412287,,,,,
OG0001766,,LOC133804794_2.19978214768965,,,,,
OG0001777,LOC102584694_-1.111709514;LOC102591890_-1.008865533,LOC133783005_5.56029766352595,,LOC101260400_2.11657842531512,,,
OG0001781,,LOC133798126_-6.62198075143384;LOC133788380_1.50633715425361;LOC133777502_1.63986944501272,,,,,
OG0001786,LOC102588887_1.12155193;LOC102605593_-2.68102072,,,EXP5_-1.8628705183201;EXP12_-2.03277407453622,,,LOC102578651_3.76502916;LOC102597935_3.059285941
OG0001789,LOC102591678_1.170513853,,,LOC100736537_1.71766709933056,,,
OG0001792,LOC102596533_-1.327305829;LOC102595602_-2.519656104;LOC102604327_2.440960379,LOC133797209_3.52840245340526,,TBG1_-1.0768061285363;TBG4_-1.28063723377509;TBG3_-1.07890587291422,,,
OG0001795,LOC102604954_-1.278712201,,,LOC101246688_1.07349252109481,,LOC101260388_1.10384542253348,
OG0001796,LOC102595387_-1.060970668,LOC133834002_-2.88653417653211,,LOC101248367_-2.37294690376097,,,LOC102584168_3.135374378
OG0001800,,LOC133830814_-2.26013981882324,,,,,
OG0001804,,LOC133812918_4.30482973440424,,,,,
OG0001810,,LOC133790739_1.40849529304108,,,,,
OG0001811,,LOC133796121_2.6126691038534,,,,,
OG0001813,LOC102598072_-1.205295115,,,LOC101246255_2.91743134847331,LOC101212147_-1.46496071313269,,
OG0001816,,,,,,LOC101248996_1.87946783616255,
OG0001817,,LOC133797831_3.06917537869342;LOC133797830_2.30747186320878,,,,,
OG0001819,,,,,,LOC101250725_-1.32582020959058,
OG0001837,,LOC133831627_-1.63161677451154,,,,,
OG0001844,,LOC133817146_1.5255788572549,,,,,
OG0001851,,LOC133829588_1.08616185445403,,,,,
OG0001859,,LOC133781611_2.65817149476767,,,,,
OG0001864,,LOC133797555_1.3129264748769;LOC133786648_4.27366116382422,,,,,
OG0001869,LOC102584787_-2.139244422,,,LOC101254060_-1.37170954906372,,,
OG0001889,,LOC133782228_2.68598056548926,,,,LOC101258039_1.94418560151115,
OG0001894,,LOC133803725_-1.12967259638644,,,,,
OG0001895,LOC102605637_1.070741325,LOC133791080_1.05164555521056;LOC133801443_-2.13634021036713,,MT2_1.03046498985995,,,
OG0001897,LOC102605735_-1.206393669,,,LOC101265303_1.08998577445863,,,
OG0001899,LOC102606433_-2.425156807,,,LOC101265627_-1.16025019535907,,,
OG0001902,,,,,,LOC101245483_1.52545430247986,
OG0001908,LOC102600034_2.274263175,LOC133782040_8.77717347132662;LOC133782039_5.95357320106835,,cevi16_-1.5809638382092,,,LOC102591109_3.522881521
OG0001909,LOC102603165_-1.924513097,,,LOC101261472_-1.22157423969447,,,
OG0001930,LOC102585792_2.414759665,,,LOC101246185_-1.06415594823735,,LOC101256738_1.03031208371174,
OG0001934,,LOC133806981_1.17481987997666,,,,,
OG0001937,,,,,,LOC101262913_3.14700753363424,
OG0001941,,LOC133829687_26.5203350434215;LOC133829686_25.5176932903246;LOC133829688_11.609191151475,,,,,
OG0001942,,LOC133790368_-1.34270878077931,,,,,
OG0001955,,LOC133791653_1.33342738589096,,,,,
OG0001958,,LOC133794415_2.3447289669416,,,,,
OG0001960,,LOC133794170_1.04673234792756,,,,,
OG0001971,,LOC133790303_1.26436585684616,,,,,
OG0001972,LOC107062002_-1.121953959,,,LOC101250481_-1.09315707703142,,,
OG0001975,,LOC133797892_5.6456360183967;LOC133797893_2.33285094673861,,,,,
OG0001977,,,,,,LOC101262623_-1.25570803668024,
OG0001984,,LOC133802578_1.16256260035112,,,,,
OG0001994,,LOC133801519_-1.63704838307247,,,,,
OG0001995,,LOC133823053_3.8331541311439,,,,,
OG0002007,,LOC133805618_2.69852998824689,,,,,
OG0002009,,LOC133811047_-1.32111524301083,,,,,
OG0002011,,,,,,NACMTF3_1.55859737921338,
OG0002013,,LOC133801540_1.65158145843744;LOC133817452_1.21289955183999,,,,,
OG0002014,TD_4.124202785,,,HT1_1.05042561925919,,,
OG0002024,,LOC133804930_1.18400015637105,,,,,
OG0002039,,LOC133834218_-1.06187978807143,,,,LOC101262819_-1.05215230451725,
OG0002040,,LOC133823040_-2.01764876429043,,,,,
OG0002043,,LOC133818591_-1.50487569311489,,,,,
OG0002048,LOC107058408_1.299156397,,,LOC101245669_-1.16984497704285,,,
OG0002049,PCAS-2_1.181869749,,,LOC101246713_-2.57567276426566,,,LOC102581681_5.010806586
OG0002051,LOC102606161_-1.197761065,,,LOC101249038_-1.40156805382768,,,
OG0002052,,LOC133780200_1.51401537517262,,,,,
OG0002056,,,,,,LOC101268354_-1.31808079239683,
OG0002061,LOC107060434_1.505090879,,,LOC101252813_1.06268373886861,,,
OG0002066,,,,,,LOC101266554_1.01502646334656,
OG0002068,,LOC133829982_2.74783189914545;LOC133829984_3.15537805047386,,,,,
OG0002071,,LOC133794195_5.27993658276974,,,,,
OG0002075,LOC102593379_2.052204604,,,LOC101256001_-1.42337519169905,,,
OG0002076,,LOC133798573_-1.99640912621751;LOC133788863_-1.96949652146204,,,,,
OG0002078,,LOC133798430_1.07775329855442,,,,,
OG0002079,LOC102582923_1.026463527,,,LOC101244789_2.1706305064524,,,
OG0002081,,LOC133796964_1.28394389927363,,,,,
OG0002090,,LOC133794212_5.8623767912582;LOC133794213_6.64462689531997,,,,,
OG0002093,LOC102594612_1.824149078,,,LOC101254067_2.33115700388258,,,
OG0002094,,LOC133823110_4.62122543956653;LOC133816104_-1.76455509460316,,,,,
OG0002095,LOC102595547_2.035075845,,,LOC101244298_-1.44714083661466,,,
OG0002098,,,,,,LOC101262296_1.79743115231125,
OG0002106,,LOC133782188_-2.07764160180343,,,,,
OG0002116,,LOC133788947_1.24447414056511,,,,,
OG0002120,,LOC133800867_2.0429282710171,,,,WRKY31_1.05339480167186;LOC101268787_1.65583972664376,
OG0002137,,LOC133782731_1.94996779179891,,,,,
OG0002140,,,,,,LOC101247507_3.53283833923069,
OG0002147,,LOC133791583_1.11354887056383,,,,,
OG0002148,,LOC133778124_-1.70532774724598,,,,,
OG0002151,,,,,,LOC101259314_-1.67277009746724,
OG0002161,,LOC133793951_3.09564201377525,,,,,
OG0002163,,LOC133782153_2.30396195659405;LOC133802440_1.19005416319433,,,,,
OG0002166,LOC102592933_2.267493715,LOC133798243_1.5417439911763,,LOC101258203_1.00541491370624,,LOC101258203_1.27896781518271,
OG0002177,,LOC133822104_1.9162708529309,,,,,
OG0002186,LOC102583882_1.341345491,,,NML1_1.01456278425368,,,
OG0002191,,LOC133781477_-3.26651154446268;LOC133781465_-3.82359186468255;LOC133781473_-2.88805725512533;LOC133781460_-4.42447617766332;LOC133781770_2.46822912638587,,,,,
OG0002195,LOC102599418_-1.076493915;LOC102600539_-1.809995006,LOC133778493_1.88898097549752,,LOC101259546_1.34727588564039,,,
OG0002197,LOC102595416_2.338093949,,,LOC101246796_-1.52775595014338,,,LOC102577608_1.654201194
OG0002201,,,,,,LOC101258980_1.05267417510684,
OG0002204,,LOC133830542_1.44030178326957,,,,,
OG0002205,,LOC133797298_1.55412931580103,,,,LOC543684_2.74009721945457,
OG0002207,,LOC133819594_5.54557917511241,,,,,
OG0002234,LOC102580746_-1.274919126,,,LOC101244634_-1.20523287629326,,,
OG0002252,,LOC133805669_-1.91353562636693,,,,,
OG0002258,,LOC133784173_1.6435309515252,,,,,
OG0002260,,LOC133779699_1.91683746126619;LOC133789145_2.01116309946357,,,,,
OG0002267,,LOC133798364_1.1035693536514;LOC133798365_1.29311468858958,,,,,
OG0002272,,,,,,LOC101266232_2.27154163239125,
OG0002281,LOC102595306_1.822545107,,,CNGC15_1.13212648622302,,,
OG0002286,,LOC133806893_2.5980610834861,,,,,
OG0002291,,LOC133812576_1.04261749833725,,,,,
OG0002296,LOC102584316_-1.550499605,,,LOC101256961_1.2749244805954,,,
OG0002300,,LOC133823150_-2.22086317570027;LOC133801363_-1.51283513874883,,,,,
OG0002308,,LOC133830514_-1.11989271618338,,,,,
OG0002311,,LOC133802079_1.70241799581416,,,,,
OG0002312,,LOC133801510_1.63733744841967,,,,,
OG0002322,,LOC133798183_4.04131151159907;LOC133800913_1.37319845897581,,,,,
OG0002324,,LOC133819021_1.40914721381264,,,,,
OG0002330,,LOC133788885_3.5974071858281,,,,,
OG0002331,LOC102602027_1.594509933,,,LOC101255990_-1.18859775666121,,,
OG0002332,,LOC133803662_3.85869914690131,,,,,
OG0002337,,LOC133830899_-5.42391856704485,,,,,
OG0002346,,,,,,LOC101262529_2.25173758460508,
OG0002354,LOC102579359_1.011032623,LOC133802560_6.73019275137203;LOC133829061_4.67252742150967,,LOC101253578_1.28659884193964,,,
OG0002356,LOC102594790_-1.324555305;LOC102586581_-1.190035318,,,LOC101259711_-1.57215894664367,,,LOC102587163_1.862517351
OG0002365,,LOC133798466_-1.64153821958447,,,,,
OG0002372,LOC102599039_-1.47275824,,,LOC101257419_1.82841096887341,,LOC101262647_1.00325335134342,
OG0002381,LOC102595206_1.177408368,LOC133777915_-1.83642197116636,,LOL1_-1.88933647400635,,,LOC102582189_4.641979349
OG0002382,,LOC133790740_1.48631832329052,,,,,
OG0002385,LOC102598357_1.213904442,LOC133818319_2.26395033566779;LOC133818317_2.2246582214609;LOC133818314_1.20650895881484,,LOC101251005_3.13491982381051,,LOC101251005_2.46123697244199;LOC101251303_2.01576178694842,
OG0002386,,LOC133788950_1.32431417246279,,,,,
OG0002395,LOC102598592_-3.581889459,,,PLDa2_1.01218173574093,,,
OG0002399,LK299_pgt015_-3.041375412,,,AGAL_-1.75238618185098,,,LOC102589479_3.068529025
OG0002403,LOC102593779_-1.618988245,,,LOC101256601_-1.07209858966869,,,
OG0002405,LOC102584010_1.239128768,,,LEJA1_-1.52819083743375,,,LOC102586830_3.007077947
OG0002408,LOC107060433_1.093854703,,,LOC101248628_1.93911994829759,,,
OG0002411,,,,,,LOC101250067_2.10149808721796,
OG0002415,,LOC133790005_6.46101252966626,,,,,
OG0002416,,LOC133796625_1.55210457974559,,,,,
OG0002424,,LOC133818573_1.93526578334467,,,,LOC104645999_3.26813445921655,
OG0002449,,LOC133818270_1.45832386041909,,,,,
OG0002450,NR3_-1.784714704,,,LOC101268068_-1.10100963299275,,,
OG0002454,,LOC133798596_-1.16424768280724,,,,,
OG0002460,,LOC133817474_-1.84079256650502,,,,,
OG0002479,,LOC133796401_2.57421952342833,,,,,
OG0002481,LOC102594883_-1.157213688,,,LOC101252392_-1.89185903926967,,,LOC102598281_2.577114153
OG0002483,,LOC133817617_3.56768692925822,,,,,
OG0002492,,LOC133783357_-6.42114903748676;LOC133783339_-1.93352439292302,,,,,
OG0002517,LOC102578540_-1.718977366,,,LOC101256861_-1.70817255408552,,,LOC102599039_2.94660719
OG0002531,,LOC133819482_6.48078687741656;LOC133795461_1.53065796296579,,,,,
OG0002539,,LOC133801633_3.59817047863693,,,,,
OG0002541,LOC102600973_1.410400063,,,LOC101255805_1.02668273047577,,,
OG0002550,,LOC133796047_3.41217046123142,,,,,
OG0002552,LOC102587369_1.057423766,LOC133796587_-1.26205826454778,,LOC543968_-1.11752730740492,,,
OG0002555,,LOC133778451_1.52674684639476,,,,,
OG0002567,,LOC133823125_1.10579324182266,,,,,
OG0002570,,LOC133796456_-1.28648524360768,,,,,
OG0002571,LOC102578471_1.047728563,,,LOC101247711_1.00020069189201,,,
OG0002572,LOC102582537_1.134182166,,,LOC101253102_1.0008049781336,,,
OG0002591,,LOC133803374_1.83418806595633,,,,,
OG0002594,LOC102601990_-1.323608105,,,LOC138347370_4.49880428627682,,,
OG0002608,,LOC133796570_-1.33261436631758,,,,,
OG0002612,,LOC133802524_-1.43311666919203,,,,,
OG0002624,,LOC133818494_-1.13746912753471,,,,,
OG0002627,,LOC133782285_4.01221999901742,,,,,
OG0002634,,LOC133817378_1.17087267353271,,,,,
OG0002637,,LOC133783776_5.58360234129515,,,,,
OG0002642,,LOC133801205_1.27647794689019,,,,LOC101259661_2.87577932880011,
OG0002645,,LOC133822668_1.79615293770568,,,,,
OG0002652,,LOC133790353_1.11913902517089,,,,,
OG0002657,,LOC133821950_-5.94071042751976,,,,,
OG0002663,,LOC133791960_8.60571307651015,,,,,
OG0002666,,,,,,LOC101246598_2.26616568427847,
OG0002678,,LOC133823542_-5.54868289229991,,,,,
OG0002694,,LOC133817352_1.35755446148112,,,,,
OG0002706,,LOC133798159_1.25823784690213,,,,,
OG0002713,,LOC133794834_1.31248718079566,,,,,
OG0002719,,LOC133834415_5.37860067957439,,,,,
OG0002723,LOC102577806_1.273531923,,,LOC101249175_-1.2117249498348,,,
OG0002724,,LOC133823344_-1.07038742140933;LOC133791974_-3.92246340279574,,,,,
OG0002726,,LOC133778016_2.85684397708938,,,,,
OG0002732,LOC102591830_1.148764253,LOC133824615_-1.57838888232315,,LOC101252437_-1.761946616622,,,LOC102593774_2.904856257
OG0002734,,LOC133814067_4.90738715621959,,,,,
OG0002735,,LOC133822625_4.04407938083566,,,,,
OG0002740,,LOC133829660_2.87587335510921,,,,,
OG0002745,,,,,,LOC138337109_1.20185735098191,
OG0002746,LOC102578779_1.053418351,,,LOC101254178_1.04045254246564,,,
OG0002757,,LOC133802365_6.92656903259172,,,,,
OG0002761,,LOC133796695_2.36049488530709,,,,,
OG0002763,,,,,,LOC101251803_1.33460696389785,
OG0002767,,LOC133781984_1.75381269908039,,,,,
OG0002770,LOC102589865_-1.621422289;LOC102581113_1.066737563,,,LOC101256393_-1.15617430511169;LOC101255806_-1.06959059972678,,,
OG0002771,LOC102588526_1.219202297,,,LOC101264399_-2.36793938036112,,,LOC102599811_1.886727509
OG0002783,,LOC133782848_1.31705133154206,,,,,
OG0002800,,LOC133819123_3.30188749623882,,,,,
OG0002809,,LOC133804289_1.39894917960421,,,,LOC101257836_-1.27992916883493;ail_-1.33531300434903,
OG0002811,,,,,,CIPK11_1.24936008026548,
OG0002813,,,,,,LOC101246638_1.95088441341321,
OG0002818,,LOC133778526_1.87828757106135,,,,,
OG0002822,,LOC133812850_1.4213794306738,,,,,
OG0002826,,LOC133828947_-2.43077277881404,,,,,
OG0002832,,,,,,LOC101253945_1.14028479280415,
OG0002835,,LOC133817507_-1.16842099703071,,,,,
OG0002837,LOC102579084_-1.320651101,,,LOC101250313_1.05168584279461,,,
OG0002840,,LOC133788219_6.84102785434871,,,,,
OG0002849,,LOC133798504_-2.32375817247724,,,,,
OG0002856,,LOC133778645_2.16202645934706,,,,,
OG0002887,LOC102591853_-1.234830232,LOC133804277_2.47734111010159,,LOC101250473_-1.18160809693091,,,
OG0002896,,LOC133781820_1.20279856240246,,,,,
OG0002907,,LOC133823003_7.93101380021069;LOC133802111_5.95723658518486;LOC133817450_2.1123999116146,,,,,
OG0002908,,LOC133800627_5.32677588390879;LOC133801491_3.97700207834534;LOC133801482_3.53604476020317;LOC133800630_1.60402387396258;LOC133800633_2.96139350837528;LOC133801899_2.08566457933177;LOC133801900_-1.40435600681069,,,,,
OG0002916,,LOC133819805_-1.81988712642763,,,,,
OG0002920,LOC102577597_-1.516370742,LOC133793236_-2.68965146803828,,LOC101268233_5.75119303237829,,LOC101268233_2.18816232424506;LOC101251882_1.3507026966328,
OG0002924,,,,,,LOC101268239_1.38816062625987,
OG0002925,,LOC133777620_1.79589400385479,,,,,
OG0002936,,LOC133798375_6.05177269756298,,,,,
OG0002945,,LOC133821875_1.28344988630397,,,,,
OG0002953,,LOC133788467_-1.61601011725983,,,,,
OG0002970,,,,,,LOC101253087_1.54443997327291,
OG0002974,LOC102580857_1.1687088,,,LOC101251542_1.59319491491019,,,
OG0002977,,LOC133818565_-1.29680436924601,,,,,
OG0002979,,LOC133817721_3.36946073234004,,,,,
OG0002982,LOC102589962_1.878402907,,,LOC101250112_1.70234406924631,,,
OG0002983,LOC102590732_-4.805885262,,,LOC101266922_-1.02134425508102,,,
OG0002990,,LOC133797015_3.16754301991789,,,,,
OG0003006,,LOC133788907_1.60155948589006,,,,LOC101266189_1.21903940325225,
OG0003007,,LOC133817915_-1.79549791960394,,,,,
OG0003014,LOC102594594_-1.594515395,,,AMT1-2_-1.30842902288432,,,
OG0003029,LOC107059997_1.779713362,,,LOC101266587_-1.02397126120519,,,
OG0003031,,,,,,LOC101246396_-1.32992359231608,
OG0003034,,LOC133777676_1.30918348582525,,,,,
OG0003035,,LOC133794850_-1.02795053589709,,,,,
OG0003058,,LOC133830506_-2.9934322954315,,,,,
OG0003068,LOC102595020_1.189912173,,,LOC101266377_-1.16771624416583,,,
OG0003074,LOC102581808_-1.157281387,,,LOC101243889_-1.33840739338896,,,
OG0003079,,LOC133783505_-1.71396539880132,,,,ADH2_1.61047795321914,
OG0003083,LOC102602017_1.754558569,,,LOC101267940_-1.0532182631793,,,
OG0003090,,LOC133794149_-4.92562626812065,,,,,
OG0003098,,LOC133778225_1.08445367789256,,,,,
OG0003104,LOC102587304_-1.62979886;LOC102583065_2.287090751,,,LOC101259697_1.00049081788453,,,
OG0003105,LOC102586908_1.167771655,LOC133795205_2.37041152887014,,LOC101248957_1.19870028283062,,,
OG0003115,,LOC133797733_-1.80750758939875,,,,,
OG0003117,LOC107061416_2.637798531,,,LOC101248036_-1.56005210702992,,,LOC102589003_1.737713607
OG0003127,,LOC133830976_-3.88483410988048,,,,,
OG0003133,LOC102604369_2.153908842,,,SBT1_-1.70124197251705,,,LOC102591653_1.365025068
OG0003140,LOC102595989_-1.561748796,LOC133794367_1.2781270428341,,IAA26_1.2082730850421,,IAA26_1.13861510413481,
OG0003156,,LOC133790387_-1.10980839822206,,,,,
OG0003175,,LOC133796995_1.35948641757598,,,,,
OG0003176,,LOC133788420_-1.49485029620765,,,,,
OG0003181,,LOC133817195_-4.11216981639662,,,,,
OG0003182,,LOC133807187_-1.09108371036556,,,,,
OG0003199,,LOC133821023_-2.06957770138394,,,,,
OG0003202,LOC102600422_1.291455653,LOC133812885_1.20522058491799,,LOC101263355_1.51157522186635,,,
OG0003205,LOC102594074_-2.597256275;LOC102595782_-1.056738366,,,LOC101259818_-1.40116975009465,,,
OG0003209,,,,,,LOC101243646_-1.4372173184814,
OG0003222,,LOC133788345_-1.06062713305256,,,,,
OG0003225,,LOC133783740_4.46514842347346,,,,Wiv-1_1.393672230276,
OG0003240,,LOC133794885_1.27339868342034,,,,WRKY6_1.04351819728751,
OG0003244,,LOC133800530_1.85711216795747;LOC133796605_1.20396228867843,,,,,
OG0003253,,LOC133790971_1.28781659579512,,,,,
OG0003255,LOC102579840_2.043680002,,,AGO2A_1.13138462868962,,,
OG0003258,,LOC133805083_1.20042370654755,,,,,
OG0003259,,LOC133791935_-1.04988771318111;LOC133823295_-1.05465697137644,,,,,
OG0003260,STBRC1B_1.498766919,,,LOC101265960_3.07750106829476,,,
OG0003284,,LOC133834193_1.11427282496916,,,,,
OG0003286,LOC102591561_-1.159893438,,,ABCG23_-1.37703119020591,,,
OG0003289,,LOC133790904_-1.70988521503415,,,,,
OG0003305,,,,,,LOC101266204_1.37369980562248,
OG0003307,,LOC133788278_1.44979105992067,,,,,
OG0003323,,,,,,LOC101248304_1.72368374566196,
OG0003325,,,,,,MTSHP_1.80147575903474,
OG0003326,,LOC133788436_-1.63610702332212,,,,,
OG0003360,,LOC133834217_2.0839117919471;LOC133831904_2.79348763789438,,,,,
OG0003362,,LOC133794760_7.54053737101135;LOC133804354_5.30067757491741;LOC133818085_4.35905298889259,,,,,
OG0003366,,LOC133821963_1.67173521547369,,,,LOC104646741_1.20549212812608,
OG0003380,LOC102594638_1.039810779,,,LOC101245600_1.66997499104653,,,
OG0003392,,LOC133801009_-1.45777497912185,,,,,
OG0003394,LOC102598482_2.578034972,,,LOC101249163_1.66432954078546,,,
OG0003399,,LOC133798049_1.49863405741896,,,,,
OG0003400,,LOC133830998_2.69547394119441;LOC133821936_4.17565520442344,,,,,
OG0003403,LOC102603161_1.449742575,,,LOC101248565_1.0455602295464,,,
OG0003408,,LOC133817720_3.57749013575337,,,,,
OG0003411,LOC102582824_2.312011179,,,LOC101266402_1.06589371447925,,,
OG0003423,,LOC133794835_1.83689757408856,,,,,
OG0003436,,LOC133831404_1.8373340169001,,,,,
OG0003437,LOC102589078_-1.354830318,,,LEA14_1.08398700054428,,,
OG0003450,,LOC133790484_-1.1484033441167,,,,,
OG0003453,,LOC133821985_-1.54001141083777,,,,,
OG0003464,,LOC133823959_1.04138236231678,,,,,
OG0003465,,LOC133805303_2.11363850966683,,,,,
OG0003473,,LOC133806119_1.27530790823254;LOC133781939_1.57507075151184,,,,,
OG0003493,,LOC133797231_1.05387975083352,,,,,
OG0003503,,LOC133778751_4.22794750343132,,,,,
OG0003510,LOC102579252_1.560525842,,,LOC101254105_1.10071614774206,,,
OG0003515,,LOC133796932_3.09911432387981;LOC133802259_3.79558129107633,,,,,
OG0003522,,LOC133800798_1.20570806449359,,,,,
OG0003524,,LOC133788903_-1.65769558057324,,,,,
OG0003535,,LOC133804838_-2.55995180085375,,,,,
OG0003539,,LOC133806610_1.23070878312344,,,,,
OG0003559,,LOC133822109_-2.09794201270178,,,,,
OG0003562,,LOC133803489_-1.36815816564308,,,,,
OG0003569,,LOC133823362_-3.40533901505809,,,,,
OG0003573,,LOC133801366_2.25070381972025,,,,,
OG0003574,LOC102577723_-1.050021471;LOC102579064_1.534654589,LOC133800754_2.50485303951205,,LOC101263709_-2.53766447336248;LOC101267810_-2.05675924409709,,,LOC102587754_4.922766521;LOC102583000_4.780711091
OG0003581,RSI5_1.399119123,,,LOC101267475_1.20613611522074,,NAC1_1.90479723679935,
OG0003586,,LOC133778608_-1.21611442644386,,,,,
OG0003591,,LOC133795627_-3.86313116244029,,,,,
OG0003605,LOC102585558_2.09546752,,,LOC101249913_-1.01178677157388,,,
OG0003609,LOC102606006_1.109935612;LOC102581337_1.504493306,,,ERF-H1_-2.576209953263;ERF-H2_-1.71014267777561,,ERF-H1_1.89654840954319,LOC102581888_3.109393522;LOC102603731_-1.732007888
OG0003610,,LOC133800263_5.13192222919412,,,,,
OG0003613,,LOC133824284_-2.09197045116401;LOC133824298_1.79285153638337,,,,,
OG0003618,,LOC133829685_4.25995302454153,,,,,
OG0003619,,LOC133824519_1.04623670301852,,,,,
OG0003625,,LOC133817350_2.21099071606417;LOC133801400_2.754132783595,,,,,
OG0003649,LOC102579197_-1.176220097,,,LOC101261779_-1.19745378255609,,,
OG0003650,,LOC133817159_1.31702284381054,,,,,
OG0003661,,LOC133817449_3.66762059816532;LOC133784180_4.9260899405066,,,,,
OG0003677,LOC102588091_1.511865916,,,LOC101267686_-1.02746074135324,,,
OG0003682,,,,,,GH3.2_2.18492081113143;GH3-3_3.06299352547682,
OG0003685,,LOC133819192_-1.6993726852921;LOC133819189_2.10559659026626,,,,,
OG0003692,LOC102592852_1.752279134;LOC102601698_1.421457835;LOC107058102_-1.488043413,,,XTH6_-2.10885326362366;LOC101259187_-2.11800914502625,,,LOC102601836_-2.464777999;LOC102584137_2.103287434
OG0003698,,LOC133790198_1.08949239437368,,,,,
OG0003700,,LOC133796661_2.96253353464451,,,,LOC101257026_3.58429189062758,
OG0003701,,LOC133791181_1.07715009191176,,,,,
OG0003702,,LOC133794573_1.0337946434838,,,,,
OG0003737,,LOC133789298_2.01093157496929,,,,,
OG0003740,LOC102588416_-1.463395646,,,LOC101254071_1.10345141051048,,,
OG0003742,,LOC133788450_1.68280962468077,,,,,
OG0003749,,LOC133781960_1.95730114871428;LOC133781959_-1.42589854231612,,,,,
OG0003752,,LOC133797531_-1.40329008584279,,,,,
OG0003755,,LOC133790676_-2.33032907761624,,,,,
OG0003762,,LOC133816972_1.90596687950141,,,,,
OG0003769,,LOC133791261_2.84075426867699,,,,,
OG0003775,,LOC133818699_1.0008409763233,,,,,
OG0003780,LOC102602061_2.197685253,LOC133817360_9.79070809624325,,LOC101258529_-2.24278758791082,,,LOC102601679_4.021935175
OG0003781,,,,,,LOC101247911_1.00566368951406,
OG0003784,TRNAH-GUG_17_-1.823382142,,,LOC101244958_-2.04220530436322,,,LOC107061959_1.18562225
OG0003789,LOC102600561_2.789825697,,,LOC101245582_1.00617600248739,,,
OG0003790,,LOC133778463_2.43976907490708,,,,LOC101259800_2.76988530666608,
OG0003796,,LOC133823194_2.34319465945978,,,,,
OG0003798,LOC102601967_1.297453618,,,LOC101245618_-1.57074999255955,,,PME1_3.82672899
OG0003803,,LOC133782500_4.16451850894377,,,,,
OG0003804,,LOC133817971_3.42094073140124,,,,,
OG0003805,,LOC133794106_-1.07390600686478,,,,,
OG0003809,,LOC133824462_-2.63852292438421;LOC133795230_1.52913779281871,,,,,
OG0003810,,LOC133790527_-1.15255888320648,,,,,
OG0003814,,LOC133819509_4.88612958871552,,,,,
OG0003817,,,,,,GA2ox3_3.66382449866223,
OG0003818,LOC102605088_-1.938828853,,,LOC101266368_1.47838772330422,,,
OG0003820,,LOC133822767_2.08963982343941,,,,RAV2_1.21779806014686,
OG0003832,,LOC133790852_2.19856823328705;LOC133792515_1.03591941318426,,,,,
OG0003833,,LOC133792595_2.63010232309765,,,,,
OG0003843,,LOC133818180_-1.31327756743437,,,,,
OG0003845,LOC102597183_-1.037391872,,,LOC101257434_-1.70823967581571,,,LOC102579454_4.823768279
OG0003854,,LOC133782981_1.15016312107164,,,,,
OG0003863,LOC107060349_2.843330528,,,THIC_1.00624152672794,,,
OG0003873,,LOC133831657_2.41921499190893,,,,,
OG0003878,,LOC133778119_1.98287718762458;LOC133777571_1.7333751812676,,,,,
OG0003888,,LOC133806689_-6.21736489817962,,,,,
OG0003903,,LOC133803781_3.01354858590359,,,,,
OG0003904,,LOC133781545_4.23230829189759,,,,,
OG0003905,,LOC133823605_1.0329859308261,,,,,
OG0003906,,LOC133796541_1.10456270513953,,,,,
OG0003921,,LOC133821779_2.23523012244715,,,,,
OG0003929,,LOC133822563_1.21676622140433,,,,,
OG0003954,,LOC133819841_-1.66788140267763,,,,,
OG0003956,,LOC133818600_1.24060741986072,,,,,
OG0003964,LOC102602473_-1.433347831,LOC133819561_2.29217667179228;LOC133790312_3.79390495468811,,LOC101263542_1.58368480399872,,,
OG0003965,,,,,,LOC101265190_2.14066979215908,
OG0003968,,LOC133812910_6.6694458867794,,,,,
OG0003969,LOC102591506_1.525245497;LOC102593672_1.129665295,,,LOC101258588_1.06316348222092,,,
OG0003971,,,,,,LOC101267596_1.03837027771117,
OG0003975,,LOC133805030_1.16669210937522,,,,,
OG0003978,LOC102581480_1.706437765,LOC133819373_-1.8588882484261,,LOC101243821_-1.57559660017522,,,LOC102581602_-1.666878736
OG0003979,,LOC133801345_-1.48597771596887,,,,,
OG0003986,,LOC133794781_2.49468417763678,,,,,
OG0003996,,,,,,LOC101260046_1.39602146388482,
OG0004006,LOC102589652_1.558304726,,,loxD_2.34925874937305,,,
OG0004008,LOC102591355_1.021477799,,,LOC101246341_2.44104236488897,,LOC101246341_1.04767775338897,
OG0004019,,LOC133824009_-1.6043561938819,,,,,
OG0004026,,LOC133805054_1.32532629783184,,,,DREB3_1.09841901879333,
OG0004048,,,,,,LOC101243937_-2.91604422487691,
OG0004050,,LOC133817030_3.93291250200391,,,,,
OG0004061,,,,,,LOC101248846_1.00197119808329,
OG0004076,,LOC133782709_-1.21891499346204,,,,,
OG0004093,,LOC133819338_2.97078286686437,,,,,
OG0004096,,,,,,LOC101263598_2.26279092802475;LOC101263399_2.55320645409257;LOC101263302_5.38527068856909,
OG0004097,,LOC133782962_-1.23833745143787,,,,,
OG0004099,,LOC133803928_1.08159295339441,,,,,
OG0004111,LOC102581620_1.005401565;LOC102585854_1.553788577;LOC102591018_2.588921127,,,LOC101260248_-1.20711841771395;LOC101254871_-1.7112823566254,,,LOC102604346_5.265752625
OG0004122,,LOC133804143_1.94720712520769;LOC133805991_1.36479003904133,,,,LOC101268757_3.01428016740015,
OG0004127,LOC102581469_-1.794174318,,,LOC101264880_1.04329166810638,,LOC101264880_1.21290484880717,
OG0004162,LOC102591077_1.127708504,LOC133793037_3.02832509119302,CHI9_2.97158783278877,LOC101251136_4.72220594541364,,,
OG0004173,,LOC133831430_2.08788023265338,,,,,
OG0004175,,LOC133834568_-5.72076332886638,,,,,
OG0004179,LOC102585692_-1.632965994;LOC102601041_1.25436059,,,LOC101268870_1.41586204044391;LOC101257556_1.11976259280006,,,
OG0004182,LOC102597185_-1.231010285;LOC102586749_1.47093487,LOC133794745_5.04198551161535,,LOC101259784_-1.46208806711198,,,
OG0004194,,LOC133794042_6.41563350686243,,,,,
OG0004203,,,,,,LOC101258031_1.36009914116242,
OG0004205,,LOC133823583_1.08062785254135,,,,LOC101262338_2.52257460841339,
OG0004206,,LOC133794220_1.16154611563359,,,,,
OG0004207,,LOC133796051_2.12870685557736,,,,,
OG0004213,,LOC133803390_1.57495113360875,,,,,
OG0004218,,LOC133822191_2.14345857957437,,,,,
OG0004224,,LOC133800826_2.79348823060477,,,,,
OG0004228,,LOC133821935_1.42486540002698,,,,,
OG0004232,,LOC133797288_2.39242900992303,,,,,
OG0004235,LOC102588871_1.626231988,,,LOC101243868_-1.66262222293899,,,LOC102600361_3.89863371
OG0004242,,LOC133805850_1.11714143056497,,,,LOC101262884_2.09519716522828,
OG0004249,,LOC133823083_1.39245922394874,,,,,
OG0004252,,,,,LOC101206040_-1.13941022416528,,
OG0004253,,LOC133822505_-1.433012343745,,,,,
OG0004269,LOC102605425_-1.167033711,LOC133798206_2.21126351398901;LOC133798205_2.16926597962841,,LOC101267241_-1.64970496149451,,,LOC102589718_-2.51792633
OG0004270,,LOC133801156_2.05047515443521,,,,,
OG0004273,LOC102598542_-1.811848336,,,LOC101254836_-1.21744375815966,,,
OG0004278,,,,,,LOC101245633_1.28922199771152,
OG0004281,LOC102594619_1.342373956,,,LOC101250465_-1.80216012980293,,,LOC102583236_-2.866279945
OG0004287,,LOC133794381_2.47637122782297,,,,,
OG0004297,,LOC133798076_2.16319090076542,,,,,
OG0004304,,LOC133823353_-1.64348621623003,,,,,
OG0004320,,LOC133823543_2.38565238628527,,,,LOC101264331_2.52811166823137,
OG0004336,,LOC133797451_1.68174583111902,,,,,
OG0004350,,LOC133797235_2.73090449027592,,,,,
OG0004355,LOC102599512_2.243231397,,,LOC101266483_-1.57018993218456,,,LOC102589632_3.46729712
OG0004362,,LOC133801111_-1.38076860586806,,,,,
OG0004368,,LOC133819315_-2.36031878763092,,,,,
OG0004372,,LOC133829913_-1.19651227093009,,,,,
OG0004376,,LOC133819427_-1.10999423834248,,,,,
OG0004379,LOC102606102_1.95401731;LOC102598773_-1.001954233,,,LOC101252907_5.7410828396794;LOC101255016_4.04445335015893,,,
OG0004385,,LOC133797558_2.434093271195,,,,,
OG0004398,,LOC133822994_-1.17544323980922,,,,,
OG0004420,,LOC133803155_1.01170773571821,,,,,
OG0004429,LOC102604929_-1.098848201,,,WRKY80_2.41453249175533,,WRKY80_1.47823322114939,
OG0004432,LOC107059195_1.900462952;LOC102583540_1.329687393,,,RSI-1_-1.25807934186251;LOC101248254_-1.91987943603525,,,LOC102606222_1.938521877
OG0004437,,LOC133818940_1.07804260196135,,,,,
OG0004440,,LOC133816965_-1.6453480285476,,,,,
OG0004443,,,,,,Rab1A_1.09907466980917,
OG0004448,,,,,,MIOX_2.05172307862531,
OG0004449,,LOC133790318_1.96675416655876,,,,,
OG0004450,,LOC133788406_1.75032392965118,,,,,
OG0004455,,LOC133778328_2.98351003308418,,,,,
OG0004458,,LOC133818329_1.05606151341338,,,,,
OG0004476,,LOC133831472_4.59049309167954,,,,LOC101252830_1.65603867549347,
OG0004487,LOC102606295_-1.044864151,,,LOC100301981_1.02658850647997,,,
OG0004491,,LOC133800893_4.48422774570734,,,,,
OG0004506,,LOC133817039_2.63452297248977,,,,,
OG0004509,,LOC133790542_3.0485376522392,,,,,
OG0004525,,LOC133830041_4.14816063720495,,,,,
OG0004536,,,,,,LOC101246112_3.78573553871066;SRG2_3.72669640064045,
OG0004560,,LOC133822165_1.21210401356987,,,,,
OG0004562,,LOC133805004_-1.94338797675293,,,,,
OG0004573,,,,,,LOC101261911_1.61907619020455,
OG0004577,,LOC133777893_-1.86118563548136,,,,,
OG0004582,,LOC133830531_1.21337682454604,,,,,
OG0004583,LOC102578578_1.429680232,,,EDS1_1.44822644257069,,,
OG0004587,,LOC133778418_-1.48746382667036,,,,,
OG0004596,,LOC133796785_-1.28749183849691,,,,,
OG0004603,,LOC133794851_1.73931491894498,,,,EFE_1.13552651721525,
OG0004604,,LOC133803404_1.28625237042087,,,,,
OG0004608,LOC102586393_-1.277518763,,,LOC101267051_-1.12572715840283,,,
OG0004611,,LOC133778312_-1.56270869690334,,,,,
OG0004617,,LOC133789257_-1.11604447863829,,,,,
OG0004620,,LOC133816952_2.24570495586412,,,,,
OG0004631,,LOC133823237_-1.53469163492047,,,,,
OG0004636,,LOC133800464_-1.11970860221998,,,,,
OG0004637,,LOC133817387_-5.31852794628336,,,,,
OG0004638,LOC107061698_-1.612952222,,,LOC101261288_-1.00497527260432,,,
OG0004639,LOC107060372_2.377718305,,,LOC101248895_-1.41208887368227,,,
OG0004650,,LOC133817947_1.80781391104061;LOC133822908_1.46141888244557,,,,,
OG0004652,,LOC133802633_-2.52301200229923,,,,,
OG0004659,,LOC133822675_2.66894554645656,,,,,
OG0004661,LOC102603654_1.016140187,LOC133817934_2.00777148202402,,LOC101267953_-1.6914964165368,,,LOC102601339_1.08337819
OG0004664,LOC102605252_-1.226857079;LOC102591414_1.310614449,,,LOC101258706_-1.37225473173118,,,
OG0004673,,LOC133801302_2.01414257856503,,,,,
OG0004680,,LOC133798089_1.90402953927232,,,,,
OG0004682,,LOC133818611_2.71859546542696,,,,,
OG0004683,,LOC133829777_1.90238665852489,,,,,
OG0004688,LOC102601592_1.064716088,,,LOC101245612_1.67687923555343,,LOC101245612_1.35110344066474,
OG0004689,,LOC133803666_6.91756791269838,,,,,
OG0004701,,LOC133829739_-1.47832395845264,,,,,
OG0004706,LOC102586971_1.451259269,LOC133795502_3.79164374959792,,LOC101250219_2.16773383426237,,LOC101244669_1.94348985238361,
OG0004709,,LOC133821943_2.75128481109925,,,,,
OG0004717,,,,,LOC101216470_-1.38052547155977,,
OG0004731,,LOC133796368_-1.01710392598745,,,,,
OG0004732,,LOC133777575_1.18728848753641,,,,,
OG0004735,,LOC133822479_1.97749164486398,,,,Wfi1_1.37498792270467,
OG0004740,,LOC133796942_4.51575368580071,,,LOC101207562_1.05702450076602,,
OG0004741,,LOC133800556_1.23005625029458,,,,,
OG0004758,LOC102581810_-1.91724673,,,LOC101264284_2.23937764910332,,,
OG0004774,,LOC133822381_1.21280304887844,,,,,
OG0004779,,LOC133782273_1.42993649168668,,,,,
OG0004781,ERS_1.476728121,,,LOC101263156_2.35730353235813,,,
OG0004785,,LOC133797343_-2.58831255228339;LOC133795432_-3.09540425836488,,,,,
OG0004795,,LOC133797853_-1.42085911443489,,,,,
OG0004800,,LOC133812431_1.29895399535131,,,,,
OG0004803,,LOC133812859_-1.60964221702958,,,,,
OG0004804,LOC102581623_3.552177067,,,LOC101254891_1.08979024435654,,,
OG0004825,,LOC133790908_1.63237902591759,,,,LOC101263761_1.73961100865343,
OG0004827,LOC102591265_1.410725963,,,LOC101262737_-1.69493538857103,,,LOC102595128_1.027320025
OG0004832,,LOC133823733_2.64604580639774,,,,,
OG0004837,,LOC133792155_1.34223019026464,,,,,
OG0004844,,LOC133802191_-1.43174191989642,,,,,
OG0004848,LOC102592126_-1.487367774,,,LOC101251564_1.25269677698795,,,
OG0004849,,LOC133796559_-1.11736276687169,,,,,
OG0004862,,LOC133820892_-2.36142732270021,,,,,
OG0004870,LOC102595614_1.702116415,,,LOC101264781_1.57469956575491,,,
OG0004872,,LOC133778725_1.61315623584608,,,,,
OG0004890,LOC102578309_1.642153166,,,LOC101261810_1.22418724174334,,,
OG0004891,,LOC133790366_-1.39264649643749,,,,,
OG0004898,LOC102590242_-1.630157269,,,PLDb2_1.15665610803297,,,
OG0004899,,LOC133822431_-1.62846984441745,,,,,
OG0004904,,,,,,LOC101249973_2.56212225702496;LOC138337088_2.72414476137625,
OG0004909,,LOC133831096_-1.66602568683968,,,,,
OG0004918,,LOC133797579_-1.00788902077344,,,,,
OG0004922,LOC102600036_1.301565332,,,LOC101262483_-2.16388142620294,,,LOC102581835_2.966645096
OG0004939,,LOC133812565_1.81868083022625,,,,,
OG0004950,,LOC133812727_2.96479703297081,,,,,
OG0004962,,LOC133800665_2.50248221963874,,,,,
OG0004966,,LOC133804517_4.50266178403143,,,,,
OG0004970,,LOC133800933_1.41205853077966;LOC133800267_1.36969003085225,,,,,
OG0004972,,,,,LOC101213387_-1.11243122427166,,
OG0004979,,LOC133791016_4.80597396961093,,,,,
OG0004980,,,,,,LOC101252088_1.85783065035625,
OG0004984,,LOC133831204_4.61807144164329,,,,,
OG0004985,,LOC133800252_6.1583913793784;LOC133799917_4.21812423118014,,,,,
OG0004990,LOC102595213_1.532986708,,,vicilin_-3.67916705102459,,,LOC102580341_3.960390416
OG0005002,LOC102578392_1.31306894,,,LOC101253040_1.10889952138416,,,
OG0005013,LOC102592282_-1.162408577,LOC133789074_5.03915739843537,,LOC101246614_1.10136544355795,,,
OG0005015,,LOC133798686_1.85716029163301,,,,LOC101268143_2.0243066513465,
OG0005021,,LOC133782274_1.46686282973464,,,,,
OG0005024,,LOC133802373_1.02103062012447,,,,,
OG0005031,LOC102602820_1.188972129,,,LOC101245490_2.33750088049012,,,
OG0005036,,LOC133822163_1.42768492205452,,,,,
OG0005042,,,,,,LOC101249928_1.8733957653095,
OG0005049,LOC102578838_1.46187935,,,LOC101249155_1.48962361149144,,,
OG0005060,LOC102582616_2.467490514,,,LOC101253978_1.12727179937824,,,
OG0005071,LOC102605400_3.182944795,,,matriochka_-2.41241578294368,,,LOC102587020_3.218660953
OG0005082,,LOC133783513_-2.90033910118816,,,,,
OG0005085,LOC102603504_-1.051182043,LOC133818922_1.45757663144097,,LOC101260892_1.94754654716888,,,
OG0005091,LOC102596090_-2.305997818,,,LOC101249187_-1.01848541358807,,,
OG0005093,LOC102578720_-1.169459238,,,LOC101246384_-1.18328031576993,,,
OG0005095,,LOC133782127_-2.12838011162377,,,,,
OG0005108,,LOC133783182_4.73862588175838,,,,,
OG0005134,LOC102594870_1.044720292,,,LOC101253402_1.32468139103126,,,
OG0005141,,,,,,LOC101262446_-1.43965355014286,
OG0005142,,LOC133804400_1.94014880202366,,,,,
OG0005151,,LOC133777789_-2.06430125927346,,,,,
OG0005152,LOC102591775_1.642113081,,,EXPB2_-2.42234919707256,,,LOC102577511_3.786274629
OG0005164,,LOC133777701_-1.11071975391306,,,,,
OG0005166,,LOC133812623_-1.32600694775018,,,,,
OG0005177,,LOC133829717_-2.22532994742152;LOC133830915_1.32056043618179,,,,,
OG0005179,,LOC133831699_4.19133906312542;LOC133824423_1.46171973727961,,,,LOC101262803_4.84261681026526,
OG0005181,,LOC133790137_-1.60374232407662,,,,,
OG0005190,,LOC133817243_2.23231145671406,,,,,
OG0005194,,LOC133801145_2.23421350224424,,,,,
OG0005204,,LOC133801532_4.18263944598913,,,,,
OG0005209,,LOC133801658_-1.3942988962321,,,,,
OG0005214,,LOC133797585_1.07404677906876,,,,,
OG0005222,LOC102585592_-1.344498297,LOC133788430_-1.2506621568255,,LOC101263548_-1.25171430484062,,,
OG0005226,,LOC133798623_-1.59125958601626,,,,,
OG0005234,,LOC133834273_-1.01967114128971,,,,,
OG0005241,,LOC133804965_2.39386884799721,,,,,
OG0005254,,LOC133834314_-2.94697879208277;LOC133834316_1.87820484940694;LOC133834308_-5.58961970843356;LOC133834315_4.51905235324549;LOC133778769_-3.31142035408933,,,,,
OG0005259,,LOC133830169_2.15201460857001,,,,,
OG0005263,,LOC133821927_2.74530314364806,,,,,
OG0005264,LOC102590243_1.034638189,LOC133824712_2.89903946311181,,NAP1_2.02012598154397,,,
OG0005267,,LOC133797469_2.34039686320572,,,,,
OG0005268,,,,,,LOC101257491_1.54288696026517,
OG0005275,,LOC133804789_5.99973204760979,,,,,
OG0005278,,LOC133778185_3.73136255536152;LOC133778180_3.42833547463356,,,,,
OG0005293,,LOC133801085_1.04106780050085,,,,,
OG0005306,,LOC133822224_2.16799272154347,,,,,
OG0005317,,LOC133783843_-1.58648090456305,,,,,
OG0005348,,LOC133818523_2.04618522780162,,,,LOC101261981_1.11379606368416,
OG0005357,,LOC133796961_1.45185509332982,,,,,
OG0005364,,LOC133799337_-1.57460614793162,,,,,
OG0005372,,LOC133800919_4.62192726683322,,,,,
OG0005392,,LOC133829656_-1.35740444453095,,,,,
OG0005417,,LOC133798270_1.41472146562441,,,,,
OG0005430,,LOC133782974_-1.40673132199985,,,,,
OG0005431,LOC102580320_1.308370525,,,LOC101261343_-1.13167062946852,,,
OG0005432,,,,,,LOC101253022_2.84492487600863,
OG0005436,,LOC133822524_1.93377796823623;LOC133802657_1.38460487153358,,,,,
OG0005441,LOC102598996_-1.306448015;LOC107063386_1.257254513,,,LOC101259392_-1.00620256576184,,,
OG0005445,,LOC133818126_-3.64083464285767,,,,,
OG0005449,,LOC133829925_-1.22003240426038,,,,,
OG0005455,LOC102586434_1.177261755,,,LOC101268640_-1.21316507114622,,,
OG0005456,,LOC133790987_1.76239929946884,,,,,
OG0005463,,LOC133796685_-1.00091344903272,,,,,
OG0005470,,,,,,LOC101264084_1.31474442075736,
OG0005471,LOC102603175_-1.024246959,,,LOC101263076_-1.15718247362069,,,
OG0005479,LOC107061267_1.620014346,LOC133802576_4.1782329393385;LOC133804847_3.63027259716934,,LOC101243792_1.86982402723618,,,
OG0005493,,LOC133778386_-1.14869363469581,,,,,
OG0005495,,LOC133777710_1.79005560627954,,,,,
OG0005512,LOC102602388_-1.152364932,,,LOC101264425_-1.30244683935766,,,
OG0005513,LOC102580689_1.161123293,LOC133822885_1.37866216229093,,LOC101247821_1.00114038911999,,,
OG0005518,,LOC133823339_-1.53949271524034,,,,,
OG0005524,,LOC133797032_-1.89284240471486,,,,,
OG0005529,,LOC133819463_1.37482104324638,,,,LOC101260171_1.24898558448766,
OG0005557,,LOC133823022_1.27318108809289,,,,,
OG0005563,LOC102586529_1.030206195,,,LOC101266819_-1.32802507504162,,,
OG0005564,,LOC133824455_-1.402888201532,,,,,
OG0005566,,LOC133797677_-1.00273474501681,,,,,
OG0005596,,LOC133788292_-2.43103592158072,,,,,
OG0005604,,LOC133834146_-1.67916682128508,,,,,
OG0005606,,LOC133778480_7.72586215972289,,,,,
OG0005608,LOC107057952_1.08377778,,,LOC101265702_-1.55238663344931,,,LOC102602560_1.218882004
OG0005614,LOC102593147_-1.344935281;LOC102588618_1.005712257;LOC102578637_-1.235756839,LOC133812769_1.0137145454898,,LOC100316879_1.2447013311681;LOC101260391_1.14818713228641,,LOC101260391_1.42796262499559,
OG0005627,,LOC133834175_4.23921826473255,,,,,
OG0005630,LOC107061941_-1.186243445,LOC133794588_4.04514546666174,,LOC101253198_1.08261893516106,,LOC101253198_2.12319343160131,
OG0005671,,,,,,LOC101244745_1.81246700215215,
OG0005675,,LOC133778074_1.24676306169579,,,,,
OG0005712,,,,,,LOC101260068_1.53294655229836,
OG0005715,,LOC133831660_-3.48440444347915,,,,,
OG0005718,,LOC133802250_-1.18034941176111,,,,,
OG0005725,LOC102598012_1.1749443,,,LOC101265306_-1.67214028495576,,,LOC102603165_2.773098039
OG0005732,,LOC133805330_1.80246096181556,,,,,
OG0005736,,LOC133783374_2.29089330897153,,,,,
OG0005756,,LOC133800781_2.56843134464282,,,,LOC101263667_1.01172527064985,
OG0005759,,,,,,TRM31_2.96816688019302,
OG0005762,,LOC133807218_1.22714471176829,,,,,
OG0005772,,LOC133797777_-1.4136612384567,,,,,
OG0005782,,LOC133800504_-1.20425662190289,,,,,
OG0005784,LOC102581299_1.121550853;LOC102587692_-1.446453871,LOC133816999_2.31488608821804;LOC133822413_1.06710837221368,,LOC101259275_1.14000602441402,,LOC101259275_1.68444007895455,
OG0005796,PME1_-3.159352819,,,LOC101256762_2.10917727466013,,,
OG0005820,,LOC133797878_1.13048159891945,,,,,
OG0005823,,LOC133819588_1.94718961849159,,,,,
OG0005830,,LOC133830620_1.16516843034843,,,,,
OG0005831,,,,,,LOC101249997_3.79884604366208,
OG0005832,LOC102597988_-1.002165869,,,LOC101265391_-1.02015002878663,,,
OG0005834,,LOC133798410_5.6416290878563,,,,,
OG0005843,,LOC133831717_1.92829623666578;LOC133831716_1.68817102622551,,,,,
OG0005852,,LOC133783939_3.83712111021792,,,,,
OG0005862,,LOC133807431_-1.42929311263232,,,,,
OG0005870,,LOC133790585_-1.19781955806826,,,,,
OG0005887,,,Lehsr203_4.23726545890941,,,Lehsr203_1.57248592444325,
OG0005897,LOC102589648_1.039143516,,,LOC101260837_-1.25380433179801,,,
OG0005904,,,,,,LOC101055520_1.31683597282329,
OG0005919,LOC102593930_1.439706003,,,BMY3_1.5867979675233,,,
OG0005924,LOC102598488_-1.150456455;LOC102583094_1.03443849,,,LOC101259084_-1.81042041138353,,,LOC102598360_-3.639066855
OG0005927,,LOC133812406_-1.16178151792845,,,,,
OG0005929,,LOC133787084_-1.87743981786858,,,,,
OG0005943,LOC102599308_1.002379779,,,LOC101251641_1.79598760182909,,,
OG0005952,,LOC133820938_-2.27504702551793,,,,LOC101255514_-1.17764762196832,
OG0005955,,LOC133804551_1.8759676132241,,,,AO_2.28626587257092,
OG0005980,,LOC133782019_1.09056980678444,,,,,
OG0005986,,LOC133798201_1.81685825028356,,,,,
OG0005997,LOC102590804_1.609892093;LOC102593559_-1.066664214,,,LOC101259605_1.26199185405862,,LOC101259605_1.30315123412362,
OG0006007,,LOC133832873_1.47821296278991,,,,,
OG0006014,,LOC133801839_5.55525431196838,,,,,
OG0006018,LOC102601889_-2.642379686,,,LOC101267254_1.78606837030052,,LOC101267254_1.75997549559801,
OG0006021,,LOC133777864_1.49330288977871,,,,,
OG0006024,,LOC133787035_1.20084347053475,,,,,
OG0006053,LOC102585863_2.850170542,,,LOC101268154_-1.77588952968473,,,LOC102583320_2.752604429
OG0006072,,LOC133797828_1.6109361896391,,,,,
OG0006077,,LOC133834780_-1.28020226827452,,,,,
OG0006111,,LOC133830517_-1.02341240426487,,,,,
OG0006132,LOC102585106_1.011889859,,,LOC101249209_1.54360711394562,,,
OG0006151,,LOC133834556_-2.95465530813942,,,,,
OG0006164,,LOC133822452_3.56087487671598,,,,,
OG0006166,,LOC133782319_1.38657267271127,,,,,
OG0006167,,LOC133812840_-1.18594869858723,,,,,
OG0006170,,LOC133824329_3.46993609934278,,,,,
OG0006173,,LOC133794154_1.17866908391102,,,,,
OG0006182,,LOC133789106_2.50227227025059,,,,,
OG0006183,,LOC133817548_3.4497996342719,,,,,
OG0006186,,LOC133802437_-1.16274090108895,,,,,
OG0006189,LOC102587007_2.396388056,,,PIP1-7_-1.83345863249234,,,LOC102586936_1.712917451
OG0006199,LOC107057675_2.128860661,,,AOX1a_2.08153078040141,,,
OG0006247,LOC107062911_2.260160603,,,LOC101253546_1.52399092810976,,LOC101267755_1.91689572255545,
OG0006249,LOC102603187_-1.992454579,,,LOC101267579_1.08334845975053,,,
OG0006271,,LOC133819836_-1.48304456827613,,,,,
OG0006276,LOC102597090_-1.891331221;LOC102586119_1.045960265,,,LOC101260212_-1.10822794745143,,,
OG0006277,,LOC133798471_2.07837273153382,,,,,
OG0006281,LOC102598105_1.668121553,,,LOC101262972_-1.40822832094612,,,
OG0006300,,LOC133803741_5.27989653743551;LOC133796470_1.33142968389727,,,,,
OG0006302,,LOC133803174_-1.51663779830635,,,,,
OG0006320,,,,,,LOC101244425_1.31801950361279,
OG0006333,,,,,,LOC101246763_-1.12706170074685,
OG0006338,LOC102600609_1.024984279,LOC133797227_7.94772312268181,,LOC101244746_1.9937482495856,,LOC101244746_2.52715645994354,
OG0006341,LOC102579413_1.853419158,,,PORK1_1.54874968508896,,,
OG0006354,,LOC133799562_1.19899122705835,,,,,
OG0006366,,,,,,LOC101248276_2.63896315796948,
OG0006383,,LOC133780249_-6.90358602423249,,,,,
OG0006413,,LOC133831302_-1.36074482155205,,,,,
OG0006432,,LOC133800716_1.98858027980167,,,,,
OG0006450,,LOC133822971_-1.06691973959423,,,,,
OG0006456,LOC102598543_1.488214492,,,LOC101261157_-1.06873407055758,,,
OG0006473,,LOC133800990_-1.1849747290851,,,,,
OG0006504,,LOC133822475_1.24938567183648,,,,,
OG0006507,,LOC133803428_-1.25551826430637,,,,,
OG0006509,,,,,,LOC101265158_1.17049458771798,
OG0006518,LOC102577590_-1.304623056;LOC102580064_2.033609967,,,LOC101259599_-1.40601675202779,,,
OG0006528,,LOC133830325_2.45925343868816,,,,,
OG0006539,,,,,LOC101206868_2.99416506375286,,
OG0006545,,LOC133831155_3.03306007497008,,,,,
OG0006548,,,,,,LOC101248286_3.25971256257762,
OG0006565,,,,,LOC101202978_1.87574822783081,,
OG0006569,,LOC133794162_1.80253744609842,,,,,
OG0006570,,LOC133822466_1.06357368929121,,,,,
OG0006573,LOC102605299_1.069855854,,,LOC101263797_-1.15095433263314,,,
OG0006574,,LOC133790941_1.26518024930223,,,,,
OG0006576,,LOC133789342_3.202568998818;LOC133781349_-4.35795726289172,,,,,
OG0006577,LOC102601808_1.283418225;LOC102594892_-1.164032316,,,LOC101259290_-2.11191977147082,,,LOC102578540_2.29497703
OG0006578,LOC102592281_-1.141085129,,,LOC101268467_-1.19215979942139,,,
OG0006582,LOC102591779_-1.038634707,,,LOC101258374_2.45752244891793,,,
OG0006598,,LOC133782122_-3.14487498430391,,,,,
OG0006614,,LOC133789019_-1.31958472165441,,,,,
OG0006632,,LOC133793970_5.73510083376579,,,,,
OG0006658,,LOC133807054_1.1725978242912,,,,,
OG0006675,,LOC133807364_3.95852692529454,,,,,
OG0006678,,,,,LOC101221373_-2.17970741096512,,
OG0006725,LOC102578287_-1.378721501,,,LOC101257961_-1.11721462385432,,,
OG0006742,LOC102588078_1.802717414,,,LOC543912_-1.02863700197945,,,
OG0006746,,,,,,cuAO_-1.42589849271827,
OG0006749,LOC102578252_1.36370047,,,CEL8_-1.38434108260586,,,
OG0006786,,,,,,LOC101261073_1.09279407391987,
OG0006803,,,,,LOC105435893_2.06348637983169,,
OG0006808,,LOC133814180_-5.99531746329603,,,,,
OG0006814,,LOC133823215_-1.26364802356024,,,,,
OG0006819,LOC102591685_1.367902223,,,LOC101253061_-1.27020557989986,,,
OG0006834,,LOC133803220_4.28411814764972;LOC133797155_1.43935383222658,,,,,
OG0006847,,,,,,LOC101250310_1.16072832329134,
OG0006854,,LOC133830616_1.20155426945041,,,,,
OG0006860,,LOC133803910_-1.10831739484738,,,,,
OG0006865,,LOC133822164_1.29361638251814,,,,LOC101265542_2.32882559428345,
OG0006871,,LOC133818470_-1.11408280704243,,,,,
OG0006883,,LOC133817004_-2.86789192542352,,,,,
OG0006914,LOC102594915_2.123557048,,,LOC101268644_5.29117107048193,,,
OG0006916,,LOC133803824_6.83141975957138,,,,,
OG0006924,,LOC133817483_1.64031820621585,,,,,
OG0006947,LOC102602050_1.774539026,,,LOC101244460_1.37269797995125,,,
OG0006948,,,,,,LOC101261140_2.13597633477212,
OG0006949,,LOC133818256_2.4228571259088,,,,,
OG0006961,,LOC133785910_2.17731608300215,,,,,
OG0006968,,LOC133801572_1.39910025737491,,,,,
OG0006974,,LOC133789146_1.17320772851932,,,,,
OG0006975,,LOC133798625_1.03719591397094,,,,,
OG0006981,,LOC133823268_1.1199260260946,,,,,
OG0006983,,LOC133834194_-1.76489312834341,,,,,
OG0006997,,LOC133797616_-1.14619715349688,,,,,
OG0007007,,LOC133823919_2.06303229263532,,,,,
OG0007016,,,,,,LOC101268273_1.10285381947625,
OG0007019,,LOC133823138_1.02471078390419,,,,,
OG0007031,LOC102581954_1.810157723,,,LOC101244455_1.25064926265672,,,
OG0007057,,LOC133804563_3.9856910728704,,,,,
OG0007074,,LOC133797010_8.60786480337094,,,,,
OG0007077,,LOC133784359_-1.72380232353742,,,,,
OG0007081,,LOC133778535_-1.70818513677073,,,,,
OG0007083,,,,,LOC101211901_-1.1031587745534,,
OG0007084,,LOC133794971_4.34612913221725,,,,,
OG0007088,,LOC133794058_-1.43711836466323,,,,,
OG0007092,,LOC133821900_1.49529710745979,,,,,
OG0007099,,LOC133791084_-1.15244912130256,,,,,
OG0007100,,LOC133792803_1.58779551815661,,,,,
OG0007102,LOC102605267_2.578063372,,,TRM5_-1.22102094095779,,,
OG0007120,LOC107059048_1.544204399,,,LOC101265598_2.7079125804018,,,
OG0007131,,,,,,LOC101258753_1.05358042599198,
OG0007134,,LOC133819080_1.12065693984167,,,,,
OG0007140,LOC102578522_-1.115722622,,,LOC101264805_1.99032090470317,,,
OG0007141,LOC102598934_1.407247182,,,LOC101246362_1.40157534409867,,,
OG0007154,,LOC133778268_-4.48659667500909,,,,,
OG0007195,,LOC133818083_3.8342757390588,,,LOC101207604_-1.40215575565828,,
OG0007198,LOC102598816_1.048791249,,,LOC101263676_-2.01003970772159,,LOC101250756_1.84775793763261,LOC107062125_3.43301141
OG0007199,,LOC133818548_1.13798730001385,,,,,
OG0007200,,LOC133798409_-2.1889973560458,,,,,
OG0007216,,LOC133783059_-1.22599044611117,,,,,
OG0007217,,LOC133834288_-5.01339701525878,,,,,
OG0007229,LOC102593824_-3.268027704,,,LOC101245519_3.70401430075704,,,
OG0007262,,LOC133783103_1.5934966084883,,,,,
OG0007267,,LOC133819073_-1.3678119068444,,,,,
OG0007275,,,,,,LOC101252936_1.48146648699498,
OG0007282,,LOC133808041_2.48043951568775,,,,,
OG0007287,,LOC133802160_-1.39746590460207,,,,,
OG0007308,,LOC133784684_1.75955735639785,,,,,
OG0007313,LOC102604604_-1.404546667,,,LOC101262758_3.24915083049089,,,
OG0007318,LOC102586855_-1.118150336,LOC133797367_1.7932655509503,,LOC101261415_-1.95653015665851,,,LOC102581151_1.596237366
OG0007324,LOC102581639_-1.77351654,,,LOC101257513_-1.38454564017868,,,
OG0007325,,LOC133788531_1.03986440726083,,,,,
OG0007327,,LOC133792718_1.02779057818629,,,,,
OG0007338,LOC102601437_-1.216121795,,,LOC101247067_-1.07159115540286,,,
OG0007343,LOC102596276_1.047954184,,,LOC101261180_2.43244452238945,,LOC101261180_1.12147485318131,
OG0007351,,LOC133807376_1.44870783701057,,,,CZFP1_2.24258301547661,
OG0007360,,LOC133812348_1.30965282810494,,,,LOC543924_1.20074883010052,
OG0007367,,LOC133777885_1.27709732268851,,,,,
OG0007371,LOC102590196_-1.018520693,,,FBA3_1.63544911696941,,,
OG0007382,LOC102591716_-1.005151407,LOC133817727_3.82817514620133;LOC133822742_1.09379153980749,,LOC101246301_-1.50592911855872,,,LOC102600905_1.409505513
OG0007389,,LOC133829627_-1.03236969988255,,,,,
OG0007396,,LOC133802110_6.89081218529912,,,,,
OG0007427,,LOC133823185_1.40582572431744,,,,,
OG0007428,,LOC133796160_-1.74138251358303,,,,,
OG0007435,LOC102591339_1.602178362,,,LOC101262372_2.00273144631067,,,
OG0007437,,LOC133831711_-2.27754868468278;LOC133831780_-3.88085386200196,,,,,
OG0007439,,LOC133790553_-1.51170563144543,,,,,
OG0007446,,LOC133780280_-6.14887781409463,,,,,
OG0007470,,LOC133818871_-1.10129091216913,,,,,
OG0007488,,LOC133790901_-1.61274720849114;LOC133790902_-1.39380920691813,,,,,
OG0007491,,LOC133798018_-1.12125585050233,,,,,
OG0007494,,,,,,RD2_1.0822538595929,
OG0007499,LOC102586514_-1.206302296,,,LOC101256683_1.32473266116264,,,
OG0007503,,LOC133787845_-1.33022933782844,,,,,
OG0007520,,LOC133829573_-1.30687887467791,,,,,
OG0007543,LOC102594096_-1.843658767,,,LOC101264451_1.42897764988425,LOC101221873_-1.42495249896909,,
OG0007546,,LOC133778572_2.79368415815142,,,,,
OG0007547,LOC102588093_1.478151522,,,LOC101249056_-1.33559111417604,,,
OG0007550,LOC102590788_1.348526393,LOC133819417_2.81675137588973,,ERF6_-1.29220913823275,,,
OG0007558,,LOC133777880_1.40609854998108,,,,,
OG0007575,,LOC133822553_1.05706091565769,,,,,
OG0007598,,LOC133824517_2.031244167741,,,,,
OG0007607,,LOC133803735_2.30770735066776,,,,,
OG0007638,,LOC133796921_-1.43349719930973,,,,,
OG0007646,,LOC133830681_-6.16471808241679,,,,,
OG0007655,,LOC133829679_-1.17514359886464,,,,,
OG0007682,LOC102601482_-1.308712036,,,LOC101264612_-2.31925973157714,,,LOC102581955_-2.018882278
OG0007687,LOC102592574_1.13409696,,,LOC101252918_-2.05057794114202,,,FT_6.929101105
OG0007688,,LOC133790678_1.18208709451327,,,,,
OG0007706,,LOC133818193_1.98388935037018,,,,,
OG0007716,,LOC133778319_1.53791509244031,,,,,
OG0007719,,LOC133819938_1.41673767812618,,,,,
OG0007731,,LOC133789185_2.84197326650011,,,,,
OG0007740,LOC102604299_1.44357399,,,LOC101248351_-1.18492903102914,,,
OG0007749,LOC102597570_1.142418718,,,LOC101267670_-1.29014075357945,,,
OG0007756,,LOC133788411_-2.48917722481035,,,,,
OG0007757,,LOC133797001_-1.12379476422865,,,,,
OG0007773,,,,,LOC101216172_-1.59352673142141,,
OG0007786,,LOC133830179_1.77999323998692,,,,,
OG0007788,,LOC133804057_2.81078063050406,,,,,
OG0007791,,LOC133829569_-1.35165603014646,,,,,
OG0007796,,LOC133794747_5.47368764645477,,,,LOC101261249_1.17427060572983,
OG0007815,LOC102594930_-1.932468078,,,LOC101268316_1.37339665505404,,,
OG0007819,,LOC133790865_-1.07339265265371,,,,,
OG0007827,LOC102591329_1.037915186,,,LOC101256971_-1.31824668283954,,,
OG0007828,,LOC133830854_1.57998050207695,,,,,
OG0007849,,LOC133789095_1.04129499650286,,,,,
OG0007852,,LOC133805111_1.74415758179364,,,,,
OG0007885,,LOC133794155_1.25480299112359,,,,,
OG0007897,LOC102602737_-1.12927599,,,LOC101246125_-2.26472029472447,,,LOC102597554_1.729660193
OG0007898,,LOC133823239_2.63938436026696,,,,,
OG0007918,,LOC133812668_-1.16989232167064,,,,,
OG0007945,,LOC133782870_-1.41653512108992,,,,,
OG0007988,,LOC133795361_5.97279436894721,,,,,
OG0007990,,LOC133796585_1.33655540900249,,,,,
OG0008002,,LOC133819596_-1.38423951852899,,,,,
OG0008012,,LOC133788781_1.36748946014482,,,,,
OG0008030,LOC102605377_1.90157387,LOC133830491_1.0805987109007,,LOC101248287_1.2562213901748,,,
OG0008031,,LOC133807189_2.09964794348794,,,,,
OG0008039,,LOC133777955_-5.17988934280371,,,,,
OG0008054,LOC102602456_1.131584886,,,JA2L_1.68294682352069,,,
OG0008055,,LOC133782653_-1.91411078961241,,,,,
OG0008061,,LOC133782443_-1.29165389748638,,,,,
OG0008091,,LOC133812938_-1.17423377494304,,,,,
OG0008123,,LOC133800776_1.11189840995922,,,,,
OG0008130,,LOC133823389_1.70841741738595,,,,,
OG0008150,,LOC133834356_-2.25036883015141,,,,,
OG0008178,,LOC133778151_-1.36602924320295,,,,,
OG0008179,LOC102595561_1.217419327,,,LOC101264780_4.05675548499397,,,
OG0008183,LOC102605073_1.240119718,,,LOC101251349_1.74576255242051,,,
OG0008199,,,,,,LOC101263288_1.41661754771085,
OG0008215,,LOC133794681_-2.0655164736137,,,,,
OG0008225,,LOC133795123_-3.23088263568107,,,,,
OG0008271,LOC102592414_1.342099592,LOC133822633_-2.20133549382203;LOC133822634_-1.87238307202472,,LOC544313_1.26418358543921,,,
OG0008293,,LOC133831329_-2.86289414137671,,,,,
OG0008305,,LOC133788403_3.3124220479358,,,,,
OG0008317,LOC102590273_1.161390309,,,LOC101243926_1.72519291799839,,,
OG0008327,LOC102597267_-1.463915307,,,LOC101246010_1.66447229080956,,,
OG0008339,,,,,,LOC101266343_1.46205220861098,
OG0008349,,LOC133782817_1.89717890243736,,,,LOC101256817_1.25133776750649,
OG0008367,LOC102606278_-1.275756703,,,LOC101249426_2.37259406585042,,,
OG0008368,,LOC133816673_-2.59031973436267,,,,,
OG0008374,,LOC133798021_1.62642109711577,,,,LOC101259222_-1.35973563827628,
OG0008385,,LOC133803335_-1.32130272998687,,,,,
OG0008386,,,,,,LOC101253047_2.72536937699559,
OG0008393,,LOC133817783_1.55332712208918,,,,,
OG0008394,,,,,,HSTF24_1.12562920533999,
OG0008399,,,,,,LOC101263886_-1.2065146907377,
OG0008401,,LOC133804175_3.45855559426508;LOC133804864_6.30885470134661,,,,,
OG0008411,LOC102580389_-1.155237617,,,LOC101266976_-1.43443014523483,,,
OG0008426,,LOC133782774_1.71498974531413,,,,,
OG0008429,LOC102598389_4.683606237,,,LOC101266736_2.87855315991418,,,
OG0008434,,LOC133821811_1.24401513736293,,,,,
OG0008448,,LOC133801404_1.41868502642063,,,,,
OG0008464,,LOC133783070_-1.96390732938275,,,,,
OG0008498,LOC102591380_1.715068936,,,LOC101264466_-1.50936580817754,,,LOC102582440_2.236687894
OG0008505,,LOC133778092_2.91083302739699,,,,LOC101249094_5.04106221883523,
OG0008507,LOC102581415_1.17623903,,LOC101256614_1.27408046194205,LOC101256614_1.71190036716842,,,
OG0008519,LOC102577840_1.289197846,,,LOC101251848_1.85589006041465,,,
OG0008521,,LOC133819658_-1.30982723475532,,,,,
OG0008524,,LOC133795795_-1.41179417889733,,,,,
OG0008534,,LOC133817540_1.1751115444141,,,,,
OG0008540,,LOC133778670_1.24139478041591,,,,,
OG0008550,,LOC133834688_1.20833898296203,,,,,
OG0008552,LOC102587163_-1.154689479,,,LOC101263386_-1.0443548643181,,,
OG0008561,,,,,LOC101217065_1.13261267227029,,
OG0008562,,LOC133782297_-1.9011293490432,,,,,
OG0008563,,LOC133829976_-1.68473245384379,,,,,
OG0008574,,LOC133798161_1.63243105356066,,,,,
OG0008607,LOC102583528_-1.03984523,,,GRAS2_2.62925446452473,,LOC101055602_1.4038540530931,
OG0008612,,LOC133818784_-1.24033457633594,,,,,
OG0008648,,LOC133801030_1.03536942852931,,,,,
OG0008653,,LOC133803454_4.3382804764811,,,,,
OG0008661,,,,,,LOC101248759_1.93211514203184,
OG0008664,,LOC133788816_1.61816935310332,,,,,
OG0008670,LOC102578692_-1.001052678,,,LOC101262603_-1.09091575075273,,,
OG0008673,,LOC133812958_1.31920861227798,,,,,
OG0008674,,LOC133812699_5.20080517426298;LOC133812700_2.54445059398705,,,,,
OG0008692,,LOC133788733_2.28443798724593,,,,LOC104646915_2.28502551265627,
OG0008712,,LOC133819859_1.19184746164143,,,,,
OG0008717,,LOC133819330_1.07115663330975,,,,,
OG0008747,,LOC133834241_-2.05540828720435,,,,,
OG0008757,LOC102596643_-1.09726084,,,LOC101250647_-1.18935452535997,,,
OG0008761,LOC102582832_-2.299378015,,,LOC104645747_1.13327963086807,,,
OG0008766,,LOC133834778_2.6556883066542,,,,,
OG0008786,,LOC133782660_-1.32900922035935,,,,,
OG0008796,,LOC133796923_-1.33636293114129,,,,,
OG0008798,,LOC133789009_1.25129745147849,,,,,
OG0008806,,LOC133819178_1.20491955562927,,,,,
OG0008828,,LOC133824379_2.60828360948579,,,,,
OG0008829,,LOC133822434_-2.11798894448415,,,,,
OG0008876,,LOC133801103_-1.41585838802888,,,,,
OG0008882,LOC102598350_1.586484448,LOC133781840_-1.6691345265341,,LOC101264894_1.20254295616244,,,
OG0008893,,LOC133823243_-1.77389864977903,,,,,
OG0008903,LOC102582189_-1.033628536,,,CO3_1.00607650266611,,,
OG0008904,,LOC133817801_2.71886856425866;LOC133817804_-1.62334448939635,,,,LOC101268445_3.13646345850764,
OG0008910,,LOC133829658_-1.55149969773772,,,,,
OG0008929,,LOC133803226_1.89901049658769,,,,,
OG0008954,,,,,LOC105435779_-1.04504538759602,,
OG0008979,,LOC133829600_2.78504056184729,,,,,
OG0008997,,LOC133800088_-1.10592758870768,,,,,
OG0009007,,LOC133824351_3.34367189587084,,,,,
OG0009010,,LOC133819971_-1.5477847628976,,,,,
OG0009032,,LOC133803541_-1.3109984030714,,,,,
OG0009069,,LOC133779280_-1.65291904227726,,,,,
OG0009074,LOC107060694_1.430058927,LOC133778219_1.44911691040752,,LOC101265846_-1.2952979761754,,,
OG0009083,LOC102591473_1.425346911,,,LOC101256628_1.1145420970599,,,
OG0009097,,LOC133796532_-1.98444065388938,,,,,
OG0009102,,LOC133802159_-1.24053559763542,,,,,
OG0009106,LOC102585343_1.621612726,,,LOC101261383_1.69101635490924,,,
OG0009143,,LOC133789901_1.53390015165793,,,,,
OG0009150,,LOC133794986_-1.54881871533945,,,,,
OG0009155,,LOC133783114_2.61857767142592,,,,,
OG0009156,,LOC133830902_1.1300785912599,,,,,
OG0009158,,LOC133789002_-1.62016125962188,,,,,
OG0009166,,LOC133796826_2.62805796748328,,,,,
OG0009191,,LOC133781490_-1.54379728254762,,,,,
OG0009222,,LOC133822208_1.60784745596465,,,,,
OG0009226,,LOC133807392_4.74122813448304,,,,,
OG0009232,,LOC133794641_-1.5152480954921,,,,,
OG0009253,,LOC133803838_-1.20908142422051,,,,,
OG0009263,LOC102587042_1.780170241,,,LOC101264810_-1.02194536494297,,,
OG0009281,STUGE45_1.672711868,,,LOC101257504_2.12024404266493,,,
OG0009287,LOC102590239_1.288399847,,,LOC101255777_1.16198202627184,,,
OG0009314,,,,,,LOC101250915_1.64958670387243,
OG0009318,LOC102579066_1.897181762,,,LOC101263549_-1.21097425466325,,,
OG0009325,LOC107058570_2.180602713,,,LOC101251503_-1.09271348128302,,,
OG0009356,,LOC133818928_-1.14665988947963,,,,,
OG0009381,,LOC133831679_-1.12403951420098,,,,,
OG0009394,LOC102580524_-1.046431224,,,LOC101253894_-2.78138741058676,,,LOC102581808_4.135885386
OG0009396,,LOC133822424_-1.55923710760351,,,,,
OG0009407,,LOC133823537_-1.04259498074481,,,,,
OG0009412,,LOC133834145_-1.31212177020856,,,,,
OG0009420,,LOC133834658_-1.1762615595674,,,,,
OG0009421,,LOC133782692_1.00565059429797,,,,,
OG0009431,,LOC133812724_-2.58415961094674,,,,,
OG0009434,,LOC133803493_1.70618174295844,,,,,
OG0009437,,,,,,LOC101245158_2.67611398398997,
OG0009443,,,,,,LOC101255483_1.34494355448518,
OG0009458,LOC102593298_1.440553301,LOC133797138_-2.04216349758725,,LOC101265923_-1.14236910273941,,,
OG0009459,,LOC133797118_3.69461639984407,,,,,
OG0009470,,LOC133797232_-1.65641232754203,,,,,
OG0009475,,LOC133782149_-1.4996055818035,,,,,
OG0009483,,LOC133824894_-1.22359640446017,,,,,
OG0009485,,LOC133801220_-1.14439633199388,,,,,
OG0009487,,LOC133831596_-1.29802451526122,,,,,
OG0009495,LOC107060434_1.505090879,,,LOC101252813_1.06268373886861,,,
OG0009511,,LOC133819733_1.10802423185436,,,,,
OG0009514,,,,,,LOC101262686_-1.04823771451165,
OG0009540,,LOC133824537_1.36681168822143,,,,,
OG0009549,,LOC133778806_-3.93057140191025,,,,,
OG0009556,,LOC133830953_1.14820514125824,,,,,
OG0009560,LOC102591436_1.775290032;LOC107062558_1.127049819,,,LOC101259838_1.11162310037826,,,
OG0009565,LOC102593103_-2.007818112,,,LOC101253154_-1.15926162160178,,,
OG0009567,LOC102601873_-1.040722592,,,LOC101257158_-1.22398425251647,,,
OG0009582,,,,,,EXLA1_1.47126174610312,
OG0009600,,LOC133795099_3.04551487987129;LOC133832310_-1.39104198357193;LOC133813361_-1.32937032173264,,,,,
OG0009607,,LOC133824347_-1.81324951719232,,,,,
OG0009633,LOC102592477_-1.202165251;LOC102605731_1.399518207,,,LOC101259774_-1.17657926742276,,,
OG0009668,,LOC133803863_2.2836501305959,,,,,
OG0009671,,LOC133798505_-1.26758463558231,,,,,
OG0009673,,LOC133798188_-1.83667089968779,,,,,
OG0009712,,LOC133777423_1.08142898767455,,,,,
OG0009713,,LOC133823169_1.65020903988319,,,,,
OG0009716,LOC102585519_-1.332927727,,,LOC101258064_1.04206960913129,,,
OG0009717,,LOC133802298_-1.59518012865666,,,,,
OG0009730,LOC102586172_-1.376596563,,,LOC101244762_1.04809639898952,,,
OG0009744,,LOC133817382_-1.18358119734849,,,,,
OG0009749,,LOC133797669_1.18453773952105,,,,,
OG0009751,,LOC133812900_4.02537508766416,,,,,
OG0009760,,LOC133821959_2.0331334702436,,,,,
OG0009789,,LOC133810299_-1.63455799044848,,,,,
OG0009790,LOC102587888_1.486204541,,,LOC101247280_1.20894596706318,,,
OG0009799,,LOC133817553_1.68861415914411,,,,,
OG0009800,,LOC133794175_3.04712538879834,,,,,
OG0009829,LOC102601920_-1.846129552;LOC102577576_1.593666367,,,LOC101260941_-1.59083211191425;LOC101266668_-1.34739233413436,,,LOC102592022_-1.857867962
OG0009837,,LOC133796766_2.04324801146836,,,,,
OG0009840,,LOC133817824_1.83570335840215,,,,,
OG0009843,,LOC133788246_1.58460154332821,,,,,
OG0009848,,LOC133789784_5.72715676300588,,,,,
OG0009849,LOC102579550_3.725279842,,,LOC101252368_-1.2812052090946,,,
OG0009853,LOC102586921_-1.055422937,,,LOC101250269_-1.08460843443663,,,
OG0009864,,LOC133789639_2.93706411112461,,,,,
OG0009873,LOC102604996_1.255322574,,,LOC101245952_-1.53296715035981,,,LOC102579625_3.010908327
OG0009890,,LOC133778155_3.21524532228471,,,,,
OG0009898,,LOC133794847_-1.34722672420236,,,,,
OG0009907,LOC102579793_1.28320373,,,LOC101245657_1.01264273948803,,,
OG0009911,,LOC133788558_1.41471497713262,,,,,
OG0009939,,LOC133804023_1.93238095577037,,,,,
OG0009940,,LOC133803169_3.41205836019849,,,,,
OG0009947,,LOC133831409_3.20189052407028,,,,,
OG0009958,,LOC133822678_1.18571233606409;LOC133822680_1.13522797125488,,,,,
OG0009967,,LOC133795058_1.95321002578681,,,,,
OG0009974,,LOC133803716_-1.4468078908436,,,,,
OG0009977,,LOC133797824_1.71893098604575,,,,,
OG0009983,,LOC133778387_1.08266904620019,,,,,
OG0009984,,LOC133798319_1.1605506888042,,,,,
OG0009991,,LOC133807110_2.54502636989454,,,,,
OG0010027,,LOC133794478_-1.42463573457473,,,,,
OG0010033,LOC102600334_-1.255202786,,,LOC101244015_-1.1208453559528,,,
OG0010058,LOC102578320_-1.986476739,,,LOC101267066_1.81406473465262,,,
OG0010095,,LOC133797045_-1.63870731862178,,,,,
OG0010102,LOC102598985_2.192757844,,,LOC101245851_1.40109765501941,,,
OG0010115,,LOC133834165_-1.12582324498196,,,,,
OG0010123,LOC102595346_1.451962965;LOC102602963_-1.270296538,,,LOC101254734_1.45130550573887;LOC101247327_1.47002782435993,,,
OG0010133,,LOC133805476_1.35934334656931,,,,,
OG0010138,,LOC133778300_-1.18124856777888,,,,,
OG0010139,,LOC133783520_-2.37754415258425,,,,,
OG0010141,LOC102605695_1.399238351,,,LOC101265525_1.40663892879884,,,
OG0010161,,LOC133819997_1.23975570636212,,,,,
OG0010164,,,,,,LOC101250535_-1.27564056310301,
OG0010167,,LOC133778280_-1.87345037945133,,,,,
OG0010182,,LOC133796022_1.76677447699946,,,,LOC104645408_2.41446898053747,
OG0010202,,LOC133829972_-1.12606135272407,,,,,
OG0010204,,LOC133818376_-4.88421004721048,,,,,
OG0010214,LOC102604793_2.24702621,,,LOC101244151_1.46399445012963,,,
OG0010220,,LOC133829581_1.02220622026064,,,,,
OG0010224,,LOC133831234_-1.9158457324993,,,,,
OG0010236,,LOC133824505_2.15373060653729,,,,,
OG0010262,,LOC133801695_2.35953494405732,,,,,
OG0010266,,LOC133782460_-2.28610458237526,,,,,
OG0010286,,LOC133831567_-1.25878395488413,,,,,
OG0010295,,LOC133790041_1.03896386122179,,,,,
OG0010296,LOC102584023_1.298672835,,,LOC101243998_1.17711550148503,,,
OG0010301,,LOC133801689_-5.21768697337781,,,,,
OG0010324,,LOC133797557_2.29397246110057,,,,,
OG0010329,,LOC133805902_1.46628075928298;LOC133780556_-4.26897483584293,,,,,
OG0010330,,LOC133802108_-1.00616595898618,,,,,
OG0010334,,LOC133777475_-1.19691347404244,,,,,
OG0010335,,LOC133797908_-1.6861000711823,,,,,
OG0010341,,LOC133831620_-1.9072587313432,,,,,
OG0010343,LOC102592181_1.796661991,,,LOC101266043_-1.53812254642455,,,LOC102591787_2.110386167
OG0010353,,LOC133817752_-1.16772598665258,,,,,
OG0010359,,LOC133821855_1.76370699985157,,,,,
OG0010370,,LOC133822131_-2.350674600915,,,,,
OG0010388,LOC102586388_-1.05499034,LOC133807017_1.17684171795193,,LOC101251665_1.76540549740628,,,
OG0010394,,LOC133834775_2.22198560334446,,,,,
OG0010396,,LOC133803184_-2.61944019053468,,,,,
OG0010397,,LOC133795038_-3.25905402310392,,,,,
OG0010402,,LOC133781386_6.20925513206992,,,,,
OG0010420,,LOC133783088_1.80902818924059,,,,,
OG0010422,,LOC133818086_3.79556079282053,,,,,
OG0010423,,LOC133789746_4.35194318490095,,,,,
OG0010424,,LOC133822525_1.45427664050928,,,,,
OG0010425,,LOC133796534_2.48313426870107;LOC133831415_-2.55067044464279;LOC133831412_-3.29652746921258;LOC133795196_2.91513148528729,,,,,
OG0010453,,LOC133796424_1.34506140297782,,,,,
OG0010458,,LOC133793925_-5.35148150062038,,,,,
OG0010461,LOC102595362_3.354818324,,,LOC101248133_1.32302348924773,,,
OG0010479,,LOC133803771_-1.05354636076099,,,,,
OG0010487,,LOC133796420_3.10433493340024,,,,,
OG0010497,,LOC133803167_1.93395396797886,,,,,
OG0010508,,,,,,LOC101256055_1.06926995050871,
OG0010511,,LOC133817148_2.24690853487661,,,,,
OG0010519,,LOC133794546_1.38989118586117,,,,,
OG0010521,LOC102583973_1.767875487;LOC102596856_4.0810912,,,LOC101258913_1.17957518145712,,,
OG0010532,,LOC133781992_1.7161734490262,,,,,
OG0010533,,LOC133790537_-1.5502491507469,,,,,
OG0010556,,LOC133777769_2.33612125161402,,,,,
OG0010562,,LOC133825040_5.52132080490701,,,,,
OG0010582,,LOC133822898_-2.21268320948191,,,,,
OG0010584,,LOC133823199_1.01524281299818,,,,MMP1_1.22781798041715,
OG0010592,,,,,,LOC101247750_3.01896116075889,
OG0010599,,LOC133803223_5.32668180716637,,,,,
OG0010614,LOC102593891_-1.187801696,LOC133790513_2.64669688335023,,LOC101256867_1.65638363724128,,,
OG0010616,LOC102582446_1.775503047;LOC102586333_2.018858837,,,LOC101257381_6.93565579918245;DMR6-1_1.64001694725664,,DMR6-1_1.42176548142466,
OG0010655,,LOC133797071_-1.5369154433205,,,,,
OG0010668,,LOC133788853_-1.36002993927494,,,,,
OG0010690,,LOC133798328_-1.08620843943946,,,,,
OG0010691,LOC102600765_-2.260127209;LOC102591644_-1.134098523,,,LOC101266827_-1.23223482553155;LOC101256391_-1.50170943097225,,,
OG0010693,,LOC133800508_1.78315380830084,,,,,
OG0010713,,LOC133803369_-2.01939475865477,,,,,
OG0010748,,LOC133805268_1.58344336764202,,,,,
OG0010751,,LOC133817705_2.59921324586452,,,,,
OG0010753,,LOC133777927_2.47671077076322;LOC133777923_1.92495060632927,,,,,
OG0010760,LOC107059889_1.522956589,,,LOC101264636_-1.05945478414697,,,
OG0010773,,LOC133790474_-1.12404111059502,,,,,
OG0010778,,LOC133834779_-1.53026765397274,,,,,
OG0010781,,LOC133797991_-1.05181451782147,,,,,
OG0010783,,LOC133783028_2.3193715915895,,,,,
OG0010787,,LOC133801266_2.18477822959186,,,,,
OG0010789,,LOC133782126_-1.79454921761163,,,,,
OG0010806,,LOC133778740_1.55151232024531,,,,LOC101255519_1.89938101844697,
OG0010812,,LOC133819052_-1.20179137495584,,,,,
OG0010835,LOC102596875_-1.000637102,,,LOC101252458_-2.05495025828874,,,LOC102584678_1.487920753
OG0010859,,LOC133797749_-1.26009543547371,,,,,
OG0010904,,,,,,LOC101246277_1.58983785501186,
OG0010911,LOC102584503_-1.999527491,,,LOC101253940_-1.09442488412353,,,
OG0010929,,LOC133802446_1.65818332473639,,,,,
OG0010933,,LOC133800531_-1.17964102055331,,,,,
OG0010935,LOC107057661_1.453740164,,,LOC101253225_-1.1051087754236,,,
OG0010936,,LOC133792804_1.1952653550409,,,,,
OG0010973,,LOC133831739_-1.02018859132271,,,,,
OG0010988,,LOC133807161_2.00895692028285,,,,,
OG0010994,,LOC133817637_-2.30531763011836,,,,,
OG0010997,,LOC133817272_1.13355488118997,,,,LOC101244095_1.08351595691985,
OG0011031,,LOC133819051_2.15102428181302,,,,LOC101245202_2.48935808298642,
OG0011035,LOC102602866_2.984350602,,,LOC101264890_-1.03793406670641,,,
OG0011042,LOC102596765_-1.627906183,LOC133824744_3.22417858922114;LOC133824743_4.03058530717186;LOC133824765_3.87624503473298,,LOC101248236_-1.85374829541964,,,LOC102594481_-1.103137892
OG0011050,LOC107060027_1.387449261,,,LOC101264862_2.05659135888743,,,
OG0011065,,LOC133789206_-6.86242893157407,,,,,
OG0011077,LOC102603330_-1.409794982,,,LOC101261669_1.37829572406055,,,
OG0011091,,LOC133807087_2.09086694101894,,,,,
OG0011093,,LOC133783773_-2.49932512247717,,,,,
OG0011094,LOC102591147_-1.445085127,,,LOC101265331_-1.19498182777296,,,
OG0011098,,LOC133797087_-1.56217821006627,,,,,
OG0011117,,LOC133804857_1.24973602046069,,,,,
OG0011120,,LOC133804492_-1.76134734221342,,,,,
OG0011126,,LOC133834827_2.88730677758104,,,,,
OG0011129,LOC107062963_1.21551247,,,AOS_3.50972850900355,,,
OG0011134,LOC102601093_-1.251708178,,,LOC101246149_2.0984649080764,,,
OG0011139,,LOC133797714_1.91563508813793,,,,,
OG0011154,,LOC133831328_-1.22939865233685,,,,,
OG0011157,,LOC133794315_3.41128101055033;LOC133817647_-2.83521908176061,,,,,
OG0011181,,,,,,LOC101247825_1.50889316095245,
OG0011188,LOC102580885_1.154116606,,,LOC101263636_-1.78020234195017,,,LOC102598354_3.215071625
OG0011262,,LOC133834821_-1.15241526393356,,,,,
OG0011270,,LOC133798068_-1.00782332952307,,,,,
OG0011283,,LOC133830254_-1.42356278091826,,,,,
OG0011303,LOC102586327_1.968186864,,,LOC101260795_-1.15035152794274,,,
OG0011308,,LOC133782708_-1.77844061878795,,,,,
OG0011309,,LOC133782736_-1.59553633958764,,,,,
OG0011310,,LOC133782801_1.44259168878325,,,,,
OG0011339,,LOC133823332_-1.04721825556973,,,,,
OG0011340,LOC102592419_2.656360732;LOC102596031_1.492376955,,,LOC101262268_-2.24417630274629;LOC101245637_-1.12932132245854,,,LOC102592404_5.605659594
OG0011363,,LOC133818997_1.35171536393225,,,,,
OG0011369,LOC102592557_1.662068192,,,LOC104645726_-1.45803133572099,,,
OG0011422,,LOC133778714_2.84575421078236,,,,,
OG0011430,,LOC133788619_-1.47219040777111,,,,,
OG0011448,,LOC133796803_1.18356427524998,,,,,
OG0011458,,LOC133778491_1.5254115432206,,,,LOC101246948_1.89275676160079,
OG0011460,,LOC133817376_1.17758386008429,,,,,
OG0011464,,,,,,LOC101244203_-2.10015880022537,
OG0011466,,LOC133817579_-1.59896450663805,,,,,
OG0011481,,LOC133831306_1.73397295704004,,,,,
OG0011495,,LOC133806396_1.9987932017042,,,,,
OG0011523,,LOC133817512_2.65409399278023,,,,,
OG0011530,,LOC133829911_-1.08674500368026,,,,,
OG0011536,,LOC133783084_5.65753430603279,,,,,
OG0011540,,,,,LOC101207912_1.45030049068124,,
OG0011547,,LOC133819899_1.28319964437071,,,,,
OG0011557,LOC102604092_2.517056451,,,LOC101252896_-1.41500102279959,,,
OG0011564,,LOC133794895_-1.87878426669274,,,,,
OG0011585,,LOC133789284_1.31735318557766,,,,,
OG0011594,,LOC133830582_-1.65420624585449,,,,,
OG0011620,LOC102583646_-1.440878363,,,LOC101249562_-1.59141626898642,,,LOC102606011_-1.091456619
OG0011647,LOC107057670_-1.146650769;LOC102580574_1.238041624,,,LOC101259743_-1.00209045518005,,,
OG0011665,,LOC133777866_1.53715944483306,,,,,
OG0011666,,LOC133778273_-1.08271275925245,,,,,
OG0011687,,LOC133822928_-1.19227541703237,,,,,
OG0011710,,LOC133803228_2.7248988753991,,,,,
OG0011711,,LOC133789172_2.5182990079927,,,,,
OG0011722,,LOC133816717_-6.1893051432378,,,,,
OG0011732,,,,,,LOC112940013_1.90588947491029,
OG0011742,,LOC133821969_4.10574995421496,,,,,
OG0011748,LOC102584874_2.001777035,,,TPS1_1.57393525770971,,,
OG0011750,,LOC133798388_4.59883773276484,,,,,
OG0011763,LOC102597952_2.215946753,,,LOC101249999_-1.06273835049284,,,
OG0011766,,LOC133788496_1.25361321842686,,,,,
OG0011769,LOC102586836_-1.61808737,,,LOC101257576_-1.47888120187416,,,
OG0011784,LOC102582421_1.902351306,,,LOC101258541_2.00302847679295,,,
OG0011792,LOC102596545_1.194390507,,,LOC101262285_-1.03248327179902,,,
OG0011798,LOC102585026_1.575840836,LOC133797333_1.25059532226996,,LOC101253257_-1.9128097001013,,,LOC102586514_2.995881641
OG0011809,,LOC133797312_-1.58297461537474,,,,,
OG0011815,,LOC133817400_2.05826859781032,,,,,
OG0011822,,,,,,LOC104646739_3.76786022576547,
OG0011824,,LOC133822760_-1.18987549545774,,,,,
OG0011839,LOC102579206_-1.053338561,LOC133807433_1.20693912479216,,LOC101252773_1.26149758333579,,,
OG0011857,,LOC133822376_2.36042121849515,,,,,
OG0011873,LOC102585581_1.15299928,,,LOC101249445_1.73574405838781,,,
OG0011894,,LOC133802981_-1.14794460875114,,,,,
OG0011900,,LOC133804214_2.75460564216405,,,,,
OG0011912,,LOC133803904_-1.16925353332651,,,,,
OG0011913,,LOC133822594_1.19458298662595,,,,,
OG0011925,,LOC133796397_1.86639154137689,,,,,
OG0011965,,LOC133784975_-3.44470449752173,,,,,
OG0011980,,LOC133797078_1.43115751419672,,,,,
OG0011996,,LOC133796581_1.18983174233175,,,,,
OG0012003,,LOC133794325_-1.14286181006318,,,,,
OG0012013,,LOC133817346_-1.02291562283221,,,,,
OG0012048,,LOC133778194_-1.08686342221671,,,,,
OG0012049,,LOC133777845_1.00662956609572,,,,,
OG0012058,,,,,LOC101205087_-1.19743085974451,,
OG0012059,,LOC133834293_-1.65494918175782,,,,,
OG0012077,LOC102586126_-1.848310613,,,LOC101255645_-1.21884651822001,,,
OG0012096,LOC102588672_-1.960973099,,,LOC101258487_1.15182370093716,,,
OG0012127,,,,,,LOC101264778_1.45936807456774,
OG0012130,,LOC133797921_1.36130568661033,,,,,
OG0012139,,LOC133834379_1.5821571210497,,,,,
OG0012158,,LOC133783065_-1.25080159141476,,,,,
OG0012162,,LOC133823360_-1.37874868889734,,,,,
OG0012176,,LOC133802087_1.21188032567751,,,,,
OG0012177,,LOC133798740_1.91008980299848,,,,,
OG0012191,,LOC133782461_-1.35206641679118,,,,,
OG0012203,,LOC133830633_-1.05634087914643,,,,,
OG0012209,LOC102582290_1.041339923,,,LOC101256154_-1.57144561781425,,,LOC102587059_4.997187346
OG0012221,,LOC133821966_1.5813213818807,,,,,
OG0012247,,LOC133790371_-1.84521606355879,,,,,
OG0012248,,LOC133790362_-1.34929463987283,,,,,
OG0012276,,LOC133819337_-1.2273119718378,,,,,
OG0012286,LOC102586923_1.074418319,,,LOC543872_-1.56772699951987,,,CKX4_3.341936881
OG0012313,,LOC133790258_2.76495094719383,,,,,
OG0012325,,LOC133801498_5.11183538591399,,,,,
OG0012336,,LOC133817967_1.98168438772399,,,,,
OG0012351,LOC102580010_1.022937871,,,LOC101246133_1.20849698717636,,,
OG0012357,,LOC133785252_2.63747753388094,,,,,
OG0012360,,,,,,LOC101249967_1.19162321341319,
OG0012367,LOC102579296_1.037215155;LOC102590378_1.905968702,,,LOC101259210_1.30274727408667,,,
OG0012379,,,,,,LOC101246495_1.346855191745,
OG0012390,,LOC133794482_-1.2412121660883,,,,,
OG0012395,,,,,,LOC101246521_1.38759202738198,
OG0012423,,,,,,ACAT4_1.20113147955445,
OG0012443,,LOC133824032_-1.2104291334476,,,,,
OG0012448,,,,,LOC101202821_-1.7311214010205,,
OG0012468,LOC102586012_2.767606393,,,LOC101254964_1.20221707126688,,,
OG0012471,,,,,,PTI5_1.80510716345957,
OG0012484,,LOC133784353_3.33074263135343,,,,,
OG0012486,,LOC133792199_1.61786621966809,,,,,
OG0012491,,LOC133791929_-1.895544406664,,,,,
OG0012519,,LOC133798179_1.1353073619154,,,,,
OG0012536,,,,,,LOC101260430_-1.02708976369563,
OG0012574,,LOC133788965_-1.48912627649548,,,,,
OG0012586,,LOC133794284_-1.08364599462843,,,,,
OG0012597,,LOC133797199_2.72216799426155,,,,ACO5_4.20076314565952,
OG0012598,,LOC133812760_-1.15201802070525,,,,,
OG0012608,,LOC133789157_-1.59783749365047,,,,,
OG0012614,,LOC133831289_2.82416188079321,,,,,
OG0012619,,LOC133800986_-1.07698576188556,,,,,
OG0012654,,LOC133777729_-2.12473281732368,,,,,
OG0012660,,LOC133777785_-1.71236365335418,,,,,
OG0012662,,LOC133801405_-1.30522179569846,,,,,
OG0012668,LOC102587289_2.263130854,,,LOC101252337_-2.2501761048699,,,LOC102601102_2.664006548
OG0012673,LOC102604346_-1.451654257,,,ABCG4_-1.73529239784182,,,LOC102590263_1.049765996
OG0012678,,LOC133822604_-1.96831021877502,,,,,
OG0012680,,,,,,LOC101248432_-1.30805018926536,
OG0012699,,LOC133829785_-1.39724073339838,,,,,
OG0012702,,LOC133778030_-1.11316557003626,,,,,
OG0012719,LOC102603394_-1.671436517,,,LOC101261332_-1.17264416085529,,,
OG0012726,,LOC133817152_1.37126529535001,,,,,
OG0012742,,LOC133798129_4.74741464774758,,,,,
OG0012743,,LOC133805631_-1.80042756961666,,,,,
OG0012765,,LOC133797035_-1.28465084522271,,,,,
OG0012766,LOC102602357_1.378095884,,,LOC101265936_1.09442069746691,,,
OG0012782,,LOC133797508_1.21949232494698,,,,,
OG0012792,,LOC133801675_1.13595783410092,,,,,
OG0012793,,,,,,LOC101259504_1.08988396961677,
OG0012797,,LOC133801646_-1.80682027185171,,,,,
OG0012804,,LOC133822743_-1.89290207452032,,,,,
OG0012810,,LOC133796813_-1.11294282629302,,,,,
OG0012811,,,,,,LOC101252202_-2.30222780881804,
OG0012820,,LOC133830702_-1.2156275443959,,,,,
OG0012835,,LOC133790760_-2.07729097678325,,,,,
OG0012845,LOC102601616_-2.326879977,LOC133817597_5.86501556567665,,LOC544276_-1.9536907822456,,,LOC107062931_2.410055539
OG0012886,LOC102602059_1.13132286;LOC102586488_-1.790183172,,,LOC101254720_-2.03681094166104;CYP707A2_-1.15884842561075,,CYP707A2_1.84699626023986,LOC102583310_2.741940041
OG0012903,,LOC133818921_1.89696274034692,,,,,
OG0012914,,LOC133816991_-1.26993225850433,,,,,
OG0012925,,LOC133817698_-2.03345630033508,,,,,
OG0012931,,LOC133796810_1.96969917863121,,,,,
OG0012938,,,,,,LOC101256329_-1.20365231305626,
OG0012966,,LOC133822268_-1.42521710173653,,,,,
OG0012981,,LOC133830453_1.63885074124959,,,,,
OG0012986,,,,,,LOC101258632_3.2790645908015;LOC101258926_4.69826641619308;XTH3_4.88190384347427,
OG0013009,,LOC133778825_1.88359554028809,,,,,
OG0013024,,LOC133832034_2.14850494513116,,,,,
OG0013026,,LOC133821859_1.24912864118909,,,,,
OG0013038,,LOC133796919_2.74518005383177,,,,,
OG0013039,,LOC133800942_1.25902077603971,,,,LOC101246876_1.50537727340571,
OG0013047,,LOC133795510_-1.340484144709,,,,,
OG0013054,LOC102595256_1.111408706,,,LOC101256083_1.28916250551096,,LOC101256083_1.40684847250612,
OG0013065,,LOC133797436_2.84967435369178,,,,,
OG0013068,,LOC133795456_-3.79464702983823,,,,,
OG0013073,,LOC133803131_-2.22291131446617,,,,,
OG0013109,,LOC133814452_-4.19816548297271,,,,,
OG0013111,,LOC133819296_-1.88614727373313,,,,,
OG0013123,LOC102595172_-1.297845384,LOC133800823_-1.95700201547115,,LOC101257186_-1.88865675037921,,,LOC102601909_-1.393267175
OG0013153,LOC102579545_1.38441188,,,LOC101254421_-1.02179077787366,,,
OG0013171,,LOC133805393_-1.46081019136602,,,,,
OG0013173,,LOC133794688_1.23003143739372,,,,,
OG0013176,,LOC133829884_-1.7658748008428,,,,,
OG0013183,,LOC133831152_1.59952845597543,,,,,
OG0013198,,LOC133788845_-1.04149161597049,,,,,
OG0013202,,,,,,LOC101266965_2.21193966361687,
OG0013223,,LOC133819593_-1.69883192304631,,,,,
OG0013224,,LOC133798061_2.19500816522021,,,,,
OG0013228,,LOC133807233_-1.40338272705392,,,,LOC101263124_-1.01512701494957,
OG0013229,,LOC133804825_-1.66940140487039,,,,,
OG0013232,,LOC133793294_-1.25840307497245,,,,,
OG0013236,,,,,,LOC101258159_-1.15769776953496,
OG0013278,,LOC133797277_-1.02437784050533,,,,,
OG0013333,,,,,LOC105434823_1.52031260031878,,
OG0013349,,LOC133823723_-1.78933774747294,,,,,
OG0013377,LOC102587206_-1.087312934,,,LOC101253559_1.02388710666083,,,
OG0013390,,LOC133809060_-1.27978689365361,,,,,
OG0013406,,LOC133817614_-1.84617260586725,,,,,
OG0013410,,LOC133824122_-1.29151303757425,,,,,
OG0013413,LOC107060346_1.820268577,,,LOC101245871_-1.12113258931855,,,
OG0013416,,,,,,LOC101265946_1.84965257273937,
OG0013454,,LOC133797198_2.28716202700949,,,,,
OG0013461,,LOC133777596_-3.49720993423491,,,,,
OG0013470,,LOC133807415_1.99038527213334,,,,,
OG0013488,LOC102583964_-1.285370457,,,LOC101262919_-1.63448566777403,,,LOC102590599_1.469033284
OG0013499,,LOC133804735_1.30064253066148,,,,,
OG0013511,LOC102578242_-1.577390318,,,LOC101263204_1.82517047923487,,LOC101266042_2.87344140154951,
OG0013540,,LOC133798087_2.06704182971829,,,,LOC101247995_1.12525671470334,
OG0013548,,LOC133790261_-1.90045811985547,,,,,
OG0013554,LOC102598575_-2.148234481,,,FBA6_-2.48761888304847,,,LOC102597840_4.660403614
OG0013560,,LOC133807123_1.09513463667491,,,,,
OG0013573,,LOC133818729_1.80671648148695,,,,,
OG0013611,,LOC133805266_-1.46335495690755,,,,,
OG0013616,,LOC133824879_-1.55421910573256,,,,,
OG0013670,,LOC133830470_1.10753995655469,,,,,
OG0013693,,LOC133823886_-1.8710017427016,,,,,
OG0013726,,,,,,LOC109119113_1.4029542801741,
OG0013739,,LOC133830464_-2.98888711605112,,,,,
OG0013745,LOC102596343_1.153721033,,,LOC101244314_1.12815271648428,,,
OG0013792,,LOC133824006_-1.58024088269852,,,,,
OG0013795,LOC102597674_-1.590751439,,,SBT2_-1.29454971061126,,,
OG0013796,,LOC133777654_-1.59863451674322,,,,,
OG0013815,,LOC133790916_-1.09202474476331,,,,,
OG0013827,,LOC133807249_1.03016189695188,,,,,
OG0013837,,LOC133801500_3.62428826855673,,,,,
OG0013840,,LOC133818856_-1.34151328425809,,,,,
OG0013845,,LOC133778540_-1.98749706414161,,,,,
OG0013849,,LOC133777929_-3.61779771270058,,,,,
OG0013899,,LOC133822039_-1.2725729902979,,,,,
OG0013903,,LOC133829902_-1.43855093889844,,,,,
OG0013919,,,,,,LOC104646926_3.36628768281038,
OG0013924,,LOC133830189_6.37015822355052;LOC133830192_2.84072118025038;LOC133830193_4.63070434429226;LOC133830191_7.31374637162338,,,,,
OG0013925,,LOC133797958_-2.48654801313943,,,,,
OG0013946,LOC102591815_-1.41178536,,,LOC101251185_1.2333647707292,,,
OG0013947,LOC107060673_1.19417461,LOC133824302_5.36057326923662,,GAD3_-1.2625245204975,,,
OG0013948,,LOC133794486_2.04015920872628,,,,,
OG0013978,,LOC133826138_-2.79956865937606,,,,,
OG0013984,,LOC133818084_5.94110487120038,,,,,
OG0013992,,,,,,LOC100134881_2.41029485099096,
OG0014017,,LOC133790507_3.48389703959347,,,,,
OG0014061,,LOC133794748_-1.09450754051215,,,,,
OG0014098,,LOC133798546_-1.64467811220515,,,,,
OG0014105,,LOC133834783_1.45463365853983,,,,,
OG0014108,,LOC133794876_1.1481725261632,,,,,
OG0014110,,LOC133801560_3.62970416852226,,,,,
OG0014114,,LOC133797416_-1.24354196209422,,,,,
OG0014119,,LOC133804639_5.04758963366552,,,,,
OG0014151,LOC102584686_-1.104110557,,,LOC101246680_1.12782025373186,,,
OG0014178,,LOC133798170_-1.12358247129557,,,,,
OG0014188,,LOC133823282_1.05602551461463,,,,,
OG0014191,,LOC133834625_-3.20565915166548,,,,,
OG0014202,LOC107058428_-2.730328772,,,LOC101267915_-1.33479158262109,,,
OG0014218,,LOC133784576_3.1080122716609;LOC133781526_2.86404948597649,,,,,
OG0014243,LOC102601018_1.18025809,,,LOC101256439_1.22671255064487,,,
OG0014244,LOC102586960_1.081612748,,,LOC104645681_2.30524473240259,,,
OG0014250,,LOC133794316_4.19508160810834,,,,,
OG0014267,LOC102578765_-1.224926685,,,LOC101255509_1.46079739188542,,LOC101255509_1.3666520496253,
OG0014274,,LOC133822115_1.53901359552425,,,,,
OG0014279,,LOC133830440_1.68912645638971,,,,,
OG0014286,,LOC133778271_-1.63783457370213,,,,,
OG0014297,,LOC133817743_-2.25996388979566,,,,,
OG0014347,LOC102603100_1.042318906;LOC102597769_1.058001845,,,LOC101248557_-2.12389371436691;LOC101251577_-1.74216186966071,,,LOC102593559_2.686876374;LOC102596278_2.119989644
OG0014373,,LOC133778110_1.21830975025816,,,,,
OG0014374,,LOC133800916_-1.25835093454181,,,,,
OG0014415,LOC102580681_1.015530519,,,LOC101243873_2.7741886189863,,,
OG0014428,,LOC133822783_-1.56384551189956,,,,,
OG0014433,LOC102589657_1.203352986,,,LOC101245995_-1.65466152027931,,,LOC102581364_2.395674172
OG0014462,,LOC133790956_1.91880180153652,,,,,
OG0014511,,LOC133822910_-4.99931276047294,,,,,
OG0014513,,LOC133818205_3.15368972212737,,,,,
OG0014515,,LOC133800762_5.47393403650297,,,,,
OG0014544,,LOC133790423_4.79738081983067,,,,,
OG0014556,,LOC133805085_1.24353030580794,,,,,
OG0014565,,LOC133801977_-1.05620225308083,,,,,
OG0014611,,LOC133801502_5.44993932908369,,,,,
OG0014642,,LOC133782251_-1.29627540257544,,,,,
OG0014652,,LOC133829621_-1.1744193580445,,,,,
OG0014685,,LOC133798121_1.85128919210083,,,,,
OG0014703,,LOC133791191_-1.17111639801086,,,,,
OG0014741,,LOC133789063_-4.53784911962711,,,,,
OG0014744,LOC102594596_1.312454841,,,PIN6_-2.18833742739286,,,LOC102579029_2.993866782
OG0014749,,LOC133824818_3.63666810069112,,,,,
OG0014773,,LOC133815312_5.61800157831121,,,,,
OG0014782,,LOC133783288_2.70512289624381;LOC133783294_3.76920244601748;LOC133785935_4.22741150110803;LOC133786064_1.19712688929779;LOC133783287_2.37106046775344,,,,,
OG0014801,LOC102605039_1.781680086,,,SFP5_-1.28281928524607,,,
OG0014809,,LOC133830197_-3.73635183412744,,,,,
OG0014836,LOC107059806_-3.231226371,LOC133791166_2.05536163607037,,LOC101266865_1.57577569032969,,,
OG0014902,,LOC133830520_1.07496098849698,,,,,
OG0014928,,LOC133790670_4.91529436533462,,,,,
OG0014974,,LOC133797346_1.18302883065393,,,,,
OG0014992,,LOC133801612_-3.10212454046194,,,,,
OG0015008,,LOC133803864_3.02256670139376,,,,,
OG0015043,,LOC133805433_2.46040873860172,,,,,
OG0015047,,LOC133804222_6.03613215634159,,,,,
OG0015053,,LOC133817187_1.08361686594426;LOC133812874_1.27926230560188,,,,,
OG0015113,,LOC133812651_1.65375285278785,,,,,
OG0015177,,LOC133825234_-1.75952415277648,,,,,
OG0015204,,LOC133783152_-1.20771417418673,,,,,
OG0015222,LOC102585934_-1.349655521,,,LOC112942159_1.26519758765258,,,
OG0015247,,LOC133819307_5.08821442293968,,,,,
OG0015291,,LOC133799861_6.96024529377394;LOC133803697_2.41090155394185,,,,,
OG0015311,,,,,,LOC101267530_1.07146622805998,
OG0015323,,LOC133804185_2.90184430080935,,,,,
OG0015363,,LOC133825159_-3.35900918713247,,,,,
OG0015366,,LOC133777943_1.32056271542554,,,,,
OG0015367,,LOC133834235_-7.51128386441656;LOC133834240_-5.82168294549332,,,,,
OG0015371,,LOC133797388_-1.17111506083376,,,,,
OG0015407,LOC102578510_-2.149947715,,,LOC101265155_2.76020153347615,,LOC101264847_1.67019402711275;LOC101265155_5.43625259845801;AADC1A_2.75001579170754,
OG0015484,,LOC133803554_-6.43821247366921,,,,,
OG0015648,,LOC133801304_-1.52953180748141,,,,,
OG0015664,,LOC133821087_5.50833974034429,,,,,
OG0015680,,LOC133778583_1.25118271047473,,,,,
OG0015709,,,,,LOC101210966_1.90846986514455,,
OG0015715,,LOC133806810_4.1590848664552,,,,,
OG0015717,,LOC133822588_-1.11832980873188,,,,,
OG0015719,,LOC133790559_-2.57343320154575,,,,,
OG0015723,,LOC133831806_-7.93556144636308,,,,,
OG0015728,,LOC133793714_-4.99973011602683,,,,,
OG0015729,,LOC133781683_6.94587645671672;LOC133781682_5.65943214332017;LOC133784653_4.2402690644411,,,,,
OG0015780,,LOC133798212_-2.30191264138323,,,,,
OG0015905,LOC102588210_1.382131565,,,LOC101244537_1.51698253212311,,,
OG0016127,,LOC133831913_2.03105092989604,,,,,
OG0016136,,LOC133780271_-8.28627140588086,,,,,
OG0016172,LOC102579740_3.197866351,,,LOC101255441_1.17910650580988,,,
OG0016333,,LOC133817252_1.64634482500657,,,,,
OG0016387,,LOC133830236_-1.9095663602368,,,,,
OG0016416,,LOC133790599_-1.74169147202064,,,,,
OG0016423,,LOC133778358_2.53113869279825,,,,,
OG0016430,,LOC133823102_-3.57144613871008;LOC133799852_2.04908583465744,,,,,
OG0016479,,LOC133834845_1.56967532214657,,,,,
OG0016487,LOC102588817_1.040303911,,,LOC101255341_2.50476816312129,,,
OG0016510,LOC102596080_1.475818419,,,LOC104644917_-1.3360219398655,,,
OG0016561,,LOC133795970_-4.41060776656018;LOC133831178_-3.24090750563831,,,,,
OG0016568,,LOC133783407_5.51456345699415;LOC133783413_6.45856501012982,,,,,
OG0016576,,LOC133788239_5.85663429526818,,,,,
OG0016578,,LOC133800743_3.73849571417327,,,,,
OG0016579,,LOC133801338_2.93194885434228,,,,,
OG0016581,,LOC133793873_-6.29424082338246,,,,,
OG0016636,,,,,,THT1-4_2.0312405034694;LOC101266542_1.3733794283776,
OG0016637,,,P69B_4.26488564993999,,,,
OG0016801,LOC102589128_1.111347418,,,LOC101260824_-1.27425158149714,,,
OG0017136,LOC102606038_-1.414766197,,,LOC101246172_-2.09613926589859,,,LOC102588672_1.978766904
OG0017148,,LOC133822784_-1.28620573953118,,,,,
OG0017151,,LOC133814341_-2.11679871035888,,,,,
OG0017155,,LOC133818848_-3.43989103132216,,,,,
OG0017158,,LOC133823754_-2.45773978655544,,,,,
OG0017164,,LOC133782038_1.07863515557501,,,,,
OG0017229,,,,,,LOC101255381_1.02811280779967,
OG0017230,LOC102595219_-1.148831871,,,ASH1_-1.26418265220614,,,
OG0017324,,LOC133801627_1.74446609811998,,,,,
OG0017327,,LOC133834359_1.14609001719106,,,,,
OG0017330,,,,,,LOC101247331_1.00020030016907,
OG0017444,,,,,,LOC101248095_1.67533681349919,
OG0017684,,LOC133823297_-1.42372663377625,,,,,
OG0017735,,LOC133795423_-1.35746526487538,,,,,
OG0017911,,LOC133799735_2.64965817144524,,,,,
OG0017914,,LOC133785614_4.72383000396052,,,,,
OG0017916,,LOC133791290_3.73515396427883;LOC133791287_2.4601250845668;LOC133791291_2.18903497246123,,,,,
OG0017919,,LOC133792782_3.76784608687268;LOC133792779_2.08394838896162;LOC133791764_1.57786473237227;LOC133791770_4.42569100990656;LOC133792780_1.85163287906536,,,,,
OG0017921,,LOC133788923_5.86875430494746,,,,,
OG0017922,,LOC133797790_2.60092389353422,,,,,
OG0017925,,LOC133805170_-1.83539460867274,,,,,
OG0018041,LOC102579740_3.197866351,,,LOC101255441_1.17910650580988,,,
OG0018056,,,,,,LOC104646926_3.36628768281038,
OG0018058,,,,,,LOC138348481_1.08235866474875,
OG0018060,,,,,,LOC101260100_3.66209522659926,
OG0018108,LOC102605728_1.836975167,,,LOC101260872_1.30985938820714,,,
OG0018235,,LOC133793715_-2.27941073521906,,,,,
OG0018728,,LOC133790942_-1.67338096432758,,,,,
OG0018905,,,,,LOC105436127_-4.79770354217543,,
OG0018944,,,,,LOC101206992_-1.32838155404087,,
OG0018959,,LOC133793676_2.41193466403772,,,,,
OG0018971,,LOC133824588_-1.94753615565915,,,,,
OG0018972,,LOC133824565_-2.98711054782054,,,,,
OG0018975,,LOC133834167_7.12553575315252,,,,,
OG0018977,,LOC133777615_-1.35932652267512,,,,,
OG0018984,,LOC133798088_2.90221073467441,,,,,
OG0019143,,,,,,LOC101255079_2.35444604643791,
OG0019150,LOC102600588_1.620317658,,,LOC104648079_1.01582909109525,,,
OG0019260,,LOC133781835_-1.17656685711729,,,,,
OG0019267,,LOC133788375_-1.05932349206227,,,,,
OG0019842,,,,,,LOC101250259_1.23957333693853,
OG0020565,,LOC133815743_4.87909504082039;LOC133815742_5.23477940686183;LOC133815739_2.64507364727488,,,,,
OG0020576,,LOC133824719_-3.45103917055519,,,,,
OG0020582,,LOC133834567_-2.48640358328693;LOC133778908_-3.27136525587132,,,,,
OG0020589,,LOC133781932_3.28722032039736,,,,,
OG0020590,,LOC133782029_5.28243451102982;LOC133782024_6.40138656799884,,,,,
OG0020597,,LOC133797886_1.34260979830117;LOC133797885_1.2421155702262,,,,,
OG0020599,,LOC133800516_5.27946313518638,,,,,
OG0020849,,,,,,LOC543740_1.95360750233469,
OG0020866,LOC102582471_-1.068802756,,,LOC104645672_1.3207218515613,,,
OG0020881,,,,,,LOC101244774_-2.48200428273971,
OG0023187,,LOC133782513_4.99605160463145,,,,,
OG0023665,,LOC133816921_6.46401771548875;LOC133816919_5.37263894832972,,,,,
OG0023671,,LOC133818669_-3.02899987045461,,,,,
OG0023674,,LOC133798520_-1.43668469445297,,,,,
OG0023679,,LOC133821165_4.97162118687637,,,,,
OG0023687,,LOC133824695_-1.17997874447666,,,,,
OG0023689,,LOC133829561_-1.22250215370387,,,,,
OG0023727,,LOC133794928_1.56454797511561,,,,,
OG0023729,,LOC133796536_1.47719263916794,,,,,
OG0023732,,LOC133797785_-8.80749241865776,,,,,
OG0023734,,LOC133802617_3.55961311953472,,,,,
OG0024133,,,,,,LOC101255977_2.49673922140928,
OG0024340,,LOC133797369_1.92699534846479,,,,,
OG0025826,,LOC133824966_1.96727238564838,,,,,
OG0027464,,LOC133832619_5.12941522088795,,,,,
OG0028098,,LOC133829412_-2.03815035339672,,,,,
OG0028132,,LOC133779812_-4.5054798649093,,,,,
OG0028313,,,,,LOC101208220_-1.1130369487883,,
OG0028378,,LOC133802570_6.87554687613716,,,,,
OG0028385,,LOC133778972_-5.52641184422593,,,,,
OG0028441,,LOC133824298_1.79285153638337,,,,,
OG0028446,,LOC133829801_-3.77607535723694,,,,,
OG0028458,,LOC133829210_-4.23683167811961,,,,,
OG0028460,,LOC133832823_1.46891688886034,,,,,
OG0028465,,LOC133831586_5.48140071501545;LOC133833140_4.34740628190644,,,,,
OG0028483,,LOC133778530_-1.21156945059207,,,,,
OG0028498,,LOC133782565_1.35797002828896,,,,,
OG0028505,,LOC133782928_2.27116850406752,,,,,
OG0028534,,LOC133797749_-1.26009543547371,,,,,
OG0028537,,LOC133795750_-1.30110364869499,,,,,
OG0028539,,LOC133801501_3.7889364118378;LOC133802034_1.30534220703666,,,,,
OG0028542,,LOC133800682_2.53300141005342,,,,,
OG0028564,,LOC133805342_-4.76865608355991,,,,,
OG0030012,,,,,,LOC101256566_-1.20053027936774,
OG0030040,LOC102598017_-1.217899605,,,LOC101253178_1.89815651985636,,,
OG0030042,LOC102584168_-1.15741186,,,LOC112941338_-1.2998039132898,,,
OG0030050,,,,,,LOC138348340_1.9902034688307;LOC104647144_4.02842569783534,
OG0030111,LOC102594824_2.655459163,,,LOC101244962_1.11857856144071,,,
OG0030130,,,,,,LOC104648613_3.14165291617158,
OG0030142,,,LOC101244399_4.78436545899669,,,,
OG0030166,,,,,,LOC101251337_-1.11493315108293,
OG0030189,,,,,,LOC101253556_1.71154109378807,
OG0030193,,,,,,LOC101249149_1.70928010314069,
OG0030198,LOC107061295_1.205208454,,,LOC101253458_4.70354082470419,,,
